{"type":"FeatureCollection","features":[{"type":"Feature","properties":{"nama":"Balen"},"geometry":{"type":"Polygon","coordinates":[[[111.983145,-7.15539],[111.983175,-7.156025],[111.983595,-7.157205],[111.984385,-7.15905],[111.98469,-7.159955],[111.98483,-7.16093],[111.98469,-7.162075],[111.984325,-7.16301],[111.983595,-7.163755],[111.98283,-7.16438],[111.98185,-7.164865],[111.980585,-7.16504],[111.979615,-7.164825],[111.97882,-7.16432],[111.978325,-7.16366],[111.97784,-7.162625],[111.97767,-7.161555],[111.977755,-7.16056],[111.97798,-7.159325],[111.97835,-7.15813],[111.979095,-7.15639],[111.97963,-7.154245],[111.97976,-7.15347],[111.979955,-7.15201],[111.980025,-7.150965],[111.979965,-7.15012],[111.979725,-7.149075],[111.97937,-7.14814],[111.97882,-7.14696],[111.97829,-7.145975],[111.97735,-7.14464],[111.976675,-7.14373],[111.9756,-7.1426],[111.97461,-7.14158],[111.97299,-7.14005],[111.971765,-7.139015],[111.970965,-7.13835],[111.97008,-7.137815],[111.96928,-7.137565],[111.96848,-7.13748],[111.96598,-7.1376],[111.96505,-7.13758],[111.96435,-7.137435],[111.96346,-7.13714],[111.96231,-7.13639],[111.96175,-7.13583],[111.960485,-7.134715],[111.959725,-7.134125],[111.958475,-7.13332],[111.957645,-7.13292],[111.95644,-7.132485],[111.95448,-7.131935],[111.953535,-7.13173],[111.95272,-7.131815],[111.952025,-7.13224],[111.95142,-7.133015],[111.950855,-7.133515],[111.950405,-7.134165],[111.94998,-7.135065],[111.94974,-7.13591],[111.948965,-7.138035],[111.94882,-7.138805],[111.94856,-7.13995],[111.9484,-7.140745],[111.94804,-7.141775],[111.94784,-7.142195],[111.947225,-7.14429],[111.94661,-7.146475],[111.945825,-7.148595],[111.944895,-7.15104],[111.94434,-7.152135],[111.943665,-7.153255],[111.942565,-7.15489],[111.94141,-7.15617],[111.940635,-7.15691],[111.93965,-7.157615],[111.94013,-7.157785],[111.940785,-7.157945],[111.941125,-7.157995],[111.94212,-7.157935],[111.94254,-7.157925],[111.94314,-7.157825],[111.94358,-7.15709],[111.94375,-7.157],[111.943945,-7.15702],[111.94415,-7.15722],[111.94416,-7.15739],[111.94401,-7.157925],[111.943955,-7.158435],[111.943825,-7.15878],[111.943565,-7.1591],[111.943205,-7.15921],[111.942715,-7.15918],[111.94154,-7.159045],[111.94114,-7.159015],[111.9395,-7.15899],[111.93929,-7.159055],[111.93902,-7.15928],[111.939025,-7.159685],[111.93955,-7.160045],[111.939935,-7.16002],[111.940525,-7.15978],[111.94148,-7.159865],[111.94187,-7.15996],[111.942405,-7.1602],[111.942585,-7.1605],[111.94239,-7.160475],[111.94253,-7.160815],[111.94254,-7.16126],[111.94232,-7.16177],[111.942085,-7.162115],[111.941625,-7.16271],[111.941305,-7.162965],[111.940925,-7.16301],[111.94067,-7.16292],[111.940395,-7.162715],[111.940175,-7.16205],[111.939855,-7.16173],[111.939595,-7.16167],[111.93933,-7.16171],[111.93866,-7.162025],[111.938305,-7.16206],[111.938045,-7.161955],[111.937875,-7.161775],[111.937775,-7.161545],[111.937625,-7.16094],[111.937525,-7.160705],[111.937075,-7.16012],[111.93526,-7.1609],[111.93541,-7.16091],[111.935585,-7.16119],[111.935985,-7.16151],[111.937345,-7.162235],[111.93846,-7.16287],[111.939315,-7.163255],[111.93942,-7.16338],[111.93962,-7.163795],[111.93979,-7.16431],[111.940095,-7.164685],[111.940525,-7.1649],[111.9408,-7.164875],[111.94096,-7.16478],[111.941345,-7.164435],[111.941635,-7.16428],[111.941935,-7.164305],[111.942255,-7.164565],[111.942415,-7.16483],[111.94249,-7.165055],[111.942525,-7.165405],[111.94246,-7.16564],[111.942215,-7.165835],[111.94174,-7.16592],[111.941505,-7.166055],[111.9413,-7.16635],[111.941275,-7.166625],[111.9413,-7.166945],[111.941245,-7.16722],[111.94104,-7.167515],[111.940695,-7.167715],[111.940245,-7.167765],[111.93995,-7.16772],[111.93956,-7.1676],[111.93927,-7.16743],[111.9389,-7.16713],[111.93857,-7.16678],[111.938495,-7.166555],[111.93848,-7.166],[111.938445,-7.16579],[111.93832,-7.16563],[111.937735,-7.165345],[111.93749,-7.165155],[111.937385,-7.164705],[111.93721,-7.16426],[111.93707,-7.16401],[111.93689,-7.163915],[111.93634,-7.16379],[111.93596,-7.16374],[111.93576,-7.16375],[111.93555,-7.16385],[111.93532,-7.16404],[111.934805,-7.164885],[111.9347,-7.165025],[111.93422,-7.16553],[111.934035,-7.16576],[111.933985,-7.166005],[111.934205,-7.16636],[111.93456,-7.1666],[111.935135,-7.16677],[111.93559,-7.166875],[111.93598,-7.167025],[111.93631,-7.167055],[111.93678,-7.166945],[111.936995,-7.16694],[111.93786,-7.167105],[111.93805,-7.16726],[111.938395,-7.16769],[111.93917,-7.168345],[111.93928,-7.168595],[111.939345,-7.1692],[111.93956,-7.169905],[111.939585,-7.170095],[111.939545,-7.170535],[111.93936,-7.17099],[111.938715,-7.17154],[111.93865,-7.17183],[111.938845,-7.17224],[111.939055,-7.1724],[111.939585,-7.17263],[111.93993,-7.17273],[111.939995,-7.172875],[111.939815,-7.17306],[111.939415,-7.173175],[111.939235,-7.17332],[111.93922,-7.173595],[111.93966,-7.17396],[111.93987,-7.17421],[111.939975,-7.174595],[111.9399,-7.17477],[111.9397,-7.17492],[111.939065,-7.175175],[111.938785,-7.17536],[111.93872,-7.17552],[111.938795,-7.175795],[111.939095,-7.176085],[111.93923,-7.17613],[111.9395,-7.17612],[111.94024,-7.176015],[111.94048,-7.176035],[111.94081,-7.17636],[111.940995,-7.176595],[111.941225,-7.176725],[111.94183,-7.176835],[111.942085,-7.17694],[111.942585,-7.17686],[111.942915,-7.17688],[111.94311,-7.177035],[111.943245,-7.1773],[111.943245,-7.177525],[111.942945,-7.178045],[111.9429,-7.17834],[111.943285,-7.178655],[111.94341,-7.178825],[111.94352,-7.17921],[111.944115,-7.180285],[111.94412,-7.18051],[111.94403,-7.180895],[111.94405,-7.181095],[111.94415,-7.181385],[111.94436,-7.18174],[111.94441,-7.18193],[111.94428,-7.18226],[111.94414,-7.18235],[111.94378,-7.18248],[111.942925,-7.18286],[111.94278,-7.182885],[111.942255,-7.18282],[111.94205,-7.18285],[111.94176,-7.18303],[111.94167,-7.18322],[111.941735,-7.183635],[111.94181,-7.18384],[111.942055,-7.184245],[111.942345,-7.18438],[111.94249,-7.18434],[111.94288,-7.18412],[111.943155,-7.184065],[111.94343,-7.18407],[111.943845,-7.184225],[111.94421,-7.184425],[111.944355,-7.18459],[111.94445,-7.18496],[111.94443,-7.18521],[111.94434,-7.18569],[111.944195,-7.18595],[111.94377,-7.18604],[111.943475,-7.18595],[111.94288,-7.18556],[111.94262,-7.185555],[111.942475,-7.18563],[111.942305,-7.185955],[111.94233,-7.18619],[111.94219,-7.18643],[111.94221,-7.1866],[111.94283,-7.187275],[111.942845,-7.18744],[111.942625,-7.18781],[111.94191,-7.18815],[111.94172,-7.18814],[111.941055,-7.187665],[111.94082,-7.18771],[111.94063,-7.187865],[111.940605,-7.187965],[111.940895,-7.18835],[111.94107,-7.188745],[111.94124,-7.18934],[111.94119,-7.18967],[111.94065,-7.1903],[111.94027,-7.19068],[111.94007,-7.19078],[111.93983,-7.19081],[111.93925,-7.1908],[111.93878,-7.19075],[111.9384,-7.1915],[111.93831,-7.19214],[111.93827,-7.19335],[111.938205,-7.19368],[111.93851,-7.1943],[111.93902,-7.19427],[111.939145,-7.1943],[111.94004,-7.194405],[111.940525,-7.194625],[111.940795,-7.194885],[111.940905,-7.19509],[111.94096,-7.195325],[111.94092,-7.195615],[111.940795,-7.195675],[111.940295,-7.19568],[111.93988,-7.195395],[111.93952,-7.195075],[111.93921,-7.19474],[111.93905,-7.194635],[111.938735,-7.19452],[111.938265,-7.19455],[111.93794,-7.194765],[111.937865,-7.19492],[111.93788,-7.195265],[111.93794,-7.195425],[111.93832,-7.195895],[111.938425,-7.196175],[111.938455,-7.196555],[111.93832,-7.19683],[111.93797,-7.1969],[111.93756,-7.196775],[111.93736,-7.196665],[111.937125,-7.19638],[111.93705,-7.195985],[111.936995,-7.195275],[111.936905,-7.194965],[111.936415,-7.19442],[111.93609,-7.19447],[111.93605,-7.19489],[111.93596,-7.19516],[111.93583,-7.19535],[111.93559,-7.19558],[111.93546,-7.19577],[111.93542,-7.19618],[111.93551,-7.19641],[111.93604,-7.19712],[111.93621,-7.1982],[111.93652,-7.19941],[111.93644,-7.199885],[111.936195,-7.200155],[111.93586,-7.20021],[111.935495,-7.2002],[111.935105,-7.200285],[111.93499,-7.20044],[111.93476,-7.20106],[111.93458,-7.20146],[111.93445,-7.20154],[111.93414,-7.20143],[111.93393,-7.20122],[111.93385,-7.20107],[111.93379,-7.2007],[111.93368,-7.20063],[111.93347,-7.20073],[111.93329,-7.20097],[111.93301,-7.20149],[111.93305,-7.20165],[111.9332,-7.20191],[111.933715,-7.2024],[111.934045,-7.20264],[111.934765,-7.2029],[111.93482,-7.203],[111.934595,-7.203345],[111.93423,-7.20347],[111.93389,-7.20348],[111.93351,-7.20345],[111.93289,-7.203295],[111.932615,-7.20316],[111.932405,-7.203115],[111.932195,-7.203195],[111.93206,-7.20341],[111.93217,-7.20379],[111.93244,-7.20422],[111.93245,-7.20441],[111.93222,-7.2054],[111.93231,-7.2058],[111.93197,-7.20628],[111.93193,-7.20677],[111.9318,-7.20701],[111.93152,-7.2072],[111.93047,-7.20724],[111.93013,-7.20715],[111.92962,-7.20694],[111.92944,-7.20679],[111.92932,-7.2066],[111.92927,-7.20638],[111.9293,-7.20619],[111.92941,-7.20604],[111.92991,-7.205515],[111.92978,-7.20526],[111.92912,-7.20481],[111.928855,-7.2046],[111.928705,-7.204775],[111.9286,-7.20507],[111.928605,-7.20528],[111.928825,-7.20608],[111.928775,-7.20624],[111.92853,-7.20633],[111.92817,-7.20623],[111.92764,-7.20593],[111.92754,-7.20594],[111.92727,-7.20614],[111.92717,-7.20646],[111.92729,-7.20697],[111.927485,-7.207315],[111.9279,-7.207905],[111.928345,-7.208345],[111.92917,-7.209215],[111.929615,-7.20947],[111.93003,-7.20955],[111.930335,-7.209535],[111.93088,-7.20934],[111.93115,-7.209445],[111.931305,-7.209595],[111.931355,-7.210075],[111.93123,-7.21051],[111.93096,-7.21061],[111.93031,-7.21039],[111.93001,-7.21036],[111.92973,-7.21041],[111.92952,-7.21051],[111.92942,-7.210735],[111.929525,-7.211255],[111.92954,-7.21155],[111.92932,-7.21221],[111.92903,-7.21262],[111.9288,-7.21276],[111.92842,-7.21275],[111.92821,-7.212605],[111.928055,-7.21239],[111.92797,-7.212165],[111.927955,-7.211735],[111.927895,-7.211575],[111.927755,-7.21145],[111.927425,-7.21132],[111.927045,-7.211115],[111.926825,-7.21108],[111.92649,-7.211085],[111.92632,-7.21118],[111.926155,-7.2115],[111.926155,-7.211935],[111.926255,-7.212185],[111.92644,-7.212425],[111.92697,-7.21302],[111.927495,-7.21342],[111.927615,-7.21344],[111.928115,-7.213315],[111.929255,-7.21324],[111.9294,-7.21336],[111.92967,-7.213455],[111.92974,-7.213575],[111.9297,-7.21385],[111.92958,-7.21405],[111.9294,-7.21422],[111.9292,-7.2143],[111.92873,-7.21437],[111.92851,-7.21448],[111.92829,-7.21468],[111.92814,-7.21511],[111.92816,-7.21527],[111.92845,-7.2156],[111.9286,-7.21569],[111.92894,-7.21564],[111.92911,-7.21552],[111.929525,-7.215005],[111.92973,-7.21497],[111.92984,-7.21509],[111.93029,-7.21572],[111.93053,-7.21573],[111.93078,-7.21527],[111.93095,-7.21505],[111.93119,-7.21484],[111.93143,-7.21471],[111.93212,-7.2145],[111.9324,-7.21449],[111.93259,-7.21454],[111.93278,-7.21475],[111.93276,-7.21494],[111.932235,-7.215405],[111.93215,-7.21562],[111.932195,-7.21606],[111.932265,-7.21625],[111.93244,-7.21654],[111.93275,-7.21696],[111.932955,-7.21715],[111.933195,-7.21726],[111.933435,-7.217475],[111.933535,-7.217665],[111.933485,-7.21796],[111.93325,-7.218195],[111.93287,-7.218485],[111.93275,-7.21869],[111.932775,-7.21879],[111.93315,-7.21925],[111.93317,-7.2195],[111.93303,-7.220235],[111.93283,-7.2207],[111.93278,-7.220985],[111.932835,-7.221365],[111.932925,-7.2216],[111.933105,-7.221835],[111.933285,-7.221945],[111.933645,-7.22195],[111.934025,-7.221875],[111.934335,-7.22165],[111.934435,-7.2215],[111.93449,-7.22118],[111.934435,-7.22089],[111.934335,-7.220605],[111.934105,-7.220165],[111.934055,-7.219815],[111.93428,-7.21925],[111.9344,-7.21915],[111.93498,-7.21887],[111.93517,-7.21886],[111.93593,-7.21912],[111.936965,-7.22005],[111.937055,-7.220175],[111.936975,-7.22034],[111.936765,-7.220455],[111.9363,-7.22047],[111.93598,-7.22036],[111.935785,-7.220415],[111.93561,-7.22061],[111.935575,-7.220835],[111.935655,-7.221495],[111.935735,-7.221865],[111.93592,-7.22206],[111.936165,-7.222165],[111.936965,-7.222295],[111.93764,-7.22229],[111.937855,-7.2222],[111.938,-7.22204],[111.93799,-7.221865],[111.93776,-7.22162],[111.93758,-7.2216],[111.93725,-7.221665],[111.93711,-7.22149],[111.9371,-7.221225],[111.93714,-7.220955],[111.9376,-7.22041],[111.937895,-7.21995],[111.93816,-7.21991],[111.938655,-7.22],[111.938925,-7.220285],[111.93919,-7.22021],[111.93966,-7.21938],[111.93991,-7.21905],[111.940605,-7.21832],[111.940755,-7.21809],[111.94062,-7.217365],[111.94061,-7.217215],[111.94079,-7.2171],[111.941225,-7.217085],[111.94172,-7.2172],[111.94195,-7.2173],[111.94221,-7.2175],[111.9423,-7.21764],[111.94236,-7.21789],[111.94254,-7.21922],[111.942605,-7.22028],[111.942695,-7.22073],[111.942645,-7.220945],[111.942485,-7.221235],[111.94245,-7.22155],[111.94259,-7.221865],[111.94311,-7.22221],[111.94311,-7.22251],[111.94298,-7.22273],[111.94284,-7.22282],[111.94259,-7.22287],[111.94181,-7.222905],[111.94137,-7.223045],[111.94062,-7.22345],[111.94032,-7.22347],[111.93986,-7.223795],[111.93951,-7.224105],[111.93947,-7.22447],[111.9395,-7.22481],[111.939605,-7.225075],[111.93988,-7.225155],[111.9405,-7.224825],[111.940815,-7.224725],[111.940965,-7.22486],[111.94098,-7.225025],[111.940815,-7.22547],[111.94076,-7.225775],[111.94082,-7.226535],[111.941,-7.22695],[111.941125,-7.227115],[111.94134,-7.22726],[111.94186,-7.22742],[111.942165,-7.227605],[111.94256,-7.227925],[111.94292,-7.228055],[111.94342,-7.22831],[111.94354,-7.22847],[111.943615,-7.22894],[111.94345,-7.229225],[111.94328,-7.22935],[111.942585,-7.229685],[111.941925,-7.229925],[111.9416,-7.22999],[111.940825,-7.23002],[111.94089,-7.22938],[111.940815,-7.229265],[111.940195,-7.229215],[111.93977,-7.229305],[111.93961,-7.229255],[111.93945,-7.2293],[111.9393,-7.229945],[111.938945,-7.229755],[111.938795,-7.229775],[111.938525,-7.230135],[111.93841,-7.230575],[111.938455,-7.230805],[111.9388,-7.23113],[111.939045,-7.23129],[111.93912,-7.231425],[111.93908,-7.23179],[111.938765,-7.23235],[111.93866,-7.23264],[111.938685,-7.23295],[111.9389,-7.233095],[111.93923,-7.233145],[111.939885,-7.232955],[111.940345,-7.23277],[111.94046,-7.23268],[111.94079,-7.23226],[111.94094,-7.23216],[111.941325,-7.232135],[111.94163,-7.232255],[111.941795,-7.232485],[111.94187,-7.232815],[111.94177,-7.233015],[111.94162,-7.233135],[111.94134,-7.233265],[111.94054,-7.23358],[111.940255,-7.233785],[111.94,-7.234165],[111.939825,-7.234605],[111.939695,-7.235355],[111.938455,-7.23494],[111.93824,-7.235155],[111.93815,-7.235445],[111.93797,-7.23542],[111.938015,-7.235955],[111.938545,-7.23612],[111.93944,-7.23645],[111.940645,-7.236785],[111.94162,-7.237045],[111.942655,-7.23734],[111.942705,-7.23719],[111.943285,-7.237305],[111.94344,-7.236825],[111.94587,-7.23728],[111.9459,-7.237215],[111.946855,-7.23721],[111.947005,-7.236445],[111.94714,-7.23603],[111.947375,-7.23602],[111.94812,-7.236135],[111.948575,-7.23623],[111.94999,-7.236395],[111.95055,-7.233115],[111.953025,-7.23365],[111.952525,-7.237105],[111.95249,-7.237285],[111.953525,-7.23768],[111.95349,-7.23782],[111.954515,-7.238115],[111.955415,-7.238535],[111.955745,-7.23892],[111.95582,-7.23919],[111.955665,-7.240325],[111.955515,-7.240505],[111.95534,-7.24134],[111.955385,-7.24161],[111.955595,-7.2421],[111.955545,-7.24279],[111.95555,-7.243365],[111.955415,-7.244335],[111.95537,-7.244965],[111.955405,-7.245585],[111.95613,-7.245645],[111.95647,-7.2457],[111.95724,-7.24577],[111.95763,-7.245715],[111.95771,-7.2458],[111.95777,-7.24613],[111.95911,-7.24642],[111.95946,-7.246415],[111.959875,-7.246515],[111.959855,-7.246645],[111.960465,-7.24677],[111.960445,-7.246975],[111.96099,-7.24706],[111.96096,-7.247325],[111.961245,-7.24737],[111.96114,-7.24765],[111.96136,-7.24771],[111.96129,-7.247975],[111.96168,-7.24815],[111.962995,-7.24847],[111.96321,-7.24856],[111.96392,-7.24865],[111.963985,-7.2482],[111.96406,-7.248],[111.964025,-7.24771],[111.964185,-7.246895],[111.964395,-7.246295],[111.96472,-7.246425],[111.964985,-7.24568],[111.96508,-7.24528],[111.96523,-7.24484],[111.965595,-7.24398],[111.96556,-7.243955],[111.96568,-7.243445],[111.965285,-7.243255],[111.965245,-7.24334],[111.96455,-7.24312],[111.964175,-7.24303],[111.96432,-7.242475],[111.964375,-7.241985],[111.964515,-7.241975],[111.96456,-7.241715],[111.96458,-7.241285],[111.96519,-7.24142],[111.965305,-7.24098],[111.965865,-7.241145],[111.966255,-7.241335],[111.96626,-7.2414],[111.96693,-7.241565],[111.96727,-7.241705],[111.967935,-7.241925],[111.968255,-7.24192],[111.96897,-7.24212],[111.96956,-7.24224],[111.9702,-7.24196],[111.970475,-7.241925],[111.970695,-7.24178],[111.97123,-7.24101],[111.97158,-7.24082],[111.9721,-7.24068],[111.97296,-7.24058],[111.9728,-7.24024],[111.972865,-7.24008],[111.97318,-7.239935],[111.973925,-7.23975],[111.974295,-7.23973],[111.974555,-7.239815],[111.975395,-7.24018],[111.97553,-7.240195],[111.97676,-7.240205],[111.976925,-7.240235],[111.97705,-7.240665],[111.976925,-7.24132],[111.976955,-7.241485],[111.977795,-7.241685],[111.97947,-7.24175],[111.98066,-7.241675],[111.98202,-7.241305],[111.982335,-7.24123],[111.982885,-7.241105],[111.983315,-7.241125],[111.98376,-7.24102],[111.98401,-7.241005],[111.984115,-7.241185],[111.98389,-7.241435],[111.983885,-7.241605],[111.984145,-7.24179],[111.98447,-7.242225],[111.984485,-7.24244],[111.984595,-7.242555],[111.985315,-7.242745],[111.98551,-7.24286],[111.98578,-7.24272],[111.98627,-7.24231],[111.98683,-7.24098],[111.98719,-7.23922],[111.987515,-7.23882],[111.988295,-7.23804],[111.98909,-7.2373],[111.989935,-7.23656],[111.990485,-7.2367],[111.99094,-7.23678],[111.99086,-7.23745],[111.99084,-7.23805],[111.991115,-7.238275],[111.991125,-7.23768],[111.99117,-7.23735],[111.99129,-7.237455],[111.99129,-7.23765],[111.99121,-7.23802],[111.991255,-7.238115],[111.991445,-7.23817],[111.99164,-7.23833],[111.991605,-7.23852],[111.99176,-7.23852],[111.99227,-7.23863],[111.992425,-7.23842],[111.99262,-7.23778],[111.99234,-7.23765],[111.992405,-7.2375],[111.99268,-7.237615],[111.99276,-7.23742],[111.992975,-7.23748],[111.992925,-7.237635],[111.993155,-7.237735],[111.99323,-7.237645],[111.99359,-7.237735],[111.993555,-7.237955],[111.993855,-7.238135],[111.993845,-7.23828],[111.99612,-7.23857],[111.99751,-7.23868],[111.99846,-7.23884],[111.99948,-7.23899],[112,-7.23904],[112.00064,-7.23893],[112.00188,-7.23895],[112.00238,-7.23903],[112.0027,-7.23921],[112.00303,-7.23884],[112.00366,-7.23793],[112.00403,-7.23714],[112.00463,-7.23616],[112.00494,-7.23562],[112.00536,-7.23498],[112.00539,-7.23472],[112.00534,-7.23438],[112.00515,-7.23358],[112.00503,-7.23321],[112.00485,-7.23279],[112.00464,-7.23201],[112.0045,-7.23179],[112.00385,-7.23106],[112.0039,-7.230525],[112.0039,-7.23011],[112.003725,-7.22902],[112.00371,-7.228775],[112.00355,-7.227705],[112.00309,-7.22776],[112.000185,-7.22726],[111.99977,-7.22725],[111.998925,-7.22713],[111.99846,-7.22702],[111.99845,-7.22687],[111.998605,-7.226415],[111.99853,-7.22614],[111.998735,-7.225915],[111.998615,-7.22575],[111.998625,-7.22545],[111.99822,-7.225415],[111.998235,-7.22487],[111.99803,-7.224855],[111.997925,-7.22468],[111.99739,-7.224535],[111.99747,-7.224205],[111.99659,-7.223965],[111.99684,-7.222965],[111.996055,-7.22274],[111.996305,-7.22179],[111.995515,-7.221675],[111.99515,-7.22151],[111.99378,-7.22033],[111.993455,-7.220075],[111.992125,-7.21964],[111.98906,-7.2186],[111.989265,-7.21727],[111.989575,-7.21522],[111.989725,-7.214305],[111.990215,-7.212745],[111.99039,-7.212115],[111.990605,-7.211475],[111.99088,-7.210515],[111.991345,-7.20903],[111.991395,-7.2088],[111.991705,-7.207815],[111.99105,-7.20764],[111.990775,-7.207545],[111.990445,-7.20734],[111.99044,-7.20719],[111.989695,-7.20683],[111.988155,-7.20632],[111.98765,-7.20617],[111.98653,-7.205935],[111.985865,-7.205825],[111.985335,-7.205685],[111.9843,-7.20533],[111.98432,-7.20489],[111.9845,-7.20418],[111.98463,-7.20379],[111.98495,-7.203025],[111.984965,-7.2025],[111.984855,-7.20225],[111.98457,-7.201965],[111.984185,-7.20175],[111.983965,-7.20144],[111.98378,-7.20107],[111.98335,-7.20057],[111.98315,-7.20046],[111.98284,-7.20044],[111.982285,-7.20055],[111.98239,-7.19995],[111.98247,-7.19972],[111.982645,-7.199555],[111.9829,-7.19949],[111.983505,-7.199785],[111.98383,-7.199795],[111.984065,-7.19955],[111.98405,-7.1992],[111.983935,-7.198815],[111.983725,-7.19847],[111.98386,-7.198325],[111.98404,-7.19826],[111.98498,-7.19832],[111.985425,-7.19839],[111.985435,-7.198325],[111.986065,-7.198475],[111.986045,-7.198585],[111.98664,-7.198715],[111.98671,-7.19827],[111.98626,-7.198155],[111.986325,-7.197905],[111.98572,-7.197765],[111.98584,-7.19662],[111.986085,-7.196235],[111.986385,-7.195345],[111.98655,-7.19416],[111.9863,-7.19345],[111.98554,-7.19308],[111.98459,-7.19298],[111.984565,-7.19269],[111.984395,-7.19256],[111.98404,-7.19263],[111.98369,-7.19251],[111.98318,-7.19207],[111.98314,-7.1919],[111.98331,-7.19168],[111.983525,-7.191555],[111.9837,-7.19128],[111.983885,-7.190465],[111.983905,-7.190045],[111.983755,-7.18976],[111.98347,-7.189615],[111.983365,-7.189445],[111.983375,-7.189305],[111.983495,-7.188915],[111.983615,-7.1887],[111.983745,-7.18859],[111.983945,-7.18858],[111.98423,-7.18881],[111.98448,-7.188795],[111.98466,-7.18868],[111.9847,-7.188475],[111.9846,-7.188315],[111.98431,-7.188205],[111.98384,-7.187735],[111.98379,-7.187475],[111.98406,-7.1872],[111.98469,-7.186865],[111.98494,-7.186595],[111.985045,-7.18641],[111.9851,-7.186105],[111.985255,-7.18584],[111.98529,-7.18545],[111.98498,-7.18466],[111.9853,-7.18452],[111.98618,-7.18418],[111.9864,-7.18407],[111.98748,-7.18363],[111.98796,-7.18345],[111.98947,-7.18294],[111.99021,-7.18263],[111.99173,-7.18205],[111.9922,-7.18185],[111.99262,-7.1817],[111.99347,-7.18131],[111.99427,-7.181],[111.99381,-7.18015],[111.99362,-7.17993],[111.99342,-7.17956],[111.99326,-7.17936],[111.99319,-7.17895],[111.993385,-7.178165],[111.993155,-7.17801],[111.99305,-7.17782],[111.99317,-7.17751],[111.993385,-7.17711],[111.99336,-7.17693],[111.992865,-7.17695],[111.99276,-7.1769],[111.99276,-7.1767],[111.99243,-7.17663],[111.992485,-7.176365],[111.99247,-7.17608],[111.992345,-7.17586],[111.99236,-7.175595],[111.99223,-7.175355],[111.9922,-7.17508],[111.992245,-7.17486],[111.992105,-7.17468],[111.99213,-7.174405],[111.99169,-7.174345],[111.99107,-7.1743],[111.991095,-7.17412],[111.990825,-7.174115],[111.98987,-7.17386],[111.98992,-7.17328],[111.98931,-7.17315],[111.98932,-7.172515],[111.98921,-7.172115],[111.989145,-7.1714],[111.98686,-7.170895],[111.98533,-7.17057],[111.984655,-7.170485],[111.985105,-7.16821],[111.98542,-7.168125],[111.985695,-7.166765],[111.985855,-7.166185],[111.98603,-7.16531],[111.986355,-7.1653],[111.98661,-7.16505],[111.987155,-7.16514],[111.987455,-7.16516],[111.987865,-7.16531],[111.988795,-7.1655],[111.98971,-7.165745],[111.98972,-7.165145],[111.989335,-7.16503],[111.98935,-7.164845],[111.98914,-7.164785],[111.98917,-7.164535],[111.98869,-7.16439],[111.98854,-7.16408],[111.98838,-7.16387],[111.988305,-7.16283],[111.98815,-7.16259],[111.98801,-7.162525],[111.98725,-7.162725],[111.98725,-7.162565],[111.98738,-7.162465],[111.98739,-7.162245],[111.98705,-7.161865],[111.987085,-7.161745],[111.987305,-7.1614],[111.987335,-7.16123],[111.987195,-7.161105],[111.986885,-7.161195],[111.98689,-7.16098],[111.98678,-7.16082],[111.986845,-7.16066],[111.98718,-7.160435],[111.9872,-7.160345],[111.987005,-7.159995],[111.987195,-7.159515],[111.987145,-7.159045],[111.987205,-7.158915],[111.987595,-7.159055],[111.987825,-7.159065],[111.98799,-7.15873],[111.98788,-7.15858],[111.98762,-7.158405],[111.987405,-7.158165],[111.987185,-7.158085],[111.98713,-7.158315],[111.987255,-7.15847],[111.987165,-7.158675],[111.98688,-7.158865],[111.986745,-7.158905],[111.98648,-7.15872],[111.98638,-7.15845],[111.98636,-7.158245],[111.986175,-7.158115],[111.985935,-7.158135],[111.98542,-7.15841],[111.98499,-7.15879],[111.98473,-7.15875],[111.98454,-7.15843],[111.98453,-7.15823],[111.98461,-7.15803],[111.98481,-7.15784],[111.984865,-7.15767],[111.984665,-7.15703],[111.98425,-7.15635],[111.98406,-7.15618],[111.98391,-7.15613],[111.98335,-7.15563],[111.983145,-7.15539]]]}},{"type":"Feature","properties":{"nama":"Baureno"},"geometry":{"type":"Polygon","coordinates":[[[112.14477,-7.157825],[112.146125,-7.158175],[112.146735,-7.1583],[112.148065,-7.15853],[112.14894,-7.158615],[112.14974,-7.15866],[112.150375,-7.158635],[112.15093,-7.15842],[112.15132,-7.15816],[112.151465,-7.15791],[112.15148,-7.157615],[112.151755,-7.156925],[112.1518,-7.156525],[112.151765,-7.156295],[112.151545,-7.155895],[112.151595,-7.155635],[112.152,-7.15562],[112.15223,-7.15555],[112.152365,-7.155355],[112.1519,-7.155185],[112.151735,-7.15478],[112.151595,-7.15467],[112.151025,-7.154495],[112.1509,-7.154425],[112.15085,-7.15413],[112.1509,-7.153825],[112.151115,-7.153795],[112.15123,-7.15347],[112.151625,-7.152995],[112.151605,-7.15284],[112.15136,-7.152565],[112.151705,-7.151305],[112.151835,-7.151],[112.15165,-7.150535],[112.15162,-7.150055],[112.151705,-7.14947],[112.15222,-7.149395],[112.15239,-7.148925],[112.152395,-7.14858],[112.152565,-7.148145],[112.152695,-7.148095],[112.153425,-7.14795],[112.1538,-7.147795],[112.153785,-7.14751],[112.153695,-7.147375],[112.15416,-7.1466],[112.154365,-7.14614],[112.154555,-7.1458],[112.15473,-7.145605],[112.15545,-7.1455],[112.15596,-7.145555],[112.15644,-7.145055],[112.15712,-7.1432],[112.15724,-7.143],[112.15757,-7.14207],[112.158095,-7.14207],[112.158645,-7.142015],[112.159155,-7.14201],[112.159735,-7.141945],[112.16007,-7.1417],[112.16014,-7.141295],[112.16021,-7.140475],[112.16021,-7.140045],[112.16012,-7.13951],[112.16031,-7.138995],[112.160845,-7.138185],[112.161055,-7.137565],[112.161195,-7.13703],[112.161295,-7.13648],[112.161445,-7.1358],[112.1616,-7.134315],[112.161585,-7.134135],[112.161725,-7.13365],[112.162065,-7.133105],[112.162215,-7.132905],[112.16243,-7.13254],[112.162585,-7.13206],[112.16253,-7.13153],[112.162215,-7.13132],[112.162305,-7.13074],[112.162275,-7.130405],[112.162325,-7.130075],[112.16239,-7.130085],[112.16247,-7.1296],[112.162475,-7.129365],[112.162285,-7.128985],[112.162385,-7.12857],[112.1626,-7.128405],[112.162635,-7.128175],[112.162575,-7.12804],[112.162565,-7.127765],[112.16247,-7.12764],[112.16247,-7.12709],[112.16252,-7.12663],[112.16235,-7.12635],[112.16229,-7.12615],[112.162135,-7.126005],[112.16195,-7.125595],[112.162155,-7.125595],[112.162165,-7.125455],[112.162015,-7.125255],[112.162005,-7.12503],[112.161755,-7.124965],[112.16182,-7.124715],[112.161705,-7.12425],[112.161515,-7.124235],[112.161315,-7.12413],[112.16125,-7.123945],[112.161365,-7.1238],[112.16132,-7.12348],[112.161385,-7.12305],[112.16152,-7.12257],[112.16171,-7.122505],[112.161825,-7.12236],[112.162055,-7.121665],[112.16215,-7.12153],[112.162305,-7.121135],[112.162835,-7.121275],[112.162975,-7.121005],[112.16303,-7.12077],[112.163275,-7.12076],[112.16359,-7.120485],[112.16372,-7.11966],[112.164105,-7.119715],[112.164285,-7.11862],[112.164675,-7.11869],[112.165595,-7.118495],[112.16568,-7.11784],[112.165555,-7.117795],[112.16561,-7.117335],[112.165605,-7.117025],[112.16554,-7.116935],[112.165525,-7.116065],[112.165675,-7.11555],[112.165685,-7.11529],[112.16561,-7.115145],[112.16561,-7.11463],[112.165665,-7.114],[112.165665,-7.113615],[112.165445,-7.112915],[112.16508,-7.11289],[112.16505,-7.11323],[112.16436,-7.11315],[112.164395,-7.112905],[112.164085,-7.11287],[112.163935,-7.113835],[112.16394,-7.113965],[112.16413,-7.11398],[112.16381,-7.115345],[112.16212,-7.115175],[112.161695,-7.115075],[112.16158,-7.115535],[112.161445,-7.11554],[112.16139,-7.11583],[112.160405,-7.11565],[112.16027,-7.115765],[112.15991,-7.115785],[112.15983,-7.116005],[112.159305,-7.115975],[112.159275,-7.11621],[112.15877,-7.116145],[112.15875,-7.116795],[112.15906,-7.116805],[112.159045,-7.117065],[112.15876,-7.117055],[112.15858,-7.118275],[112.158545,-7.118345],[112.1579,-7.11829],[112.15753,-7.11829],[112.15738,-7.118355],[112.157125,-7.118245],[112.156615,-7.11831],[112.156625,-7.118615],[112.1541,-7.119805],[112.154075,-7.119215],[112.15413,-7.11905],[112.15413,-7.118305],[112.154205,-7.118],[112.15419,-7.117185],[112.1542,-7.116745],[112.15402,-7.11673],[112.154025,-7.1165],[112.1542,-7.1165],[112.154315,-7.11585],[112.15412,-7.11533],[112.15372,-7.11545],[112.153575,-7.11554],[112.15343,-7.115375],[112.1531,-7.11569],[112.15251,-7.115995],[112.1525,-7.114775],[112.15246,-7.11421],[112.152385,-7.114],[112.15251,-7.113525],[112.15255,-7.11248],[112.152635,-7.112155],[112.15298,-7.111215],[112.15302,-7.110945],[112.15285,-7.110755],[112.152445,-7.110175],[112.1522,-7.10942],[112.150005,-7.108675],[112.147705,-7.107495],[112.14623,-7.106725],[112.14638,-7.106165],[112.146655,-7.105795],[112.14701,-7.10554],[112.148,-7.104975],[112.149265,-7.10456],[112.150085,-7.10428],[112.150855,-7.10394],[112.151185,-7.10369],[112.151545,-7.10324],[112.151875,-7.10243],[112.151925,-7.102085],[112.15182,-7.10166],[112.15139,-7.100925],[112.151205,-7.100765],[112.15082,-7.100565],[112.150575,-7.100495],[112.14971,-7.10049],[112.148835,-7.10062],[112.146995,-7.10151],[112.14688,-7.10166],[112.14607,-7.10248],[112.145695,-7.103245],[112.145415,-7.104195],[112.145305,-7.10447],[112.14505,-7.10485],[112.144725,-7.10543],[112.14429,-7.106275],[112.14364,-7.106015],[112.141685,-7.104785],[112.13943,-7.10333],[112.13819,-7.102485],[112.13683,-7.101275],[112.13492,-7.09926],[112.133635,-7.09802],[112.132465,-7.09732],[112.13129,-7.09702],[112.130405,-7.09699],[112.129335,-7.097205],[112.12818,-7.09796],[112.127595,-7.098645],[112.12723,-7.09944],[112.12712,-7.09953],[112.127075,-7.099785],[112.12704,-7.10183],[112.12735,-7.1035],[112.127595,-7.104955],[112.127535,-7.105825],[112.12715,-7.10681],[112.12618,-7.107755],[112.12488,-7.10834],[112.123255,-7.10837],[112.121855,-7.107685],[112.120855,-7.106585],[112.12003,-7.1055],[112.1195,-7.10457],[112.11907,-7.103415],[112.11847,-7.101685],[112.117915,-7.10039],[112.11756,-7.099015],[112.117415,-7.097575],[112.117915,-7.096075],[112.11853,-7.09529],[112.119385,-7.094935],[112.12037,-7.09459],[112.1214,-7.09425],[112.123025,-7.09318],[112.123995,-7.092235],[112.124525,-7.091465],[112.12478,-7.09045],[112.12457,-7.089435],[112.123755,-7.08874],[112.12291,-7.088395],[112.12161,-7.08838],[112.12037,-7.088625],[112.11816,-7.0892],[112.117125,-7.089305],[112.11524,-7.089535],[112.113825,-7.089055],[112.112875,-7.088495],[112.111535,-7.087765],[112.110035,-7.087225],[112.108765,-7.087025],[112.10758,-7.087055],[112.106535,-7.08728],[112.104625,-7.087925],[112.10351,-7.088195],[112.102625,-7.088425],[112.101425,-7.088465],[112.10014,-7.088425],[112.098285,-7.088075],[112.0958,-7.087365],[112.093815,-7.08677],[112.092115,-7.08641],[112.090805,-7.086455],[112.088945,-7.08654],[112.087605,-7.08641],[112.086605,-7.086125],[112.085635,-7.08557],[112.084805,-7.0845],[112.084365,-7.08344],[112.084065,-7.082285],[112.08408,-7.080185],[112.084305,-7.077045],[112.084265,-7.07543],[112.084065,-7.073205],[112.084005,-7.071235],[112.08415,-7.06992],[112.08425,-7.068795],[112.084265,-7.067835],[112.08405,-7.06711],[112.08345,-7.066365],[112.082765,-7.065925],[112.081965,-7.065825],[112.08088,-7.065795],[112.08022,-7.066005],[112.07969,-7.067425],[112.079515,-7.067855],[112.078745,-7.06981],[112.07868,-7.070095],[112.07856,-7.071445],[112.078575,-7.072025],[112.078735,-7.07311],[112.07907,-7.07352],[112.07918,-7.073705],[112.07971,-7.07412],[112.079955,-7.074255],[112.08021,-7.07512],[112.08022,-7.075735],[112.0801,-7.076065],[112.07983,-7.076475],[112.07956,-7.07639],[112.078775,-7.076225],[112.07844,-7.07609],[112.07781,-7.07739],[112.07763,-7.078945],[112.077575,-7.079605],[112.077325,-7.08135],[112.077155,-7.08159],[112.07717,-7.081875],[112.076835,-7.083065],[112.07648,-7.083065],[112.076385,-7.083125],[112.07604,-7.083005],[112.07595,-7.083805],[112.075645,-7.083815],[112.07571,-7.0843],[112.07485,-7.084135],[112.07461,-7.08479],[112.0731,-7.08454],[112.072965,-7.08515],[112.07277,-7.08516],[112.072575,-7.085485],[112.0717,-7.085315],[112.071155,-7.08748],[112.070965,-7.08806],[112.07151,-7.08818],[112.071195,-7.08934],[112.07152,-7.08946],[112.07195,-7.08954],[112.07205,-7.08937],[112.07227,-7.08921],[112.07257,-7.08929],[112.07279,-7.089605],[112.07248,-7.09019],[112.07252,-7.090545],[112.072395,-7.090935],[112.072345,-7.09142],[112.07232,-7.091935],[112.072085,-7.092555],[112.07207,-7.092995],[112.07189,-7.09347],[112.071725,-7.09416],[112.071585,-7.094865],[112.071435,-7.09573],[112.07118,-7.096575],[112.07105,-7.096945],[112.07096,-7.096925],[112.0709,-7.09715],[112.07061,-7.09722],[112.070525,-7.09732],[112.070505,-7.09757],[112.069725,-7.097495],[112.06977,-7.09762],[112.069625,-7.09779],[112.06952,-7.09779],[112.069395,-7.09818],[112.069385,-7.09841],[112.06951,-7.098405],[112.06937,-7.098925],[112.069235,-7.09915],[112.068915,-7.100515],[112.067715,-7.10007],[112.067715,-7.100145],[112.06743,-7.100675],[112.067155,-7.10059],[112.066765,-7.101545],[112.06631,-7.10142],[112.06609,-7.101915],[112.06591,-7.101865],[112.06527,-7.10158],[112.06458,-7.10228],[112.06412,-7.10259],[112.06399,-7.10275],[112.06376,-7.10323],[112.06354,-7.10349],[112.06307,-7.10397],[112.06286,-7.10452],[112.06249,-7.10568],[112.06218,-7.10672],[112.06218,-7.10812],[112.06207,-7.10887],[112.06197,-7.11001],[112.06161,-7.11184],[112.06153,-7.11253],[112.06132,-7.11327],[112.0607,-7.11359],[112.05855,-7.1136],[112.05782,-7.11359],[112.05646,-7.1135],[112.05506,-7.11319],[112.05424,-7.11306],[112.05366,-7.11302],[112.05338,-7.11304],[112.05301,-7.11318],[112.05267,-7.11387],[112.0525,-7.11488],[112.05245,-7.11542],[112.05209,-7.11666],[112.0517,-7.11835],[112.05129,-7.11984],[112.05096,-7.12145],[112.0507,-7.1229],[112.05062,-7.12438],[112.05055,-7.125],[112.05068,-7.12539],[112.0508,-7.12622],[112.05124,-7.12738],[112.05158,-7.1278],[112.05177,-7.12821],[112.05237,-7.12898],[112.05256,-7.12936],[112.05261,-7.12974],[112.05259,-7.1302],[112.05239,-7.13087],[112.05211,-7.1311],[112.05167,-7.13153],[112.05143,-7.13181],[112.05113,-7.1326],[112.05101,-7.13287],[112.05078,-7.13356],[112.05047,-7.13494],[112.04995,-7.13534],[112.04949,-7.13576],[112.04909,-7.13606],[112.04832,-7.1364],[112.04795,-7.13641],[112.04764,-7.13636],[112.04737,-7.13643],[112.04677,-7.13647],[112.04584,-7.13671],[112.04583,-7.13716],[112.04597,-7.13799],[112.04616,-7.13875],[112.04619,-7.13924],[112.04636,-7.13971],[112.04646,-7.14007],[112.0465,-7.14043],[112.04662,-7.14077],[112.04659,-7.14163],[112.04653,-7.14214],[112.04652,-7.14255],[112.04643,-7.14318],[112.04624,-7.14367],[112.04619,-7.14404],[112.04594,-7.14449],[112.0452,-7.14535],[112.04472,-7.14575],[112.04432,-7.14598],[112.04324,-7.14642],[112.04263,-7.14653],[112.04241,-7.14666],[112.04137,-7.14702],[112.04101,-7.14723],[112.04068,-7.14731],[112.04034,-7.14748],[112.03985,-7.14766],[112.03922,-7.14797],[112.03895,-7.14817],[112.03852,-7.14866],[112.03832,-7.14914],[112.03854,-7.1497],[112.03925,-7.150115],[112.039005,-7.151205],[112.04274,-7.152115],[112.04293,-7.15221],[112.04321,-7.15242],[112.04342,-7.15253],[112.04433,-7.15321],[112.04482,-7.15343],[112.04526,-7.15368],[112.04651,-7.15449],[112.04688,-7.15466],[112.04725,-7.1549],[112.0477,-7.15511],[112.04829,-7.15546],[112.04847,-7.15559],[112.04965,-7.156995],[112.04993,-7.157525],[112.05003,-7.15807],[112.05007,-7.15849],[112.050225,-7.159015],[112.05026,-7.159585],[112.05055,-7.16018],[112.050605,-7.16015],[112.05099,-7.15994],[112.0516,-7.15956],[112.05251,-7.15907],[112.0533,-7.15862],[112.05513,-7.15756],[112.05533,-7.15742],[112.05616,-7.156985],[112.056105,-7.158005],[112.05621,-7.15806],[112.056745,-7.15954],[112.057375,-7.1597],[112.058455,-7.15995],[112.058765,-7.15994],[112.05908,-7.160035],[112.05978,-7.160145],[112.05948,-7.16167],[112.0596,-7.161725],[112.05952,-7.162355],[112.059095,-7.16228],[112.059025,-7.162505],[112.058855,-7.16269],[112.05882,-7.162895],[112.058725,-7.162935],[112.05854,-7.163905],[112.058745,-7.164005],[112.058635,-7.16442],[112.058415,-7.164395],[112.05837,-7.16453],[112.05854,-7.16503],[112.05876,-7.16539],[112.05887,-7.16564],[112.05911,-7.16596],[112.05929,-7.16628],[112.05957,-7.16661],[112.05989,-7.16694],[112.06019,-7.16718],[112.06062,-7.1676],[112.06087,-7.16778],[112.06116,-7.16792],[112.06144,-7.16791],[112.06228,-7.16806],[112.06288,-7.16808],[112.06337,-7.16796],[112.064065,-7.16764],[112.06425,-7.16722],[112.064285,-7.16669],[112.06406,-7.166585],[112.06418,-7.16589],[112.064445,-7.16591],[112.064635,-7.164985],[112.064765,-7.1642],[112.0649,-7.163575],[112.06496,-7.162375],[112.065025,-7.161635],[112.064935,-7.16159],[112.065,-7.161295],[112.065,-7.161075],[112.06529,-7.15986],[112.065255,-7.15972],[112.06552,-7.15912],[112.06559,-7.158885],[112.06645,-7.15823],[112.06667,-7.15792],[112.06673,-7.15753],[112.06673,-7.15724],[112.06678,-7.15641],[112.06679,-7.15575],[112.06672,-7.15523],[112.06664,-7.15406],[112.06673,-7.15385],[112.06741,-7.15355],[112.06772,-7.15358],[112.06809,-7.15371],[112.06886,-7.15392],[112.07009,-7.15423],[112.07084,-7.15449],[112.07123,-7.15449],[112.07226,-7.15453],[112.07287,-7.1544],[112.07333,-7.15426],[112.07438,-7.15381],[112.07507,-7.15338],[112.07546,-7.15301],[112.07668,-7.15218],[112.07701,-7.15191],[112.07742,-7.15165],[112.07777,-7.15139],[112.07805,-7.15114],[112.07841,-7.15088],[112.07942,-7.1502],[112.07981,-7.14989],[112.08067,-7.14901],[112.08119,-7.14857],[112.08161,-7.14826],[112.08222,-7.14773],[112.08263,-7.14727],[112.08334,-7.1462],[112.08378,-7.1458],[112.08408,-7.14561],[112.08524,-7.14517],[112.08598,-7.14517],[112.08681,-7.14539],[112.08726,-7.14545],[112.08824,-7.14577],[112.08861,-7.14585],[112.08933,-7.14616],[112.0896,-7.14621],[112.09008,-7.14656],[112.09036,-7.14672],[112.09088,-7.14695],[112.09107,-7.14698],[112.09143,-7.14715],[112.09175,-7.14735],[112.0922,-7.14768],[112.0928,-7.14803],[112.09298,-7.14822],[112.09312,-7.14828],[112.09383,-7.14876],[112.09439,-7.14926],[112.0949,-7.149295],[112.094915,-7.14899],[112.09503,-7.14817],[112.09511,-7.14744],[112.095555,-7.14744],[112.095875,-7.147505],[112.095925,-7.147605],[112.096645,-7.14769],[112.09668,-7.147635],[112.09704,-7.147635],[112.09752,-7.14768],[112.097985,-7.147815],[112.09871,-7.147865],[112.09876,-7.1477],[112.098715,-7.147415],[112.09899,-7.14744],[112.09912,-7.146855],[112.09938,-7.1469],[112.09936,-7.14714],[112.099095,-7.14854],[112.09893,-7.14852],[112.09884,-7.1494],[112.09828,-7.149365],[112.098235,-7.149635],[112.09811,-7.14974],[112.09804,-7.150005],[112.09866,-7.150045],[112.0986,-7.15112],[112.099575,-7.151185],[112.099555,-7.151625],[112.09951,-7.15181],[112.099565,-7.152335],[112.09951,-7.152545],[112.099665,-7.152745],[112.099605,-7.15314],[112.09961,-7.153725],[112.0993,-7.153735],[112.099335,-7.15398],[112.099305,-7.154155],[112.09917,-7.154255],[112.09911,-7.15498],[112.10076,-7.155035],[112.10132,-7.15488],[112.1016,-7.15463],[112.1019,-7.15418],[112.10254,-7.15292],[112.10284,-7.15208],[112.10304,-7.15141],[112.10314,-7.150605],[112.10323,-7.15027],[112.10322,-7.14991],[112.10339,-7.14933],[112.10335,-7.14902],[112.10349,-7.14872],[112.10362,-7.14785],[112.10391,-7.1473],[112.10414,-7.1463],[112.10433,-7.14576],[112.10431,-7.14532],[112.10442,-7.14452],[112.10468,-7.14383],[112.10474,-7.14285],[112.10471,-7.14182],[112.10486,-7.1412],[112.10531,-7.14034],[112.10556,-7.13965],[112.10566,-7.13909],[112.10598,-7.13798],[112.10618,-7.13754],[112.10655,-7.13681],[112.10665,-7.13648],[112.10693,-7.13615],[112.10713,-7.13574],[112.10783,-7.1347],[112.10817,-7.13435],[112.10899,-7.13338],[112.10952,-7.13273],[112.10992,-7.13239],[112.11031,-7.13213],[112.11123,-7.13183],[112.11146,-7.13177],[112.11198,-7.13173],[112.11246,-7.13162],[112.11304,-7.13116],[112.11339,-7.13095],[112.11414,-7.13082],[112.11468,-7.13082],[112.11503,-7.13088],[112.1159,-7.13091],[112.11636,-7.13107],[112.11712,-7.13163],[112.11766,-7.13186],[112.11781,-7.13179],[112.11804,-7.13158],[112.11825,-7.13202],[112.11841,-7.13206],[112.11948,-7.13175],[112.11981,-7.13167],[112.12017,-7.13165],[112.12032,-7.13168],[112.12041,-7.1318],[112.12042,-7.13198],[112.12021,-7.13231],[112.11991,-7.13249],[112.11928,-7.13271],[112.11912,-7.13285],[112.11899,-7.13316],[112.11914,-7.13345],[112.11942,-7.13366],[112.11984,-7.13391],[112.1202,-7.13442],[112.1205,-7.13468],[112.1207,-7.13471],[112.12087,-7.13465],[112.12133,-7.13408],[112.12166,-7.1339],[112.12208,-7.13393],[112.12229,-7.13402],[112.12244,-7.13417],[112.12252,-7.13443],[112.12251,-7.1347],[112.12221,-7.13548],[112.12217,-7.13577],[112.12249,-7.13588],[112.12284,-7.13559],[112.1231,-7.1356],[112.1238,-7.1362],[112.12413,-7.13639],[112.12444,-7.13638],[112.12519,-7.13599],[112.12539,-7.13596],[112.12569,-7.13607],[112.12574,-7.13627],[112.1257,-7.13646],[112.1255,-7.13677],[112.12552,-7.1371],[112.1257,-7.1375],[112.12546,-7.13791],[112.12565,-7.13801],[112.12601,-7.13788],[112.12637,-7.13731],[112.12666,-7.13708],[112.12726,-7.13648],[112.12791,-7.13632],[112.1281,-7.13635],[112.12827,-7.13652],[112.12824,-7.13686],[112.12849,-7.1369],[112.12875,-7.13668],[112.12903,-7.13663],[112.12939,-7.13698],[112.12924,-7.13717],[112.12922,-7.13735],[112.12911,-7.13753],[112.1286,-7.13784],[112.12847,-7.13802],[112.12839,-7.13833],[112.1284,-7.1385],[112.1287,-7.13891],[112.12871,-7.13936],[112.12864,-7.14013],[112.12864,-7.14033],[112.12884,-7.14077],[112.12867,-7.14167],[112.12861,-7.14256],[112.12835,-7.14311],[112.12822,-7.14384],[112.12802,-7.14445],[112.12768,-7.14509],[112.12751,-7.14559],[112.12757,-7.14583],[112.12787,-7.14626],[112.1284,-7.14661],[112.129,-7.14697],[112.12949,-7.1473],[112.12998,-7.14757],[112.13032,-7.1476],[112.13068,-7.14756],[112.1309,-7.14745],[112.13113,-7.14724],[112.13136,-7.14658],[112.1316,-7.14574],[112.13165,-7.1455],[112.13458,-7.14696],[112.1355,-7.14749],[112.13566,-7.14711],[112.13611,-7.1473],[112.13707,-7.14765],[112.13791,-7.14799],[112.13964,-7.14863],[112.14124,-7.1492],[112.14219,-7.14961],[112.14367,-7.15028],[112.14455,-7.15064],[112.14514,-7.15093],[112.14549,-7.15119],[112.14573,-7.15149],[112.14582,-7.15198],[112.14572,-7.15307],[112.1456,-7.15371],[112.14546,-7.15414],[112.14533,-7.15475],[112.14517,-7.1554],[112.14506,-7.15593],[112.14483,-7.1575],[112.14477,-7.157825]],[[112.09057,-7.14059],[112.090235,-7.140475],[112.090255,-7.14025],[112.09011,-7.139975],[112.09032,-7.13974],[112.090345,-7.13941],[112.090315,-7.139135],[112.090405,-7.138585],[112.09066,-7.138475],[112.09059,-7.138755],[112.09114,-7.13893],[112.09136,-7.138965],[112.091175,-7.13918],[112.090995,-7.13993],[112.090775,-7.14035],[112.0907,-7.14061],[112.09057,-7.14059]]]}},{"type":"Feature","properties":{"nama":"Bojonegoro"},"geometry":{"type":"Polygon","coordinates":[[[111.93333,-7.16018],[111.93261,-7.15995],[111.93201,-7.159505],[111.931105,-7.158545],[111.93067,-7.15774],[111.930275,-7.15651],[111.93023,-7.15515],[111.930275,-7.15356],[111.930425,-7.152215],[111.93063,-7.15086],[111.931165,-7.14878],[111.93157,-7.147445],[111.931885,-7.14611],[111.93191,-7.14506],[111.932275,-7.14293],[111.932425,-7.141435],[111.93238,-7.1399],[111.93236,-7.138295],[111.932355,-7.136965],[111.93215,-7.13609],[111.931935,-7.13524],[111.931675,-7.13413],[111.93145,-7.13363],[111.93096,-7.13314],[111.93043,-7.132775],[111.92962,-7.13247],[111.928765,-7.132265],[111.92723,-7.13194],[111.925855,-7.131745],[111.923885,-7.131695],[111.922495,-7.131825],[111.920675,-7.13207],[111.91867,-7.132705],[111.91784,-7.133075],[111.917195,-7.133585],[111.916355,-7.134475],[111.91482,-7.13573],[111.913575,-7.13657],[111.91213,-7.13753],[111.911165,-7.138005],[111.910085,-7.13813],[111.909075,-7.138125],[111.90819,-7.13805],[111.907475,-7.137805],[111.90591,-7.137395],[111.90288,-7.13662],[111.901515,-7.13642],[111.89921,-7.13633],[111.893605,-7.13604],[111.89255,-7.13588],[111.8917,-7.13623],[111.89117,-7.13666],[111.890625,-7.137645],[111.889885,-7.139225],[111.88943,-7.140305],[111.88888,-7.141455],[111.888165,-7.142435],[111.887615,-7.143085],[111.88661,-7.143825],[111.885715,-7.144465],[111.884795,-7.144985],[111.88419,-7.145245],[111.883305,-7.14557],[111.88278,-7.145725],[111.881805,-7.145935],[111.88128,-7.14597],[111.88089,-7.145935],[111.880555,-7.145855],[111.88031,-7.14573],[111.88005,-7.145425],[111.87968,-7.14473],[111.87923,-7.14338],[111.879,-7.142595],[111.87858,-7.141645],[111.8777,-7.13994],[111.87708,-7.138835],[111.87669,-7.13819],[111.876,-7.137485],[111.875425,-7.13687],[111.87449,-7.13634],[111.87292,-7.135525],[111.87107,-7.134715],[111.86985,-7.134385],[111.868865,-7.134265],[111.86731,-7.134485],[111.86621,-7.135205],[111.86549,-7.136045],[111.8653,-7.13688],[111.865445,-7.138785],[111.86582,-7.139695],[111.866215,-7.140495],[111.86701,-7.141645],[111.867705,-7.14242],[111.8682,-7.143315],[111.86862,-7.144285],[111.869065,-7.14512],[111.86929,-7.145655],[111.869915,-7.14793],[111.87009,-7.14889],[111.87022,-7.14951],[111.87051,-7.15119],[111.87055,-7.15119],[111.87077,-7.152655],[111.870805,-7.15396],[111.870655,-7.15635],[111.87049,-7.1573],[111.87023,-7.158365],[111.86982,-7.159335],[111.869165,-7.160615],[111.86863,-7.16129],[111.8679,-7.162055],[111.86692,-7.162895],[111.86453,-7.16417],[111.863415,-7.164655],[111.86256,-7.16488],[111.860615,-7.165115],[111.860225,-7.165205],[111.85947,-7.16522],[111.859025,-7.1651],[111.858645,-7.164835],[111.85827,-7.16432],[111.858005,-7.163745],[111.857575,-7.164305],[111.85723,-7.164905],[111.856445,-7.16655],[111.855765,-7.167895],[111.85538,-7.16872],[111.85522,-7.169275],[111.855055,-7.16934],[111.85491,-7.169745],[111.85475,-7.16997],[111.85476,-7.17011],[111.854495,-7.170575],[111.854255,-7.170915],[111.854265,-7.171],[111.854585,-7.171135],[111.85487,-7.171355],[111.85518,-7.1715],[111.855365,-7.171505],[111.85627,-7.17176],[111.85639,-7.17184],[111.85683,-7.17197],[111.85705,-7.17209],[111.858155,-7.17253],[111.858555,-7.17271],[111.85875,-7.17285],[111.85918,-7.172965],[111.860155,-7.17342],[111.86052,-7.17352],[111.860645,-7.17335],[111.861195,-7.17363],[111.861605,-7.17381],[111.861825,-7.17399],[111.862135,-7.174125],[111.86277,-7.174285],[111.863315,-7.174365],[111.86356,-7.174475],[111.86377,-7.174505],[111.864345,-7.174875],[111.864725,-7.17497],[111.865435,-7.175215],[111.86576,-7.17535],[111.86575,-7.175435],[111.866085,-7.176725],[111.86636,-7.176755],[111.866315,-7.176985],[111.866745,-7.17717],[111.86753,-7.177335],[111.86797,-7.177635],[111.868855,-7.17789],[111.869325,-7.177985],[111.86916,-7.1785],[111.869025,-7.179645],[111.869015,-7.18002],[111.869095,-7.180995],[111.869255,-7.18142],[111.86929,-7.182015],[111.869325,-7.182185],[111.869,-7.18301],[111.868855,-7.183205],[111.8688,-7.183505],[111.868675,-7.183615],[111.868545,-7.183855],[111.868235,-7.18414],[111.86815,-7.18447],[111.868565,-7.18456],[111.868835,-7.184345],[111.869205,-7.18438],[111.869445,-7.184455],[111.870115,-7.184595],[111.870635,-7.1848],[111.871005,-7.18484],[111.87121,-7.18478],[111.87165,-7.184845],[111.871735,-7.18487],[111.87388,-7.185195],[111.87399,-7.18507],[111.874295,-7.18503],[111.874585,-7.185145],[111.874705,-7.185245],[111.874955,-7.185265],[111.875165,-7.185415],[111.875935,-7.18559],[111.876145,-7.185685],[111.876685,-7.18425],[111.877655,-7.181375],[111.87806,-7.18148],[111.879265,-7.18176],[111.88025,-7.182045],[111.88079,-7.182145],[111.880895,-7.182115],[111.881,-7.18178],[111.881215,-7.181265],[111.88274,-7.17894],[111.883125,-7.178285],[111.883555,-7.17653],[111.88437,-7.176685],[111.884985,-7.174465],[111.883995,-7.17425],[111.883755,-7.174215],[111.88391,-7.173295],[111.88481,-7.17347],[111.884695,-7.17404],[111.884615,-7.174275],[111.885245,-7.174415],[111.885235,-7.1746],[111.885655,-7.174695],[111.88599,-7.174705],[111.88593,-7.17496],[111.88593,-7.17523],[111.88627,-7.17521],[111.88661,-7.175265],[111.886695,-7.17471],[111.887655,-7.174905],[111.888,-7.17389],[111.88805,-7.17366],[111.888365,-7.172685],[111.888605,-7.172715],[111.88867,-7.17259],[111.889065,-7.17267],[111.889655,-7.17283],[111.88972,-7.17272],[111.889975,-7.172785],[111.890375,-7.173085],[111.890775,-7.17305],[111.891005,-7.172605],[111.89114,-7.17259],[111.891855,-7.173065],[111.89212,-7.17328],[111.8923,-7.173375],[111.892385,-7.173495],[111.892755,-7.1734],[111.893055,-7.17338],[111.893285,-7.172935],[111.89316,-7.172875],[111.893205,-7.17265],[111.89317,-7.172495],[111.893055,-7.17247],[111.893235,-7.17182],[111.89371,-7.171925],[111.8938,-7.171535],[111.89407,-7.169885],[111.89444,-7.170175],[111.894555,-7.17001],[111.895095,-7.170355],[111.8955,-7.169175],[111.895115,-7.16904],[111.895215,-7.168725],[111.895415,-7.16878],[111.89556,-7.16837],[111.89614,-7.168435],[111.896745,-7.168475],[111.896805,-7.16813],[111.896965,-7.167435],[111.89744,-7.167625],[111.89766,-7.16709],[111.89777,-7.166715],[111.89851,-7.166855],[111.89858,-7.166565],[111.898715,-7.166205],[111.899055,-7.1663],[111.899135,-7.16606],[111.89925,-7.165355],[111.898385,-7.16511],[111.898445,-7.164625],[111.89798,-7.16453],[111.897485,-7.164485],[111.897705,-7.16352],[111.897755,-7.162745],[111.899125,-7.162705],[111.89952,-7.162715],[111.901115,-7.162975],[111.90133,-7.163045],[111.901485,-7.162445],[111.902385,-7.162675],[111.90261,-7.162765],[111.90278,-7.16227],[111.90287,-7.16211],[111.90344,-7.162315],[111.903615,-7.161835],[111.90377,-7.16125],[111.903505,-7.16115],[111.90367,-7.16073],[111.903465,-7.160635],[111.90279,-7.1604],[111.902915,-7.16005],[111.90313,-7.159565],[111.90234,-7.159355],[111.902335,-7.15926],[111.902565,-7.15865],[111.90271,-7.158695],[111.90279,-7.15857],[111.903205,-7.158665],[111.90368,-7.157425],[111.903785,-7.15746],[111.903995,-7.157005],[111.90432,-7.157035],[111.90452,-7.156565],[111.90564,-7.15587],[111.905895,-7.15534],[111.906015,-7.15502],[111.906135,-7.155055],[111.90972,-7.15602],[111.909785,-7.15603],[111.910115,-7.15531],[111.910605,-7.15476],[111.91075,-7.15454],[111.911455,-7.153915],[111.912495,-7.15215],[111.91254,-7.15189],[111.912935,-7.15133],[111.91298,-7.15113],[111.91283,-7.150605],[111.912805,-7.150335],[111.912955,-7.150135],[111.913225,-7.149915],[111.91328,-7.149805],[111.91323,-7.14937],[111.91341,-7.149115],[111.91394,-7.14823],[111.91396,-7.148025],[111.91422,-7.147655],[111.91436,-7.147505],[111.914535,-7.14746],[111.91459,-7.147295],[111.91524,-7.14471],[111.9151,-7.1447],[111.916255,-7.14337],[111.91718,-7.1428],[111.918015,-7.142205],[111.919865,-7.14215],[111.921355,-7.14288],[111.92215,-7.144105],[111.92238,-7.14511],[111.923815,-7.147485],[111.922475,-7.14776],[111.922355,-7.14847],[111.921465,-7.148515],[111.920555,-7.14986],[111.920355,-7.150425],[111.92021,-7.15037],[111.91996,-7.15074],[111.91888,-7.15242],[111.91814,-7.15359],[111.91754,-7.15496],[111.91622,-7.15851],[111.91608,-7.159995],[111.91651,-7.16014],[111.91739,-7.16051],[111.91781,-7.160705],[111.9181,-7.16068],[111.918695,-7.1608],[111.91978,-7.161115],[111.91962,-7.16138],[111.919135,-7.16238],[111.918825,-7.16352],[111.91872,-7.163545],[111.918255,-7.163425],[111.918115,-7.164165],[111.91795,-7.16467],[111.917855,-7.16467],[111.917705,-7.165045],[111.917605,-7.16517],[111.91749,-7.16552],[111.91733,-7.1659],[111.917245,-7.16622],[111.91703,-7.16685],[111.916435,-7.16669],[111.916425,-7.16696],[111.916315,-7.166985],[111.91618,-7.167465],[111.916075,-7.16804],[111.916275,-7.168125],[111.916215,-7.16854],[111.916055,-7.1691],[111.91582,-7.17006],[111.91572,-7.170545],[111.916305,-7.170605],[111.916625,-7.170675],[111.916645,-7.1706],[111.91736,-7.170745],[111.91738,-7.170815],[111.91777,-7.17092],[111.917685,-7.171275],[111.91748,-7.17257],[111.91784,-7.1725],[111.921,-7.171245],[111.922395,-7.16977],[111.922665,-7.167485],[111.924045,-7.164015],[111.925205,-7.159835],[111.92586,-7.15961],[111.927105,-7.15985],[111.92803,-7.15998],[111.92843,-7.159985],[111.92865,-7.16042],[111.92895,-7.16132],[111.92884,-7.16461],[111.92881,-7.16685],[111.928835,-7.16803],[111.929425,-7.168225],[111.930515,-7.168665],[111.931735,-7.168985],[111.93195,-7.167445],[111.93209,-7.166915],[111.93299,-7.1636],[111.933305,-7.16144],[111.933285,-7.16078],[111.93333,-7.16018]]]}},{"type":"Feature","properties":{"nama":"Bubulan"},"geometry":{"type":"Polygon","coordinates":[[[111.87925,-7.31011],[111.87878,-7.30956],[111.87769,-7.30803],[111.87695,-7.3067],[111.87633,-7.30552],[111.8755,-7.30408],[111.875,-7.30336],[111.87399,-7.30269],[111.87332,-7.30212],[111.8728,-7.30159],[111.87232,-7.30104],[111.87182,-7.30033],[111.87128,-7.29963],[111.87066,-7.29876],[111.87037,-7.29723],[111.87048,-7.29667],[111.87071,-7.29604],[111.87088,-7.29542],[111.87094,-7.29469],[111.87094,-7.29385],[111.8709,-7.2938],[111.86834,-7.29183],[111.86776,-7.29153],[111.86709,-7.29124],[111.86674,-7.29103],[111.86615,-7.29075],[111.8657,-7.29043],[111.86512,-7.2902],[111.86383,-7.28998],[111.8633,-7.2899],[111.86272,-7.28996],[111.86212,-7.29017],[111.86086,-7.2905],[111.86038,-7.29065],[111.85968,-7.29047],[111.85841,-7.29045],[111.85829,-7.29048],[111.85728,-7.29029],[111.85642,-7.29018],[111.8559,-7.29009],[111.8556,-7.28992],[111.85482,-7.28953],[111.85434,-7.28925],[111.85378,-7.28897],[111.85343,-7.28862],[111.8524,-7.28815],[111.85191,-7.28802],[111.85153,-7.28804],[111.85082,-7.28842],[111.84992,-7.28888],[111.84945,-7.28908],[111.84887,-7.2894],[111.84841,-7.28949],[111.84777,-7.28954],[111.84725,-7.28954],[111.8466,-7.28941],[111.84619,-7.28918],[111.84546,-7.28871],[111.84512,-7.28827],[111.84426,-7.28748],[111.84334,-7.28683],[111.84281,-7.28649],[111.84224,-7.28619],[111.84184,-7.28603],[111.84046,-7.2859],[111.83944,-7.28602],[111.83749,-7.28635],[111.83675,-7.28634],[111.83598,-7.28647],[111.83548,-7.28645],[111.83471,-7.28647],[111.834,-7.28644],[111.83229,-7.28629],[111.83137,-7.28618],[111.83045,-7.28591],[111.82958,-7.28562],[111.82898,-7.28548],[111.82868,-7.28528],[111.82813,-7.285],[111.82746,-7.28488],[111.82674,-7.28463],[111.82599,-7.28431],[111.82522,-7.28403],[111.82463,-7.28401],[111.82416,-7.28383],[111.82368,-7.28368],[111.82249,-7.28357],[111.82182,-7.28354],[111.82119,-7.28373],[111.82062,-7.28398],[111.82039,-7.28402],[111.82013,-7.28398],[111.82002,-7.28387],[111.81985,-7.28355],[111.81972,-7.28342],[111.81947,-7.28329],[111.81893,-7.28308],[111.81843,-7.28297],[111.81791,-7.28275],[111.81727,-7.28239],[111.81667,-7.28182],[111.81621,-7.28168],[111.81575,-7.28123],[111.81424,-7.27986],[111.81266,-7.27833],[111.81182,-7.27759],[111.81113,-7.27684],[111.81077,-7.27652],[111.81029,-7.27601],[111.80915,-7.27504],[111.80899,-7.2748],[111.80867,-7.27418],[111.80839,-7.27372],[111.80802,-7.27303],[111.80788,-7.2727],[111.80754,-7.27221],[111.80729,-7.27189],[111.80727,-7.2717],[111.80707,-7.27148],[111.8069,-7.27099],[111.80638,-7.27012],[111.80514,-7.26905],[111.80457,-7.26867],[111.80364,-7.26836],[111.80333,-7.26842],[111.80318,-7.26853],[111.80308,-7.26871],[111.80304,-7.26893],[111.80307,-7.26926],[111.80324,-7.26995],[111.80326,-7.27076],[111.80318,-7.27096],[111.80298,-7.27115],[111.80265,-7.27136],[111.80236,-7.27138],[111.80199,-7.27149],[111.80186,-7.2716],[111.80171,-7.27184],[111.8013,-7.27237],[111.80083,-7.27352],[111.80026,-7.27418],[111.79985,-7.27492],[111.79953,-7.27526],[111.79949,-7.27616],[111.79915,-7.27648],[111.7991,-7.27667],[111.79869,-7.27765],[111.79866,-7.27792],[111.79864,-7.27886],[111.79843,-7.27892],[111.79778,-7.28073],[111.79744,-7.28155],[111.79732,-7.28193],[111.79729,-7.28221],[111.79751,-7.28311],[111.79729,-7.28351],[111.7973,-7.28362],[111.7978,-7.28384],[111.79786,-7.28398],[111.79783,-7.28423],[111.796495,-7.288465],[111.79629,-7.28952],[111.79591,-7.29011],[111.79587,-7.29028],[111.79622,-7.29101],[111.79637,-7.29181],[111.79658,-7.29251],[111.79661,-7.2928],[111.79656,-7.29309],[111.79642,-7.29355],[111.7963,-7.29496],[111.79626,-7.29532],[111.79612,-7.2957],[111.7959,-7.29837],[111.79559,-7.30187],[111.79429,-7.30178],[111.79358,-7.30179],[111.79305,-7.30189],[111.79308,-7.30204],[111.79234,-7.30205],[111.791,-7.30235],[111.79054,-7.3025],[111.79031,-7.30382],[111.78999,-7.30431],[111.78975,-7.30504],[111.78953,-7.30561],[111.78932,-7.3063],[111.78924,-7.30708],[111.78906,-7.30798],[111.7888,-7.30975],[111.78879,-7.31071],[111.7884,-7.31255],[111.78833,-7.3133],[111.78832,-7.3147],[111.78826,-7.31589],[111.78812,-7.31695],[111.78843,-7.31759],[111.78823,-7.31796],[111.78798,-7.31871],[111.78789,-7.31926],[111.78769,-7.32022],[111.78747,-7.32164],[111.78744,-7.32209],[111.78733,-7.32262],[111.78709,-7.3239],[111.78691,-7.32498],[111.78696,-7.32626],[111.7869,-7.32631],[111.78644,-7.32625],[111.78623,-7.32653],[111.78619,-7.32674],[111.78505,-7.32734],[111.78393,-7.3286],[111.78289,-7.32963],[111.78231,-7.33016],[111.781745,-7.330535],[111.78149,-7.33054],[111.78135,-7.330695],[111.780055,-7.331555],[111.779715,-7.331715],[111.778975,-7.33195],[111.778605,-7.33198],[111.778455,-7.332085],[111.77846,-7.332205],[111.77861,-7.33253],[111.778805,-7.333085],[111.778755,-7.33339],[111.778455,-7.333515],[111.778175,-7.33348],[111.77805,-7.333725],[111.778155,-7.333955],[111.778305,-7.33407],[111.778325,-7.3343],[111.778225,-7.334495],[111.777635,-7.335165],[111.77747,-7.33548],[111.77722,-7.335845],[111.777225,-7.336035],[111.77734,-7.3362],[111.77739,-7.33639],[111.77729,-7.3368],[111.777205,-7.33693],[111.77679,-7.336885],[111.77649,-7.33657],[111.77627,-7.336445],[111.775995,-7.336425],[111.77587,-7.336615],[111.77597,-7.33683],[111.77632,-7.337005],[111.77642,-7.337115],[111.77651,-7.337705],[111.77672,-7.33808],[111.776695,-7.338325],[111.77642,-7.33867],[111.77611,-7.338925],[111.77605,-7.339025],[111.77606,-7.33927],[111.776315,-7.339355],[111.776565,-7.339225],[111.77689,-7.338795],[111.77712,-7.338625],[111.77741,-7.33861],[111.777645,-7.33872],[111.777905,-7.33896],[111.778155,-7.339475],[111.77815,-7.33969],[111.77796,-7.33995],[111.77778,-7.340045],[111.777515,-7.3403],[111.77757,-7.340485],[111.777935,-7.340545],[111.778255,-7.34065],[111.77843,-7.340615],[111.77861,-7.340495],[111.778655,-7.34009],[111.77883,-7.339465],[111.778825,-7.338985],[111.77906,-7.33883],[111.779595,-7.338885],[111.78006,-7.33905],[111.78044,-7.33887],[111.780665,-7.33891],[111.78074,-7.33899],[111.7808,-7.33934],[111.78063,-7.3397],[111.780745,-7.340135],[111.78105,-7.340435],[111.781275,-7.340485],[111.78222,-7.34063],[111.782645,-7.340795],[111.78268,-7.34096],[111.782625,-7.341165],[111.782655,-7.34134],[111.78316,-7.34206],[111.783275,-7.342325],[111.78327,-7.34254],[111.78316,-7.34272],[111.782865,-7.34292],[111.78269,-7.34291],[111.782355,-7.34271],[111.78219,-7.34245],[111.78217,-7.342135],[111.781945,-7.34201],[111.781745,-7.342015],[111.78155,-7.34212],[111.78141,-7.342335],[111.78142,-7.342485],[111.781605,-7.34274],[111.7826,-7.34356],[111.782605,-7.34372],[111.78254,-7.34411],[111.78216,-7.34444],[111.78242,-7.34466],[111.78245,-7.34479],[111.78243,-7.34527],[111.78252,-7.34529],[111.78306,-7.34522],[111.78325,-7.34527],[111.78352,-7.34549],[111.78347,-7.3456],[111.78295,-7.34605],[111.78282,-7.34638],[111.7832,-7.34667],[111.78327,-7.3469],[111.78332,-7.34762],[111.78308,-7.347805],[111.783,-7.348035],[111.783175,-7.34832],[111.783195,-7.34845],[111.783115,-7.3487],[111.78266,-7.348755],[111.782315,-7.34887],[111.78222,-7.349005],[111.782605,-7.349215],[111.782735,-7.349405],[111.782795,-7.349595],[111.78302,-7.349615],[111.783135,-7.349825],[111.783135,-7.35011],[111.782965,-7.3503],[111.78268,-7.35043],[111.782525,-7.350605],[111.782565,-7.35106],[111.78247,-7.35125],[111.78205,-7.35129],[111.78188,-7.35188],[111.781955,-7.35205],[111.78211,-7.352165],[111.782315,-7.352165],[111.782605,-7.351975],[111.78281,-7.351555],[111.782985,-7.351555],[111.78327,-7.35186],[111.783385,-7.352145],[111.783555,-7.35228],[111.78388,-7.35241],[111.784775,-7.35247],[111.78483,-7.352715],[111.78407,-7.353175],[111.78405,-7.3534],[111.784375,-7.35367],[111.784565,-7.353955],[111.78466,-7.354355],[111.78487,-7.35456],[111.785155,-7.35466],[111.78527,-7.354085],[111.785515,-7.353895],[111.785745,-7.35403],[111.785895,-7.35397],[111.785705,-7.353535],[111.785915,-7.35342],[111.806,-7.36186],[111.816995,-7.373535],[111.81882,-7.371365],[111.81901,-7.37108],[111.8192,-7.370455],[111.819295,-7.36998],[111.81937,-7.36933],[111.81922,-7.368495],[111.81922,-7.36733],[111.819125,-7.36634],[111.819135,-7.3661],[111.81939,-7.365805],[111.81964,-7.365685],[111.817565,-7.362375],[111.81456,-7.35395],[111.81513,-7.35393],[111.81574,-7.35384],[111.81684,-7.35347],[111.81781,-7.35297],[111.81886,-7.35245],[111.8198,-7.35208],[111.82074,-7.35161],[111.82123,-7.35133],[111.82129,-7.3528],[111.82137,-7.35392],[111.82153,-7.35475],[111.8224,-7.35564],[111.82233,-7.3563],[111.82218,-7.35679],[111.82208,-7.35814],[111.82185,-7.35924],[111.82182,-7.35954],[111.82188,-7.35981],[111.82213,-7.36063],[111.82255,-7.36151],[111.82261,-7.36184],[111.82259,-7.36211],[111.82433,-7.36273],[111.82584,-7.36302],[111.82729,-7.36335],[111.82774,-7.36342],[111.82886,-7.3635],[111.83046,-7.36369],[111.83181,-7.3637],[111.83304,-7.36362],[111.83414,-7.36358],[111.83553,-7.36324],[111.83664,-7.36305],[111.83702,-7.363],[111.83789,-7.36292],[111.83903,-7.36279],[111.83944,-7.36296],[111.83984,-7.363],[111.84041,-7.36317],[111.84076,-7.36331],[111.8412,-7.3637],[111.84174,-7.36402],[111.84344,-7.36403],[111.84471,-7.36415],[111.84583,-7.36415],[111.84645,-7.36405],[111.84703,-7.36398],[111.84795,-7.36424],[111.84886,-7.36464],[111.85027,-7.36533],[111.85085,-7.36556],[111.85189,-7.36583],[111.85288,-7.36593],[111.85369,-7.36585],[111.85538,-7.36545],[111.85618,-7.36521],[111.85918,-7.3654],[111.85961,-7.36547],[111.86039,-7.36565],[111.86065,-7.3655],[111.86095,-7.36466],[111.86121,-7.36458],[111.86093,-7.36437],[111.86106,-7.36408],[111.86097,-7.36392],[111.86076,-7.36384],[111.86062,-7.36371],[111.86012,-7.36366],[111.85974,-7.36367],[111.85953,-7.36379],[111.85936,-7.36396],[111.85918,-7.364],[111.85902,-7.36392],[111.85893,-7.36375],[111.85864,-7.36346],[111.85838,-7.3631],[111.85803,-7.36321],[111.85746,-7.36346],[111.85725,-7.36352],[111.85706,-7.36337],[111.85716,-7.36327],[111.85756,-7.36315],[111.8576,-7.36292],[111.85739,-7.36284],[111.85734,-7.36266],[111.858,-7.36226],[111.85824,-7.36207],[111.85868,-7.36184],[111.85889,-7.36177],[111.85939,-7.36172],[111.8596,-7.36176],[111.86002,-7.36199],[111.86082,-7.36212],[111.86107,-7.36202],[111.86166,-7.36165],[111.86182,-7.36148],[111.86203,-7.36148],[111.86246,-7.36161],[111.86315,-7.36203],[111.8636,-7.36213],[111.86392,-7.36247],[111.8639,-7.36269],[111.864,-7.36283],[111.86424,-7.3629],[111.86456,-7.36264],[111.86489,-7.36255],[111.86515,-7.36257],[111.86563,-7.3627],[111.86608,-7.36292],[111.86636,-7.36317],[111.8665,-7.3634],[111.8667,-7.36351],[111.86689,-7.36371],[111.86699,-7.36393],[111.86731,-7.36388],[111.86756,-7.36366],[111.86759,-7.36354],[111.86796,-7.36328],[111.86823,-7.36329],[111.86863,-7.36352],[111.86889,-7.36354],[111.86942,-7.36348],[111.86972,-7.36324],[111.86974,-7.36312],[111.86994,-7.36293],[111.87018,-7.36283],[111.87038,-7.36265],[111.87038,-7.3625],[111.87052,-7.362365],[111.86567,-7.35744],[111.86502,-7.35708],[111.86469,-7.35686],[111.86401,-7.35631],[111.86357,-7.35569],[111.86332,-7.35526],[111.86306,-7.35476],[111.86277,-7.35395],[111.86267,-7.35352],[111.86266,-7.35265],[111.86242,-7.35151],[111.86243,-7.35069],[111.86231,-7.3497],[111.86206,-7.34842],[111.86207,-7.34825],[111.8619,-7.3469],[111.86207,-7.34664],[111.86212,-7.34626],[111.86214,-7.34566],[111.86223,-7.34538],[111.86246,-7.345],[111.86253,-7.34477],[111.86281,-7.34451],[111.86296,-7.34399],[111.86262,-7.34347],[111.86239,-7.34288],[111.8623,-7.34241],[111.86232,-7.34217],[111.8624,-7.34191],[111.86256,-7.34168],[111.86292,-7.34129],[111.86336,-7.34074],[111.86367,-7.34051],[111.86459,-7.3402],[111.86485,-7.34],[111.86533,-7.33946],[111.86541,-7.33926],[111.86546,-7.33892],[111.86545,-7.33856],[111.86532,-7.33826],[111.86554,-7.33812],[111.86567,-7.33782],[111.86589,-7.3377],[111.86631,-7.33711],[111.86642,-7.33691],[111.86645,-7.33645],[111.86672,-7.33616],[111.86673,-7.3358],[111.86678,-7.33564],[111.86668,-7.33529],[111.86683,-7.33469],[111.86722,-7.33405],[111.86743,-7.33376],[111.86748,-7.3336],[111.86736,-7.33315],[111.86736,-7.333],[111.86758,-7.33256],[111.86795,-7.33204],[111.86799,-7.33159],[111.86808,-7.33145],[111.86858,-7.33109],[111.86883,-7.33065],[111.86896,-7.33049],[111.86926,-7.33031],[111.87014,-7.33001],[111.87048,-7.3298],[111.87237,-7.32858],[111.87258,-7.32846],[111.87278,-7.32842],[111.87317,-7.32847],[111.87359,-7.32858],[111.8743,-7.32894],[111.87489,-7.32901],[111.87519,-7.32929],[111.87549,-7.32932],[111.87592,-7.32911],[111.87633,-7.32866],[111.87667,-7.32864],[111.877,-7.32857],[111.87733,-7.32808],[111.87803,-7.32732],[111.87822,-7.32747],[111.879125,-7.327695],[111.879885,-7.328285],[111.880675,-7.328515],[111.88113,-7.328485],[111.881625,-7.328315],[111.88201,-7.32841],[111.88272,-7.32853],[111.88491,-7.32896],[111.8855,-7.329055],[111.88558,-7.328365],[111.886205,-7.328475],[111.886395,-7.32871],[111.886505,-7.32866],[111.88674,-7.32868],[111.886885,-7.32884],[111.887235,-7.328855],[111.887465,-7.328605],[111.8878,-7.328745],[111.88785,-7.328895],[111.88821,-7.32892],[111.888215,-7.329155],[111.88862,-7.32911],[111.88983,-7.3291],[111.89177,-7.32914],[111.89214,-7.32917],[111.8931,-7.32939],[111.89341,-7.32952],[111.893645,-7.32814],[111.893795,-7.32747],[111.89402,-7.32655],[111.89406,-7.326235],[111.894175,-7.326],[111.8943,-7.32524],[111.89433,-7.324865],[111.89443,-7.324465],[111.89444,-7.324145],[111.89436,-7.32401],[111.894355,-7.32359],[111.8946,-7.32144],[111.89412,-7.321365],[111.894145,-7.3211],[111.89398,-7.32095],[111.893785,-7.320885],[111.89398,-7.32053],[111.894095,-7.31999],[111.89413,-7.3197],[111.89425,-7.3195],[111.89391,-7.319335],[111.89353,-7.319295],[111.893315,-7.319225],[111.892865,-7.318815],[111.89226,-7.318445],[111.89186,-7.31818],[111.89106,-7.317595],[111.8908,-7.31768],[111.89027,-7.31772],[111.88972,-7.31779],[111.88954,-7.31784],[111.88919,-7.3182],[111.88862,-7.318585],[111.88796,-7.318585],[111.887855,-7.31866],[111.887815,-7.318845],[111.88719,-7.319475],[111.88599,-7.31921],[111.88594,-7.319415],[111.885585,-7.319295],[111.885425,-7.319325],[111.88546,-7.319045],[111.88521,-7.31888],[111.88494,-7.318935],[111.884775,-7.318835],[111.884575,-7.31921],[111.884375,-7.319395],[111.88412,-7.31972],[111.88395,-7.32042],[111.8839,-7.32078],[111.88379,-7.320835],[111.88357,-7.32073],[111.88334,-7.320485],[111.883265,-7.32032],[111.883255,-7.3201],[111.883315,-7.31983],[111.88372,-7.319015],[111.883675,-7.31876],[111.883115,-7.3185],[111.88282,-7.318215],[111.882505,-7.3178],[111.880635,-7.317815],[111.88026,-7.31642],[111.87977,-7.31655],[111.87948,-7.31647],[111.8781,-7.31592],[111.87868,-7.3158],[111.87924,-7.31581],[111.87974,-7.31579],[111.88007,-7.3157],[111.8805,-7.31551],[111.88073,-7.31535],[111.8809,-7.31506],[111.88096,-7.31485],[111.88097,-7.31453],[111.88092,-7.31369],[111.8807,-7.31267],[111.88063,-7.31243],[111.879895,-7.311295],[111.87984,-7.31112],[111.87987,-7.31084],[111.87925,-7.31011]]]}},{"type":"Feature","properties":{"nama":"Dander"},"geometry":{"type":"Polygon","coordinates":[[[111.85827,-7.16432],[111.858315,-7.1643],[111.85801,-7.16364],[111.857875,-7.163155],[111.857815,-7.162455],[111.85783,-7.16185],[111.85791,-7.16112],[111.85828,-7.159615],[111.85845,-7.15882],[111.85875,-7.15571],[111.85866,-7.15098],[111.858515,-7.149135],[111.85819,-7.146185],[111.858065,-7.144135],[111.85802,-7.14302],[111.857965,-7.14206],[111.85786,-7.14136],[111.85773,-7.14096],[111.857485,-7.14052],[111.857175,-7.14003],[111.85702,-7.1399],[111.856575,-7.139645],[111.855945,-7.13949],[111.855615,-7.139485],[111.855345,-7.13955],[111.854845,-7.13971],[111.85448,-7.140015],[111.85429,-7.14038],[111.854105,-7.14095],[111.85388,-7.141975],[111.85371,-7.143475],[111.853645,-7.144845],[111.853485,-7.145845],[111.853275,-7.146765],[111.853015,-7.148455],[111.85276,-7.1495],[111.852275,-7.15055],[111.85163,-7.15172],[111.851055,-7.15246],[111.85035,-7.153175],[111.84928,-7.15375],[111.84746,-7.154745],[111.84674,-7.155035],[111.84581,-7.155195],[111.845085,-7.15522],[111.844355,-7.15503],[111.84301,-7.15447],[111.84268,-7.154315],[111.842135,-7.155345],[111.841805,-7.15618],[111.84156,-7.156105],[111.84136,-7.156125],[111.841305,-7.156585],[111.841235,-7.15676],[111.840985,-7.15678],[111.840865,-7.157655],[111.84029,-7.1586],[111.83959,-7.15956],[111.83944,-7.15997],[111.83891,-7.16085],[111.83822,-7.16195],[111.83758,-7.16305],[111.83689,-7.16438],[111.83639,-7.1653],[111.83601,-7.16559],[111.83557,-7.16576],[111.83552,-7.16618],[111.83546,-7.16709],[111.83546,-7.16771],[111.83517,-7.16835],[111.83453,-7.16825],[111.83379,-7.16821],[111.83342,-7.16813],[111.83329,-7.16824],[111.8331,-7.16815],[111.83235,-7.1683],[111.83209,-7.16826],[111.8319,-7.16838],[111.83161,-7.16844],[111.83149,-7.16863],[111.83108,-7.16882],[111.83062,-7.16867],[111.83032,-7.16879],[111.83007,-7.16879],[111.82985,-7.16894],[111.82968,-7.16898],[111.82924,-7.16887],[111.82911,-7.16914],[111.8288,-7.16911],[111.82858,-7.16888],[111.82841,-7.16879],[111.82809,-7.16875],[111.82793,-7.16901],[111.82778,-7.16912],[111.82765,-7.16938],[111.82729,-7.16943],[111.82705,-7.1697],[111.82684,-7.16971],[111.82659,-7.16988],[111.82634,-7.1698],[111.82617,-7.16986],[111.82619,-7.17016],[111.82612,-7.17024],[111.825635,-7.170175],[111.82521,-7.17016],[111.824935,-7.170215],[111.824815,-7.170125],[111.82448,-7.170155],[111.8243,-7.170115],[111.824295,-7.17],[111.824105,-7.169905],[111.82387,-7.170105],[111.823525,-7.170145],[111.823355,-7.169985],[111.823055,-7.169915],[111.82275,-7.1697],[111.82241,-7.169595],[111.822195,-7.169995],[111.822,-7.17],[111.8219,-7.17018],[111.82175,-7.17027],[111.82128,-7.17098],[111.821065,-7.171355],[111.82077,-7.171465],[111.82072,-7.17159],[111.82056,-7.17167],[111.820775,-7.17189],[111.821295,-7.17212],[111.821645,-7.172165],[111.8213,-7.172595],[111.820995,-7.17274],[111.82113,-7.172815],[111.821055,-7.17296],[111.821685,-7.17325],[111.82164,-7.17334],[111.821905,-7.17349],[111.82171,-7.174015],[111.820675,-7.173575],[111.82033,-7.17435],[111.82036,-7.17455],[111.81995,-7.174425],[111.819835,-7.175005],[111.819005,-7.17468],[111.8188,-7.17518],[111.818275,-7.176345],[111.81993,-7.17697],[111.81985,-7.177175],[111.820665,-7.177505],[111.82149,-7.17788],[111.82162,-7.17792],[111.82123,-7.17865],[111.820745,-7.180015],[111.821455,-7.18034],[111.821285,-7.180745],[111.82082,-7.18169],[111.820725,-7.181645],[111.82044,-7.182355],[111.820155,-7.182915],[111.82041,-7.183125],[111.820385,-7.1832],[111.820785,-7.183435],[111.820885,-7.183565],[111.82078,-7.183885],[111.82062,-7.184125],[111.82035,-7.18475],[111.82057,-7.18491],[111.820505,-7.18502],[111.82067,-7.185375],[111.82087,-7.185895],[111.82087,-7.186065],[111.82073,-7.186345],[111.820675,-7.186575],[111.8204,-7.18688],[111.820245,-7.187205],[111.820115,-7.187325],[111.819755,-7.187125],[111.819515,-7.187115],[111.81921,-7.187275],[111.818955,-7.187505],[111.818795,-7.187595],[111.818365,-7.18775],[111.818005,-7.18808],[111.81815,-7.18821],[111.818145,-7.18846],[111.81803,-7.18859],[111.81799,-7.188875],[111.817765,-7.18915],[111.817755,-7.18955],[111.817575,-7.1899],[111.81736,-7.19017],[111.817125,-7.190385],[111.81708,-7.190505],[111.81668,-7.190805],[111.8165,-7.191105],[111.816545,-7.191465],[111.81648,-7.19167],[111.816195,-7.191805],[111.816,-7.1918],[111.81573,-7.191885],[111.81552,-7.191835],[111.8153,-7.19161],[111.81514,-7.191655],[111.81497,-7.191975],[111.814795,-7.19207],[111.814435,-7.192015],[111.813855,-7.192745],[111.813645,-7.19298],[111.81339,-7.193085],[111.81315,-7.19333],[111.81272,-7.19355],[111.812285,-7.19355],[111.81194,-7.19367],[111.811405,-7.19407],[111.81124,-7.19435],[111.811215,-7.19449],[111.811265,-7.19485],[111.81114,-7.19507],[111.810615,-7.19521],[111.810325,-7.19548],[111.810255,-7.195605],[111.8103,-7.195775],[111.81046,-7.195905],[111.810455,-7.19617],[111.810115,-7.196395],[111.810045,-7.196575],[111.810125,-7.19667],[111.81033,-7.19673],[111.810215,-7.197145],[111.809775,-7.197405],[111.80975,-7.197705],[111.80937,-7.198285],[111.80915,-7.19835],[111.808705,-7.19818],[111.808425,-7.19827],[111.80833,-7.198365],[111.80869,-7.198725],[111.80886,-7.19881],[111.80873,-7.19902],[111.808195,-7.1998],[111.807545,-7.19947],[111.80753,-7.19969],[111.80721,-7.20046],[111.80719,-7.20067],[111.80693,-7.20136],[111.80681,-7.20143],[111.80637,-7.20143],[111.80623,-7.20169],[111.80624,-7.20195],[111.80583,-7.20214],[111.80567,-7.20233],[111.80556,-7.20257],[111.80543,-7.2032],[111.80486,-7.20422],[111.80482,-7.20438],[111.80473,-7.20507],[111.80458,-7.20519],[111.80415,-7.20544],[111.80391,-7.20574],[111.80298,-7.20565],[111.80231,-7.20576],[111.80212,-7.20588],[111.80199,-7.20604],[111.80173,-7.20667],[111.80162,-7.20672],[111.80131,-7.20673],[111.80044,-7.20648],[111.79998,-7.20647],[111.79979,-7.20651],[111.79957,-7.20664],[111.79929,-7.20689],[111.79901,-7.20723],[111.79889,-7.20871],[111.79875,-7.20942],[111.79873,-7.20992],[111.79868,-7.21017],[111.79885,-7.21105],[111.79879,-7.21144],[111.79893,-7.21179],[111.7989,-7.21238],[111.79895,-7.21266],[111.79914,-7.21315],[111.79906,-7.21345],[111.79878,-7.21405],[111.79854,-7.21525],[111.79838,-7.2157],[111.79783,-7.21681],[111.79787,-7.21708],[111.79738,-7.21785],[111.79717,-7.21857],[111.79708,-7.21877],[111.7964,-7.2195],[111.7963,-7.21992],[111.79621,-7.22073],[111.79589,-7.22202],[111.79565,-7.22264],[111.79529,-7.2234],[111.79524,-7.2238],[111.79502,-7.22491],[111.79472,-7.22574],[111.79461,-7.22597],[111.79452,-7.22661],[111.79445,-7.22747],[111.79439,-7.2279],[111.79431,-7.22818],[111.79389,-7.22895],[111.7937,-7.22951],[111.79358,-7.23008],[111.79347,-7.23044],[111.79299,-7.23163],[111.79239,-7.23319],[111.79224,-7.23354],[111.79207,-7.23413],[111.79191,-7.23477],[111.7915,-7.23653],[111.79143,-7.23692],[111.79129,-7.23742],[111.79122,-7.23805],[111.79122,-7.23835],[111.79127,-7.23883],[111.79151,-7.23986],[111.79172,-7.24045],[111.79215,-7.24138],[111.7927,-7.24239],[111.79307,-7.24311],[111.79348,-7.24396],[111.7948,-7.24631],[111.79529,-7.24709],[111.79685,-7.24946],[111.79713,-7.25],[111.79723,-7.25042],[111.79723,-7.25122],[111.79674,-7.25251],[111.79682,-7.25338],[111.79699,-7.25413],[111.79704,-7.25495],[111.79727,-7.25566],[111.79745,-7.25648],[111.79753,-7.25715],[111.79841,-7.25872],[111.79876,-7.25972],[111.79892,-7.26045],[111.79932,-7.26129],[111.79953,-7.26162],[111.8001,-7.2623],[111.80099,-7.26315],[111.80151,-7.26337],[111.80226,-7.26386],[111.803,-7.26447],[111.80428,-7.26601],[111.80368,-7.26661],[111.80362,-7.2668],[111.80365,-7.26694],[111.804,-7.26745],[111.80402,-7.26763],[111.80392,-7.268],[111.80378,-7.26828],[111.80364,-7.26836],[111.80457,-7.26867],[111.80514,-7.26905],[111.80638,-7.27012],[111.8069,-7.27099],[111.80707,-7.27148],[111.80727,-7.2717],[111.80729,-7.27189],[111.80754,-7.27221],[111.80788,-7.2727],[111.80802,-7.27303],[111.80839,-7.27372],[111.80867,-7.27418],[111.80899,-7.2748],[111.80915,-7.27504],[111.81029,-7.27601],[111.81077,-7.27652],[111.81113,-7.27684],[111.81182,-7.27759],[111.81266,-7.27833],[111.81424,-7.27986],[111.81575,-7.28123],[111.81621,-7.28168],[111.81667,-7.28182],[111.81727,-7.28239],[111.81791,-7.28275],[111.81843,-7.28297],[111.81893,-7.28308],[111.81947,-7.28329],[111.81972,-7.28342],[111.81985,-7.28355],[111.82002,-7.28387],[111.82013,-7.28398],[111.82039,-7.28402],[111.82062,-7.28398],[111.82119,-7.28373],[111.82182,-7.28354],[111.82249,-7.28357],[111.82368,-7.28368],[111.82416,-7.28383],[111.82463,-7.28401],[111.82522,-7.28403],[111.82599,-7.28431],[111.82674,-7.28463],[111.82746,-7.28488],[111.82813,-7.285],[111.82868,-7.28528],[111.82898,-7.28548],[111.82958,-7.28562],[111.83045,-7.28591],[111.83137,-7.28618],[111.83229,-7.28629],[111.834,-7.28644],[111.83471,-7.28647],[111.83548,-7.28645],[111.83598,-7.28647],[111.83675,-7.28634],[111.83749,-7.28635],[111.83944,-7.28602],[111.84046,-7.2859],[111.84184,-7.28603],[111.84224,-7.28619],[111.84281,-7.28649],[111.84334,-7.28683],[111.84426,-7.28748],[111.84512,-7.28827],[111.84546,-7.28871],[111.84619,-7.28918],[111.8466,-7.28941],[111.84725,-7.28954],[111.84777,-7.28954],[111.84841,-7.28949],[111.84887,-7.2894],[111.84945,-7.28908],[111.84992,-7.28888],[111.85082,-7.28842],[111.85153,-7.28804],[111.85191,-7.28802],[111.8524,-7.28815],[111.85343,-7.28862],[111.85378,-7.28897],[111.85434,-7.28925],[111.85482,-7.28953],[111.8556,-7.28992],[111.8559,-7.29009],[111.85642,-7.29018],[111.85728,-7.29029],[111.85829,-7.29048],[111.85841,-7.29045],[111.85968,-7.29047],[111.86038,-7.29065],[111.86086,-7.2905],[111.86212,-7.29017],[111.86272,-7.28996],[111.8633,-7.2899],[111.86383,-7.28998],[111.86512,-7.2902],[111.8657,-7.29043],[111.86615,-7.29075],[111.86674,-7.29103],[111.86709,-7.29124],[111.86776,-7.29153],[111.86834,-7.29183],[111.8709,-7.2938],[111.87094,-7.29385],[111.87094,-7.29469],[111.87088,-7.29542],[111.87071,-7.29604],[111.87048,-7.29667],[111.87037,-7.29723],[111.87066,-7.29876],[111.87128,-7.29963],[111.87182,-7.30033],[111.87232,-7.30104],[111.8728,-7.30159],[111.87332,-7.30212],[111.87399,-7.30269],[111.875,-7.30336],[111.8755,-7.30408],[111.87633,-7.30552],[111.87695,-7.3067],[111.87769,-7.30803],[111.87878,-7.30956],[111.87925,-7.31011],[111.874375,-7.301185],[111.87509,-7.29966],[111.876305,-7.29747],[111.878205,-7.29578],[111.880705,-7.2954],[111.88259,-7.295355],[111.88427,-7.29118],[111.88446,-7.29064],[111.88482,-7.28977],[111.88492,-7.28933],[111.88498,-7.28866],[111.88501,-7.28789],[111.88522,-7.28689],[111.88547,-7.2859],[111.88572,-7.28498],[111.88582,-7.28482],[111.88619,-7.28406],[111.88622,-7.28383],[111.88615,-7.28335],[111.88612,-7.28197],[111.8861,-7.28157],[111.887475,-7.28165],[111.888615,-7.28167],[111.888795,-7.28133],[111.88902,-7.280745],[111.889185,-7.28023],[111.88937,-7.28015],[111.8897,-7.27963],[111.890135,-7.279875],[111.89043,-7.27955],[111.8909,-7.279115],[111.89122,-7.278605],[111.891415,-7.278205],[111.89158,-7.27829],[111.89183,-7.277775],[111.89214,-7.27726],[111.892315,-7.276835],[111.892625,-7.276275],[111.8928,-7.275805],[111.89287,-7.27539],[111.893025,-7.27497],[111.8931,-7.27451],[111.89331,-7.27422],[111.89385,-7.2731],[111.8942,-7.27192],[111.89454,-7.27041],[111.89481,-7.26884],[111.89501,-7.26759],[111.89537,-7.26583],[111.89574,-7.26442],[111.89614,-7.26314],[111.89662,-7.26164],[111.89729,-7.25981],[111.89799,-7.25815],[111.89847,-7.25667],[111.89872,-7.25552],[111.89895,-7.25389],[111.89919,-7.25253],[111.89951,-7.25117],[111.89963,-7.25041],[111.89966,-7.25],[111.89936,-7.24885],[111.89936,-7.24747],[111.89944,-7.24598],[111.89939,-7.2432],[111.899375,-7.24294],[111.899195,-7.24293],[111.899175,-7.24248],[111.898805,-7.242425],[111.898925,-7.241265],[111.898025,-7.241005],[111.89747,-7.24089],[111.89751,-7.240355],[111.897485,-7.24017],[111.897465,-7.24],[111.897255,-7.240055],[111.896835,-7.24008],[111.895765,-7.240095],[111.894545,-7.240095],[111.89403,-7.240285],[111.89327,-7.240305],[111.892375,-7.24007],[111.89202,-7.24002],[111.89048,-7.240135],[111.8897,-7.24007],[111.887965,-7.23966],[111.88717,-7.23942],[111.88475,-7.23865],[111.884835,-7.23848],[111.8847,-7.238355],[111.884445,-7.238245],[111.883765,-7.23805],[111.883445,-7.237935],[111.882555,-7.23774],[111.88184,-7.23756],[111.88141,-7.237405],[111.88149,-7.23718],[111.881185,-7.237035],[111.88075,-7.23692],[111.880515,-7.23695],[111.880225,-7.236905],[111.87951,-7.23662],[111.879145,-7.23642],[111.87889,-7.236355],[111.878425,-7.236095],[111.878255,-7.2363],[111.87766,-7.23592],[111.877105,-7.235535],[111.877275,-7.235205],[111.87697,-7.23507],[111.87679,-7.2353],[111.876285,-7.235205],[111.87604,-7.23502],[111.87584,-7.235015],[111.8757,-7.235255],[111.87558,-7.23519],[111.875,-7.23524],[111.87453,-7.23518],[111.87393,-7.23506],[111.87317,-7.235],[111.87242,-7.2351],[111.87245,-7.23534],[111.87225,-7.23549],[111.87193,-7.23558],[111.87158,-7.23622],[111.87122,-7.23641],[111.87084,-7.23644],[111.86989,-7.23613],[111.86898,-7.23574],[111.86843,-7.23557],[111.86851,-7.23457],[111.86854,-7.23296],[111.86869,-7.23075],[111.86876,-7.23043],[111.86896,-7.23004],[111.86906,-7.22971],[111.86936,-7.22909],[111.8694,-7.22879],[111.86977,-7.22877],[111.87009,-7.22879],[111.87033,-7.22841],[111.87043,-7.228],[111.87072,-7.22783],[111.871875,-7.227675],[111.87207,-7.22635],[111.872215,-7.225745],[111.87201,-7.22541],[111.872045,-7.2252],[111.87206,-7.22457],[111.87219,-7.22388],[111.872415,-7.22314],[111.872525,-7.222135],[111.8726,-7.22186],[111.87256,-7.221465],[111.872445,-7.221315],[111.87253,-7.22068],[111.872505,-7.22013],[111.872545,-7.219925],[111.87247,-7.2196],[111.87242,-7.21905],[111.87243,-7.21859],[111.87256,-7.2181],[111.87292,-7.21722],[111.87289,-7.21698],[111.8726,-7.21651],[111.87232,-7.21601],[111.87222,-7.21565],[111.87227,-7.21528],[111.8726,-7.21411],[111.87293,-7.21264],[111.87305,-7.21186],[111.87315,-7.21101],[111.87321,-7.21016],[111.87335,-7.20859],[111.87347,-7.20787],[111.87347,-7.20776],[111.87363,-7.20669],[111.87367,-7.20625],[111.87363,-7.20593],[111.87373,-7.2056],[111.87307,-7.20532],[111.87236,-7.20509],[111.87269,-7.20404],[111.87285,-7.20346],[111.87281,-7.20327],[111.87261,-7.20317],[111.87111,-7.20274],[111.8706,-7.20257],[111.86993,-7.20225],[111.86919,-7.20182],[111.86875,-7.20147],[111.868855,-7.20119],[111.869155,-7.199985],[111.86947,-7.198365],[111.86978,-7.197145],[111.869935,-7.196425],[111.870045,-7.195785],[111.870075,-7.195105],[111.870035,-7.194735],[111.86996,-7.194495],[111.86963,-7.194045],[111.86953,-7.194],[111.869705,-7.193705],[111.86967,-7.193455],[111.869745,-7.193155],[111.86961,-7.19315],[111.869645,-7.192935],[111.86953,-7.192755],[111.86964,-7.192415],[111.869525,-7.1923],[111.86971,-7.191985],[111.86954,-7.19187],[111.86967,-7.191515],[111.86962,-7.191205],[111.869645,-7.190905],[111.87019,-7.191075],[111.87026,-7.19092],[111.870425,-7.18992],[111.870545,-7.18932],[111.87065,-7.188995],[111.870785,-7.188215],[111.870925,-7.18767],[111.8705,-7.18754],[111.870605,-7.18693],[111.87099,-7.185905],[111.87113,-7.18578],[111.871165,-7.18556],[111.871405,-7.18554],[111.87155,-7.185075],[111.87165,-7.184845],[111.87121,-7.18478],[111.871005,-7.18484],[111.870635,-7.1848],[111.870115,-7.184595],[111.869445,-7.184455],[111.869205,-7.18438],[111.868835,-7.184345],[111.868565,-7.18456],[111.86815,-7.18447],[111.868235,-7.18414],[111.868545,-7.183855],[111.868675,-7.183615],[111.8688,-7.183505],[111.868855,-7.183205],[111.869,-7.18301],[111.869325,-7.182185],[111.86929,-7.182015],[111.869255,-7.18142],[111.869095,-7.180995],[111.869015,-7.18002],[111.869025,-7.179645],[111.86916,-7.1785],[111.869325,-7.177985],[111.868855,-7.17789],[111.86797,-7.177635],[111.86753,-7.177335],[111.866745,-7.17717],[111.866315,-7.176985],[111.86636,-7.176755],[111.866085,-7.176725],[111.86575,-7.175435],[111.86576,-7.17535],[111.865435,-7.175215],[111.864725,-7.17497],[111.864345,-7.174875],[111.86377,-7.174505],[111.86356,-7.174475],[111.863315,-7.174365],[111.86277,-7.174285],[111.862135,-7.174125],[111.861825,-7.17399],[111.861605,-7.17381],[111.861195,-7.17363],[111.860645,-7.17335],[111.86052,-7.17352],[111.860155,-7.17342],[111.85918,-7.172965],[111.85875,-7.17285],[111.858555,-7.17271],[111.858155,-7.17253],[111.85705,-7.17209],[111.85683,-7.17197],[111.85639,-7.17184],[111.85627,-7.17176],[111.855365,-7.171505],[111.85518,-7.1715],[111.85487,-7.171355],[111.854585,-7.171135],[111.854265,-7.171],[111.854255,-7.170915],[111.854495,-7.170575],[111.85476,-7.17011],[111.85475,-7.16997],[111.85491,-7.169745],[111.855055,-7.16934],[111.85522,-7.169275],[111.85538,-7.16872],[111.855765,-7.167895],[111.856445,-7.16655],[111.85723,-7.164905],[111.857575,-7.164305],[111.858005,-7.163745],[111.85827,-7.16432]]]}},{"type":"Feature","properties":{"nama":"Gayam"},"geometry":{"type":"Polygon","coordinates":[[[111.72339,-7.134555],[111.72162,-7.13446],[111.72066,-7.1344],[111.7199,-7.13444],[111.71865,-7.13456],[111.71796,-7.13466],[111.71453,-7.135345],[111.713815,-7.135565],[111.71309,-7.135695],[111.71239,-7.13575],[111.71165,-7.13589],[111.71056,-7.13593],[111.70931,-7.13569],[111.70838,-7.13541],[111.7075,-7.135],[111.70449,-7.13294],[111.70031,-7.130575],[111.69932,-7.13021],[111.6977,-7.12986],[111.696,-7.12954],[111.69496,-7.129515],[111.694715,-7.12954],[111.69306,-7.12991],[111.692055,-7.13028],[111.69116,-7.13074],[111.68949,-7.131625],[111.68849,-7.13208],[111.6863,-7.13316],[111.68571,-7.13335],[111.68406,-7.13355],[111.68275,-7.13343],[111.68138,-7.13296],[111.680795,-7.132615],[111.680565,-7.13251],[111.679965,-7.132095],[111.67928,-7.131525],[111.678825,-7.130955],[111.67838,-7.13044],[111.67788,-7.129985],[111.67698,-7.129685],[111.676495,-7.129725],[111.67631,-7.12979],[111.67563,-7.13037],[111.67516,-7.13141],[111.67532,-7.13217],[111.67599,-7.1328],[111.6771,-7.1338],[111.677675,-7.134185],[111.678595,-7.135095],[111.67925,-7.13564],[111.68041,-7.13621],[111.6816,-7.1371],[111.68363,-7.13872],[111.684905,-7.139535],[111.68542,-7.139965],[111.685975,-7.140475],[111.68639,-7.14092],[111.686635,-7.14135],[111.687005,-7.14206],[111.687305,-7.142775],[111.68786,-7.144305],[111.68806,-7.144915],[111.688305,-7.14553],[111.68846,-7.14608],[111.68857,-7.14775],[111.68843,-7.1492],[111.68801,-7.15179],[111.68765,-7.15259],[111.68715,-7.15316],[111.68649,-7.15343],[111.6849,-7.15356],[111.68348,-7.15343],[111.682715,-7.15327],[111.68242,-7.153185],[111.681565,-7.15281],[111.680665,-7.15247],[111.679795,-7.152015],[111.679095,-7.15172],[111.677425,-7.15072],[111.677055,-7.150455],[111.67648,-7.150155],[111.675785,-7.149855],[111.67507,-7.149655],[111.67417,-7.149485],[111.6733,-7.1494],[111.672825,-7.1494],[111.672315,-7.14943],[111.67173,-7.14957],[111.67123,-7.1499],[111.67077,-7.150385],[111.670455,-7.151055],[111.67033,-7.151555],[111.670015,-7.152355],[111.6697,-7.153255],[111.669445,-7.15411],[111.66907,-7.15521],[111.66873,-7.155995],[111.66836,-7.15671],[111.667795,-7.15763],[111.66761,-7.15789],[111.66371,-7.162495],[111.66173,-7.16432],[111.6622,-7.16457],[111.662505,-7.164345],[111.6629,-7.16488],[111.66299,-7.165075],[111.66345,-7.16542],[111.663645,-7.165625],[111.663855,-7.166055],[111.664155,-7.1659],[111.66458,-7.16536],[111.66469,-7.165295],[111.664895,-7.164775],[111.6654,-7.165],[111.665615,-7.165195],[111.665735,-7.16547],[111.665575,-7.165615],[111.665695,-7.165855],[111.66569,-7.166115],[111.665615,-7.16643],[111.66537,-7.16664],[111.664845,-7.166805],[111.664245,-7.16687],[111.66399,-7.16674],[111.663885,-7.16738],[111.66379,-7.16812],[111.66378,-7.16841],[111.663965,-7.168925],[111.663985,-7.169155],[111.663795,-7.170045],[111.6637,-7.170645],[111.66334,-7.17154],[111.66314,-7.17262],[111.663125,-7.172885],[111.66329,-7.173205],[111.66324,-7.173595],[111.66346,-7.17352],[111.663625,-7.173375],[111.663775,-7.173395],[111.664045,-7.17358],[111.664215,-7.173775],[111.664385,-7.17406],[111.664585,-7.174545],[111.664615,-7.174765],[111.664805,-7.174825],[111.66535,-7.17512],[111.66559,-7.17533],[111.665975,-7.17551],[111.666305,-7.175745],[111.66669,-7.17618],[111.666865,-7.176735],[111.66726,-7.17701],[111.667825,-7.177265],[111.668055,-7.177255],[111.668615,-7.17714],[111.668795,-7.177175],[111.66896,-7.177445],[111.66902,-7.17796],[111.66899,-7.17846],[111.6688,-7.17882],[111.66883,-7.17915],[111.669095,-7.179525],[111.669205,-7.179625],[111.669545,-7.17967],[111.669785,-7.17976],[111.671025,-7.17991],[111.671485,-7.179925],[111.671875,-7.180135],[111.67215,-7.1805],[111.67226,-7.181045],[111.67224,-7.18147],[111.67209,-7.181675],[111.671795,-7.181805],[111.671345,-7.18191],[111.670985,-7.18222],[111.67091,-7.182405],[111.670885,-7.182805],[111.670905,-7.18313],[111.671125,-7.183595],[111.67132,-7.18379],[111.67181,-7.18392],[111.67222,-7.183915],[111.672815,-7.183685],[111.673275,-7.183195],[111.67375,-7.182555],[111.67429,-7.18201],[111.67475,-7.18161],[111.67525,-7.181465],[111.67559,-7.18157],[111.67573,-7.1819],[111.675695,-7.1821],[111.675595,-7.18227],[111.675155,-7.182785],[111.674975,-7.18281],[111.674595,-7.182775],[111.674075,-7.18291],[111.67385,-7.183125],[111.67379,-7.18331],[111.673765,-7.18366],[111.67397,-7.183905],[111.67427,-7.18417],[111.67448,-7.184305],[111.67469,-7.18433],[111.675105,-7.184325],[111.67557,-7.18428],[111.675805,-7.184185],[111.676145,-7.18392],[111.676585,-7.1833],[111.67671,-7.18318],[111.677,-7.18323],[111.67764,-7.18362],[111.67796,-7.184],[111.678705,-7.184195],[111.678865,-7.1845],[111.678865,-7.184745],[111.67851,-7.185245],[111.67846,-7.18568],[111.678575,-7.18648],[111.67872,-7.186635],[111.67913,-7.18693],[111.679215,-7.18706],[111.679495,-7.187295],[111.680045,-7.18754],[111.680225,-7.187685],[111.680955,-7.18809],[111.68137,-7.188475],[111.681565,-7.18884],[111.681675,-7.18924],[111.68164,-7.189595],[111.681495,-7.189965],[111.681475,-7.190405],[111.681505,-7.19059],[111.6816,-7.190745],[111.68182,-7.19093],[111.682145,-7.19098],[111.682445,-7.190775],[111.68251,-7.19062],[111.6825,-7.19032],[111.682415,-7.189815],[111.682495,-7.18966],[111.682805,-7.189455],[111.6835,-7.18952],[111.683845,-7.18969],[111.684665,-7.18988],[111.68498,-7.18987],[111.68527,-7.189615],[111.685485,-7.189475],[111.685705,-7.189415],[111.68593,-7.18957],[111.68606,-7.18984],[111.68593,-7.19045],[111.685735,-7.190695],[111.68543,-7.19099],[111.6855,-7.191485],[111.68574,-7.1918],[111.68594,-7.191955],[111.686295,-7.192045],[111.68634,-7.19217],[111.686765,-7.1921],[111.68704,-7.192185],[111.68736,-7.192385],[111.68753,-7.19259],[111.68754,-7.192835],[111.687495,-7.193055],[111.687255,-7.193385],[111.68702,-7.193435],[111.68652,-7.193375],[111.68602,-7.19307],[111.685565,-7.192735],[111.68479,-7.192765],[111.68454,-7.19296],[111.68452,-7.193425],[111.68468,-7.194],[111.684655,-7.194205],[111.68501,-7.19416],[111.685165,-7.19409],[111.685695,-7.19407],[111.685805,-7.19382],[111.6862,-7.193905],[111.68642,-7.194015],[111.686555,-7.194405],[111.68652,-7.19468],[111.686395,-7.19499],[111.68611,-7.19519],[111.685915,-7.19525],[111.68539,-7.195235],[111.685065,-7.195285],[111.685365,-7.195585],[111.685685,-7.19596],[111.68642,-7.196485],[111.686475,-7.19673],[111.686405,-7.19704],[111.686175,-7.197065],[111.68563,-7.19698],[111.68538,-7.19685],[111.685145,-7.19694],[111.68493,-7.197305],[111.68479,-7.197975],[111.684835,-7.198415],[111.68496,-7.198615],[111.685245,-7.198915],[111.6858,-7.19903],[111.686085,-7.198995],[111.686865,-7.19886],[111.68735,-7.198885],[111.68798,-7.198825],[111.688175,-7.198715],[111.68848,-7.19831],[111.688735,-7.19832],[111.68886,-7.198385],[111.68894,-7.198545],[111.689165,-7.198825],[111.689445,-7.199405],[111.68951,-7.199905],[111.68944,-7.20006],[111.68893,-7.200515],[111.68871,-7.200755],[111.688625,-7.20098],[111.688655,-7.2013],[111.688765,-7.201405],[111.68907,-7.201515],[111.689295,-7.20154],[111.689445,-7.20147],[111.689875,-7.201085],[111.689995,-7.201035],[111.690665,-7.201085],[111.691465,-7.20108],[111.69182,-7.201225],[111.69228,-7.201805],[111.69238,-7.202035],[111.692915,-7.20269],[111.69312,-7.20284],[111.693595,-7.20305],[111.694035,-7.202125],[111.69398,-7.20127],[111.69388,-7.20121],[111.693855,-7.2008],[111.69396,-7.200575],[111.69405,-7.20012],[111.6943,-7.200015],[111.69455,-7.19999],[111.69491,-7.20012],[111.695125,-7.200435],[111.69518,-7.20108],[111.6952,-7.201575],[111.69543,-7.20159],[111.69558,-7.201665],[111.695515,-7.20191],[111.695735,-7.20199],[111.69565,-7.20243],[111.6955,-7.202395],[111.695225,-7.203675],[111.69562,-7.20392],[111.69599,-7.203835],[111.6964,-7.20368],[111.696755,-7.20319],[111.697045,-7.202975],[111.69736,-7.202975],[111.697505,-7.203115],[111.6977,-7.20307],[111.69784,-7.203335],[111.698345,-7.20412],[111.698615,-7.204255],[111.69893,-7.204235],[111.69922,-7.204105],[111.69934,-7.204115],[111.699405,-7.20432],[111.699355,-7.20468],[111.699255,-7.2051],[111.69913,-7.2052],[111.69888,-7.20522],[111.69871,-7.205325],[111.698435,-7.20542],[111.69783,-7.205445],[111.697295,-7.20521],[111.697185,-7.205275],[111.69705,-7.205695],[111.69733,-7.2059],[111.69767,-7.206555],[111.697735,-7.206845],[111.697925,-7.207185],[111.698115,-7.20709],[111.698235,-7.206905],[111.69839,-7.20687],[111.69852,-7.20672],[111.69865,-7.206405],[111.698795,-7.205735],[111.699045,-7.20542],[111.699185,-7.205345],[111.69923,-7.205585],[111.699525,-7.206175],[111.69964,-7.2067],[111.699205,-7.20692],[111.698895,-7.20692],[111.69873,-7.206965],[111.69807,-7.20743],[111.698165,-7.20765],[111.698405,-7.20775],[111.698595,-7.207745],[111.69886,-7.20785],[111.700015,-7.20754],[111.700435,-7.20761],[111.70073,-7.20783],[111.701245,-7.20843],[111.701775,-7.208715],[111.7019,-7.208945],[111.70188,-7.20906],[111.70171,-7.209245],[111.701245,-7.209655],[111.70109,-7.20965],[111.70078,-7.209755],[111.700665,-7.209915],[111.700645,-7.21022],[111.700725,-7.210345],[111.70092,-7.21048],[111.701255,-7.210525],[111.70184,-7.210435],[111.702265,-7.21055],[111.70241,-7.210675],[111.702735,-7.21109],[111.70289,-7.2114],[111.70289,-7.21156],[111.70298,-7.212055],[111.703075,-7.212185],[111.703035,-7.212405],[111.703165,-7.21289],[111.703115,-7.21308],[111.70318,-7.2133],[111.70341,-7.213385],[111.70358,-7.21352],[111.70374,-7.21353],[111.70435,-7.213285],[111.704705,-7.21332],[111.70488,-7.213385],[111.70515,-7.21367],[111.70532,-7.214035],[111.70537,-7.2146],[111.705545,-7.215105],[111.70565,-7.21526],[111.70584,-7.215365],[111.706105,-7.21537],[111.70627,-7.21523],[111.70646,-7.214985],[111.70653,-7.21474],[111.70651,-7.214545],[111.70633,-7.21421],[111.706105,-7.214005],[111.70583,-7.213675],[111.70549,-7.213405],[111.705515,-7.21313],[111.70578,-7.21291],[111.70609,-7.21272],[111.706695,-7.21262],[111.707165,-7.21242],[111.70743,-7.212355],[111.708005,-7.212335],[111.70875,-7.212415],[111.70921,-7.212165],[111.709575,-7.21207],[111.71002,-7.21207],[111.71028,-7.212335],[111.710335,-7.212525],[111.71013,-7.21279],[111.709665,-7.212935],[111.709405,-7.21306],[111.709225,-7.21322],[111.709075,-7.213455],[111.708925,-7.21404],[111.70858,-7.2144],[111.708335,-7.21475],[111.70833,-7.21496],[111.708595,-7.215925],[111.708435,-7.216395],[111.708375,-7.21674],[111.708435,-7.21709],[111.70886,-7.217385],[111.709265,-7.217925],[111.70942,-7.2182],[111.70953,-7.219],[111.70977,-7.2193],[111.71019,-7.21938],[111.71043,-7.219315],[111.7106,-7.21918],[111.710835,-7.21877],[111.71095,-7.218675],[111.71131,-7.218595],[111.71164,-7.21863],[111.711835,-7.21889],[111.712015,-7.21928],[111.712075,-7.2196],[111.712,-7.22002],[111.712075,-7.2206],[111.712575,-7.22099],[111.71295,-7.221225],[111.7131,-7.22114],[111.713315,-7.22068],[111.7133,-7.220295],[111.71316,-7.219955],[111.71246,-7.218485],[111.71234,-7.216425],[111.7126,-7.21579],[111.712565,-7.21546],[111.71258,-7.215165],[111.71265,-7.21493],[111.71273,-7.214895],[111.713455,-7.214865],[111.713045,-7.21442],[111.713285,-7.21428],[111.714075,-7.21393],[111.714445,-7.213825],[111.714855,-7.21366],[111.715415,-7.213585],[111.715845,-7.21344],[111.716245,-7.213235],[111.7175,-7.212815],[111.71793,-7.212815],[111.718415,-7.21325],[111.718895,-7.213815],[111.71918,-7.214085],[111.720135,-7.21436],[111.720265,-7.214215],[111.720835,-7.21383],[111.721515,-7.212915],[111.721805,-7.21295],[111.72248,-7.21296],[111.72312,-7.21293],[111.72397,-7.212775],[111.724265,-7.21281],[111.724655,-7.212945],[111.724855,-7.213075],[111.72516,-7.213525],[111.72628,-7.214585],[111.726775,-7.21499],[111.727685,-7.21605],[111.727995,-7.216335],[111.72885,-7.216525],[111.72991,-7.216635],[111.730315,-7.216635],[111.730755,-7.21674],[111.731395,-7.21674],[111.73204,-7.2168],[111.732455,-7.216905],[111.73274,-7.217145],[111.733055,-7.217635],[111.73354,-7.218205],[111.733885,-7.21848],[111.734305,-7.218715],[111.73479,-7.21887],[111.7359,-7.21891],[111.736345,-7.219055],[111.736675,-7.21922],[111.73709,-7.21934],[111.73749,-7.21952],[111.73845,-7.219625],[111.739535,-7.21774],[111.739875,-7.216755],[111.73991,-7.21553],[111.74003,-7.21491],[111.73974,-7.21394],[111.739795,-7.213555],[111.74041,-7.21267],[111.74073,-7.211795],[111.74089,-7.21123],[111.742015,-7.208455],[111.74223,-7.20847],[111.74218,-7.20806],[111.741935,-7.207485],[111.741785,-7.20688],[111.74179,-7.206385],[111.74173,-7.20582],[111.74151,-7.205145],[111.740735,-7.204265],[111.74047,-7.20393],[111.740435,-7.20362],[111.74058,-7.20291],[111.74063,-7.20238],[111.74056,-7.20175],[111.74068,-7.201325],[111.74126,-7.200475],[111.742165,-7.198885],[111.7425,-7.198325],[111.742515,-7.197315],[111.742365,-7.196895],[111.740835,-7.195345],[111.74008,-7.194565],[111.739685,-7.19373],[111.7395,-7.19252],[111.73926,-7.191895],[111.7376,-7.1906],[111.73703,-7.189515],[111.73696,-7.188375],[111.7371,-7.186715],[111.7373,-7.185335],[111.737555,-7.184775],[111.73787,-7.18347],[111.737925,-7.181365],[111.7379,-7.18114],[111.737595,-7.18051],[111.737395,-7.17991],[111.73703,-7.179165],[111.73694,-7.178935],[111.73732,-7.17888],[111.73804,-7.178905],[111.73801,-7.177785],[111.736035,-7.17394],[111.735965,-7.171975],[111.736015,-7.170695],[111.736225,-7.169905],[111.73629,-7.16889],[111.736235,-7.168755],[111.73633,-7.1682],[111.73611,-7.16808],[111.73631,-7.166415],[111.73659,-7.165175],[111.73689,-7.16348],[111.737565,-7.16137],[111.738115,-7.15941],[111.738515,-7.158175],[111.73853,-7.15754],[111.738475,-7.157125],[111.73852,-7.15598],[111.738525,-7.15551],[111.73727,-7.15516],[111.73627,-7.15483],[111.73555,-7.15441],[111.73505,-7.1538],[111.73495,-7.15333],[111.73499,-7.15255],[111.73493,-7.15227],[111.7348,-7.15205],[111.73446,-7.15158],[111.73396,-7.15073],[111.73339,-7.14987],[111.73244,-7.14932],[111.73162,-7.14873],[111.73081,-7.14817],[111.72947,-7.1473],[111.72842,-7.14667],[111.72726,-7.1461],[111.7262,-7.14571],[111.72518,-7.14513],[111.72448,-7.14462],[111.72391,-7.14417],[111.72339,-7.14356],[111.72302,-7.14304],[111.72274,-7.14245],[111.72262,-7.14204],[111.7226,-7.14177],[111.72273,-7.14122],[111.72297,-7.14062],[111.72339,-7.13996],[111.72379,-7.1394],[111.72389,-7.1391],[111.72366,-7.1389],[111.7233,-7.13879],[111.72319,-7.13851],[111.72329,-7.13829],[111.72321,-7.13791],[111.72329,-7.137605],[111.723485,-7.137465],[111.72335,-7.13722],[111.72329,-7.136405],[111.72318,-7.13626],[111.72313,-7.13604],[111.72315,-7.13574],[111.72325,-7.13513],[111.72339,-7.134555]]]}},{"type":"Feature","properties":{"nama":"Gondang"},"geometry":{"type":"Polygon","coordinates":[[[111.782605,-7.34372],[111.78254,-7.34386],[111.782305,-7.34406],[111.78201,-7.344475],[111.78184,-7.344505],[111.781475,-7.344355],[111.781215,-7.344335],[111.78099,-7.344245],[111.780815,-7.343885],[111.78066,-7.34372],[111.78052,-7.3438],[111.78039,-7.34423],[111.78016,-7.344535],[111.77968,-7.344585],[111.779505,-7.344415],[111.77932,-7.344375],[111.77897,-7.34469],[111.778845,-7.344875],[111.77893,-7.345135],[111.779295,-7.34508],[111.779405,-7.345125],[111.77949,-7.3454],[111.779205,-7.34558],[111.7792,-7.34584],[111.77938,-7.34609],[111.77973,-7.346335],[111.77984,-7.34661],[111.779635,-7.346775],[111.779555,-7.346995],[111.77961,-7.347395],[111.779685,-7.34768],[111.779655,-7.347845],[111.7795,-7.3479],[111.779115,-7.347855],[111.778955,-7.347985],[111.778955,-7.34809],[111.779225,-7.348325],[111.77941,-7.34877],[111.779785,-7.349055],[111.77987,-7.349205],[111.77982,-7.349455],[111.779215,-7.349845],[111.77884,-7.349975],[111.77867,-7.350175],[111.778625,-7.350585],[111.7785,-7.350765],[111.77831,-7.35079],[111.77795,-7.35057],[111.77773,-7.35057],[111.777575,-7.350635],[111.777385,-7.350875],[111.77722,-7.35092],[111.777025,-7.350845],[111.776805,-7.35087],[111.776585,-7.351075],[111.77664,-7.351275],[111.777285,-7.35142],[111.77736,-7.351615],[111.77721,-7.351935],[111.777125,-7.35231],[111.77689,-7.35247],[111.776655,-7.352575],[111.776495,-7.352775],[111.7765,-7.352975],[111.77685,-7.35319],[111.77724,-7.353515],[111.77751,-7.353475],[111.77751,-7.35311],[111.77762,-7.352965],[111.77832,-7.352755],[111.77862,-7.352765],[111.778685,-7.3529],[111.778645,-7.35316],[111.778125,-7.353375],[111.778155,-7.353515],[111.778535,-7.35366],[111.778805,-7.35381],[111.77888,-7.354075],[111.77881,-7.354275],[111.778505,-7.35435],[111.77807,-7.354175],[111.77784,-7.354025],[111.77767,-7.35403],[111.77743,-7.354515],[111.77706,-7.354685],[111.777045,-7.35495],[111.777315,-7.35538],[111.777325,-7.35556],[111.777225,-7.355905],[111.777025,-7.356055],[111.776565,-7.35611],[111.776465,-7.356165],[111.776365,-7.356395],[111.776375,-7.35652],[111.776525,-7.35684],[111.77676,-7.35703],[111.77695,-7.357055],[111.778115,-7.356355],[111.77831,-7.356405],[111.778355,-7.356595],[111.778295,-7.356745],[111.777745,-7.35719],[111.77763,-7.35744],[111.77766,-7.357565],[111.777835,-7.357825],[111.77785,-7.35804],[111.77776,-7.35827],[111.77689,-7.359045],[111.776855,-7.359245],[111.776655,-7.35929],[111.776485,-7.35925],[111.77598,-7.358945],[111.77574,-7.358905],[111.775515,-7.35896],[111.775415,-7.35914],[111.775455,-7.359275],[111.775655,-7.35963],[111.775565,-7.35992],[111.775265,-7.359925],[111.77511,-7.3598],[111.77493,-7.359775],[111.774685,-7.35986],[111.774355,-7.360155],[111.774215,-7.360435],[111.774105,-7.360755],[111.77401,-7.36074],[111.77325,-7.35978],[111.77288,-7.35946],[111.77207,-7.35909],[111.7718,-7.3589],[111.77015,-7.35889],[111.76824,-7.35949],[111.76718,-7.35927],[111.76616,-7.35894],[111.76536,-7.35895],[111.76513,-7.35889],[111.76487,-7.35875],[111.76461,-7.35851],[111.76446,-7.35829],[111.76399,-7.35735],[111.76387,-7.35693],[111.76386,-7.35661],[111.76397,-7.3561],[111.76372,-7.35586],[111.76351,-7.35581],[111.76246,-7.35564],[111.76205,-7.35564],[111.7617,-7.35577],[111.76149,-7.35569],[111.76144,-7.3554],[111.76121,-7.35532],[111.76076,-7.35545],[111.76027,-7.35522],[111.76003,-7.35528],[111.75986,-7.3556],[111.7599,-7.35584],[111.76005,-7.35596],[111.76011,-7.35633],[111.76017,-7.357],[111.76018,-7.3575],[111.76013,-7.3577],[111.75925,-7.35839],[111.75927,-7.35869],[111.75942,-7.35886],[111.75954,-7.35912],[111.75959,-7.35934],[111.75974,-7.35973],[111.75991,-7.35997],[111.76032,-7.36038],[111.7607,-7.36052],[111.76141,-7.36059],[111.76162,-7.36067],[111.76177,-7.36082],[111.76188,-7.3612],[111.76171,-7.3615],[111.76122,-7.36168],[111.76101,-7.36185],[111.76099,-7.36215],[111.76143,-7.36281],[111.76145,-7.36302],[111.76107,-7.36399],[111.76099,-7.36446],[111.76101,-7.36463],[111.76115,-7.36477],[111.76138,-7.36486],[111.7616,-7.36488],[111.76193,-7.36452],[111.76213,-7.3642],[111.76244,-7.36416],[111.76271,-7.36436],[111.76271,-7.36501],[111.76307,-7.36588],[111.76317,-7.36645],[111.76317,-7.36662],[111.76303,-7.3667],[111.76267,-7.36668],[111.76233,-7.3663],[111.76208,-7.36645],[111.76164,-7.36658],[111.76071,-7.36645],[111.76009,-7.36657],[111.7599,-7.36676],[111.75975,-7.36712],[111.75984,-7.36746],[111.75994,-7.36755],[111.76016,-7.36757],[111.76077,-7.36744],[111.76102,-7.36731],[111.76121,-7.36733],[111.76125,-7.36757],[111.76097,-7.36871],[111.76118,-7.36933],[111.76157,-7.36972],[111.76172,-7.36974],[111.762,-7.36959],[111.76228,-7.36929],[111.76247,-7.36922],[111.76264,-7.36929],[111.76258,-7.36997],[111.76243,-7.37031],[111.7622,-7.37062],[111.76159,-7.37072],[111.76131,-7.37032],[111.76121,-7.37023],[111.76101,-7.37021],[111.76082,-7.37027],[111.76075,-7.37049],[111.76099,-7.37088],[111.76106,-7.37113],[111.76101,-7.37143],[111.76134,-7.37178],[111.76155,-7.37208],[111.76155,-7.37244],[111.7613,-7.37274],[111.76127,-7.37289],[111.76143,-7.3733],[111.7616,-7.37386],[111.76156,-7.37426],[111.76151,-7.37437],[111.76108,-7.375],[111.76075,-7.37607],[111.76046,-7.37685],[111.7601,-7.37752],[111.75974,-7.37786],[111.75969,-7.37803],[111.7601,-7.37983],[111.76024,-7.38037],[111.76041,-7.38078],[111.7606,-7.38106],[111.76093,-7.38126],[111.76131,-7.38116],[111.76143,-7.381],[111.76151,-7.3807],[111.76177,-7.38034],[111.76197,-7.38023],[111.76225,-7.38025],[111.76243,-7.38032],[111.76255,-7.38045],[111.76254,-7.38069],[111.76245,-7.38127],[111.76221,-7.3822],[111.76211,-7.38239],[111.76192,-7.38256],[111.76184,-7.38283],[111.76229,-7.38348],[111.76251,-7.38363],[111.76267,-7.38359],[111.76302,-7.38328],[111.76311,-7.38326],[111.76351,-7.38352],[111.76369,-7.38376],[111.76382,-7.38407],[111.76381,-7.38449],[111.76359,-7.3849],[111.76331,-7.38515],[111.76308,-7.3856],[111.76301,-7.3859],[111.76314,-7.3864],[111.76351,-7.38713],[111.76368,-7.3881],[111.76371,-7.38955],[111.76357,-7.38997],[111.76324,-7.39014],[111.76281,-7.39009],[111.76266,-7.39027],[111.76273,-7.39064],[111.76293,-7.39097],[111.76363,-7.39192],[111.76391,-7.39237],[111.76414,-7.39295],[111.76418,-7.39319],[111.76408,-7.39363],[111.76418,-7.39378],[111.76482,-7.39414],[111.76492,-7.39425],[111.76477,-7.39465],[111.76454,-7.39483],[111.7641,-7.39502],[111.76398,-7.39512],[111.76407,-7.39532],[111.76438,-7.39543],[111.76469,-7.39543],[111.76528,-7.39568],[111.76558,-7.39572],[111.76592,-7.39572],[111.7661,-7.39567],[111.76633,-7.39551],[111.76662,-7.39489],[111.76677,-7.39472],[111.76702,-7.39469],[111.7671,-7.39484],[111.76728,-7.39557],[111.76749,-7.39595],[111.76777,-7.39636],[111.76797,-7.39654],[111.76835,-7.39706],[111.76869,-7.39729],[111.76894,-7.3973],[111.76944,-7.39724],[111.76988,-7.39733],[111.77008,-7.39747],[111.77022,-7.39764],[111.7706,-7.39785],[111.77068,-7.39813],[111.7706,-7.39856],[111.77057,-7.39907],[111.77064,-7.39995],[111.77059,-7.40015],[111.77048,-7.40029],[111.77017,-7.40047],[111.77025,-7.40073],[111.77052,-7.40092],[111.77085,-7.40108],[111.7711,-7.40116],[111.77203,-7.40128],[111.77284,-7.40143],[111.77314,-7.40165],[111.77317,-7.40193],[111.77298,-7.40227],[111.77268,-7.40248],[111.77211,-7.40294],[111.77206,-7.40321],[111.77212,-7.40346],[111.77231,-7.40396],[111.77231,-7.40411],[111.7722,-7.40467],[111.77241,-7.40522],[111.77279,-7.40555],[111.77318,-7.40572],[111.77333,-7.40564],[111.77364,-7.40505],[111.77379,-7.40484],[111.77402,-7.40484],[111.77423,-7.40514],[111.77439,-7.40549],[111.77489,-7.406],[111.77508,-7.40625],[111.77512,-7.40644],[111.77502,-7.40667],[111.77458,-7.40698],[111.77429,-7.40702],[111.774,-7.40698],[111.77377,-7.40702],[111.77364,-7.40717],[111.77356,-7.40746],[111.77353,-7.40778],[111.77364,-7.40797],[111.77391,-7.40813],[111.77439,-7.40826],[111.77468,-7.40828],[111.7751,-7.4082],[111.77546,-7.40809],[111.77583,-7.40805],[111.77598,-7.40812],[111.77606,-7.40854],[111.77602,-7.40876],[111.77556,-7.4091],[111.77533,-7.40931],[111.77506,-7.40969],[111.77484,-7.41023],[111.77468,-7.41077],[111.77465,-7.41163],[111.77449,-7.41211],[111.7745,-7.41233],[111.77458,-7.41254],[111.77514,-7.41321],[111.77524,-7.41339],[111.77524,-7.41358],[111.77511,-7.41383],[111.77505,-7.41406],[111.77513,-7.41443],[111.77534,-7.41506],[111.77538,-7.41545],[111.77528,-7.41556],[111.77513,-7.41558],[111.77483,-7.41552],[111.77447,-7.4153],[111.77411,-7.41515],[111.77391,-7.4154],[111.77368,-7.41594],[111.77356,-7.41609],[111.77338,-7.41619],[111.7729,-7.41627],[111.77283,-7.41638],[111.77263,-7.41772],[111.77248,-7.41839],[111.77265,-7.41886],[111.77265,-7.41921],[111.77241,-7.41927],[111.77204,-7.41929],[111.77178,-7.41925],[111.77163,-7.41929],[111.77143,-7.41951],[111.77108,-7.42023],[111.77079,-7.42119],[111.77079,-7.42165],[111.77103,-7.42179],[111.77123,-7.42179],[111.77175,-7.42166],[111.77192,-7.4217],[111.77212,-7.42185],[111.77243,-7.42225],[111.77254,-7.42234],[111.77275,-7.42238],[111.7731,-7.42238],[111.77334,-7.42242],[111.77358,-7.42254],[111.77365,-7.42265],[111.77354,-7.42308],[111.77336,-7.42334],[111.7733,-7.42352],[111.77336,-7.42372],[111.77351,-7.42389],[111.77375,-7.42404],[111.77406,-7.42416],[111.77414,-7.42447],[111.77383,-7.42481],[111.77378,-7.42495],[111.77375,-7.4253],[111.77335,-7.42585],[111.77332,-7.42602],[111.77339,-7.42621],[111.77368,-7.42647],[111.77379,-7.42667],[111.77346,-7.42715],[111.77344,-7.42733],[111.77355,-7.42769],[111.77377,-7.42791],[111.77393,-7.42782],[111.7743,-7.42734],[111.77455,-7.42732],[111.77467,-7.42743],[111.77486,-7.42779],[111.77493,-7.42808],[111.77505,-7.4283],[111.77529,-7.42846],[111.77576,-7.42866],[111.77582,-7.42873],[111.77608,-7.42952],[111.77624,-7.42983],[111.77641,-7.42997],[111.77669,-7.43011],[111.77698,-7.43018],[111.77745,-7.43024],[111.77766,-7.43041],[111.77783,-7.43103],[111.77786,-7.43124],[111.778,-7.43141],[111.77831,-7.43169],[111.77857,-7.4321],[111.77879,-7.43216],[111.77896,-7.43229],[111.77916,-7.43256],[111.77955,-7.43283],[111.77982,-7.43284],[111.77995,-7.4329],[111.78005,-7.43308],[111.78004,-7.43334],[111.78055,-7.43348],[111.7812,-7.43393],[111.78169,-7.43438],[111.78184,-7.43446],[111.78222,-7.43447],[111.78279,-7.43462],[111.78335,-7.43437],[111.78385,-7.43435],[111.78406,-7.43425],[111.78428,-7.43432],[111.78454,-7.43458],[111.78466,-7.43463],[111.78529,-7.43461],[111.78547,-7.4347],[111.78578,-7.43506],[111.78593,-7.43516],[111.78653,-7.43533],[111.78673,-7.43546],[111.78789,-7.43602],[111.78841,-7.43618],[111.7894,-7.43652],[111.78987,-7.4367],[111.79017,-7.43691],[111.79045,-7.43723],[111.79075,-7.43776],[111.79112,-7.43824],[111.79171,-7.43852],[111.79229,-7.43863],[111.7948,-7.43856],[111.79499,-7.43861],[111.79507,-7.43881],[111.7954,-7.43891],[111.7955,-7.43912],[111.79577,-7.43932],[111.79585,-7.43965],[111.79593,-7.43976],[111.79622,-7.43988],[111.79648,-7.43993],[111.79704,-7.43985],[111.79785,-7.44025],[111.79814,-7.44048],[111.79831,-7.44084],[111.79848,-7.44139],[111.79854,-7.44195],[111.79847,-7.44239],[111.79835,-7.44284],[111.79785,-7.44367],[111.79721,-7.44447],[111.79699,-7.44489],[111.79683,-7.44533],[111.79664,-7.44634],[111.79658,-7.44694],[111.79649,-7.44742],[111.79634,-7.44788],[111.79605,-7.44843],[111.79561,-7.44905],[111.79509,-7.44984],[111.79482,-7.45029],[111.79455,-7.45085],[111.79439,-7.45142],[111.79418,-7.4518],[111.79377,-7.45224],[111.79318,-7.45293],[111.79267,-7.45347],[111.79255,-7.45386],[111.79217,-7.45416],[111.79192,-7.4546],[111.79171,-7.45474],[111.79119,-7.45533],[111.79093,-7.45566],[111.79009,-7.45641],[111.7896,-7.45676],[111.78923,-7.45707],[111.78888,-7.45749],[111.78833,-7.45842],[111.78806,-7.45911],[111.78789,-7.46003],[111.7878,-7.46097],[111.78778,-7.46154],[111.78783,-7.46271],[111.788,-7.46459],[111.788965,-7.46427],[111.789835,-7.464015],[111.790785,-7.46369],[111.79171,-7.46332],[111.79339,-7.462735],[111.79505,-7.462075],[111.79569,-7.4618],[111.797035,-7.46133],[111.7976,-7.46122],[111.798385,-7.461025],[111.799095,-7.46098],[111.79983,-7.460985],[111.800415,-7.4611],[111.80124,-7.459015],[111.8025,-7.457735],[111.803445,-7.45675],[111.80398,-7.45584],[111.804415,-7.455265],[111.80491,-7.45465],[111.80525,-7.45431],[111.80581,-7.453925],[111.80662,-7.453495],[111.80735,-7.453275],[111.808065,-7.45311],[111.80873,-7.45302],[111.809675,-7.45283],[111.810515,-7.45272],[111.81138,-7.45251],[111.812355,-7.452095],[111.813185,-7.451655],[111.81399,-7.451325],[111.814515,-7.45102],[111.814875,-7.45068],[111.815385,-7.449985],[111.81574,-7.44937],[111.81624,-7.448375],[111.816545,-7.44742],[111.81701,-7.446475],[111.817375,-7.44549],[111.81765,-7.444715],[111.818235,-7.4436],[111.81865,-7.442695],[111.819105,-7.441985],[111.81971,-7.441105],[111.821,-7.439555],[111.82155,-7.43951],[111.8227,-7.43981],[111.82403,-7.44013],[111.82534,-7.44046],[111.826385,-7.440565],[111.82821,-7.44062],[111.83026,-7.44031],[111.83155,-7.440105],[111.83294,-7.43993],[111.83428,-7.439805],[111.83563,-7.439815],[111.836915,-7.43981],[111.83888,-7.439965],[111.840675,-7.43996],[111.842325,-7.43995],[111.844605,-7.43983],[111.845915,-7.439685],[111.84697,-7.43945],[111.848235,-7.43938],[111.849495,-7.439125],[111.850945,-7.43873],[111.852485,-7.438245],[111.85369,-7.437905],[111.8546,-7.43771],[111.85613,-7.437315],[111.85763,-7.43678],[111.85897,-7.43644],[111.85984,-7.4362],[111.860975,-7.43594],[111.86157,-7.435905],[111.862455,-7.436025],[111.86344,-7.436255],[111.86399,-7.4366],[111.864565,-7.43716],[111.865295,-7.437905],[111.8659,-7.438375],[111.86673,-7.43891],[111.86788,-7.439305],[111.86908,-7.43967],[111.870615,-7.439915],[111.872705,-7.440655],[111.87397,-7.440975],[111.874335,-7.440995],[111.87552,-7.44102],[111.875945,-7.44105],[111.876105,-7.440935],[111.876425,-7.44088],[111.876975,-7.44091],[111.877435,-7.440965],[111.877875,-7.440945],[111.87853,-7.440835],[111.879455,-7.440625],[111.880045,-7.43998],[111.880615,-7.43923],[111.88089,-7.43874],[111.881285,-7.437755],[111.88238,-7.43736],[111.88301,-7.437195],[111.883955,-7.43705],[111.886245,-7.43681],[111.887015,-7.436775],[111.88781,-7.436775],[111.888725,-7.436845],[111.889465,-7.436995],[111.890075,-7.437255],[111.890755,-7.437635],[111.891325,-7.437875],[111.8917,-7.43793],[111.89282,-7.43772],[111.893515,-7.437765],[111.89392,-7.43773],[111.894905,-7.43746],[111.8955,-7.437265],[111.896165,-7.436925],[111.897475,-7.43634],[111.897965,-7.4361],[111.89855,-7.43584],[111.899285,-7.43532],[111.90024,-7.43459],[111.90061,-7.434225],[111.901375,-7.43413],[111.90283,-7.433765],[111.90325,-7.433595],[111.90394,-7.433405],[111.904455,-7.43333],[111.905355,-7.43332],[111.906835,-7.433455],[111.908175,-7.433655],[111.908965,-7.43384],[111.90959,-7.434105],[111.91024,-7.43431],[111.91095,-7.43446],[111.911535,-7.43452],[111.912155,-7.43462],[111.91276,-7.434605],[111.913445,-7.43461],[111.913885,-7.434535],[111.914575,-7.43418],[111.916075,-7.434375],[111.91664,-7.43462],[111.91653,-7.43445],[111.91615,-7.43329],[111.91606,-7.43253],[111.9161,-7.4317],[111.91651,-7.4311],[111.91679,-7.4301],[111.91715,-7.42938],[111.91769,-7.42867],[111.91817,-7.42829],[111.918015,-7.42759],[111.91778,-7.42733],[111.91754,-7.427185],[111.917395,-7.42695],[111.917395,-7.426665],[111.91723,-7.426185],[111.916945,-7.42609],[111.91654,-7.42628],[111.916065,-7.42626],[111.91542,-7.42578],[111.91502,-7.42509],[111.915025,-7.424855],[111.91524,-7.424635],[111.915315,-7.42445],[111.915265,-7.424005],[111.915325,-7.423485],[111.91566,-7.423015],[111.915765,-7.422135],[111.915965,-7.421365],[111.916205,-7.420945],[111.916285,-7.420675],[111.91643,-7.420445],[111.91649,-7.420255],[111.91668,-7.420045],[111.916655,-7.419875],[111.917515,-7.419185],[111.917465,-7.41903],[111.91757,-7.418815],[111.91826,-7.41826],[111.91944,-7.417325],[111.91936,-7.41718],[111.91928,-7.41635],[111.91913,-7.41591],[111.91875,-7.41507],[111.91848,-7.41428],[111.91848,-7.41382],[111.91839,-7.41335],[111.91804,-7.4127],[111.91791,-7.41222],[111.91815,-7.4117],[111.91828,-7.41118],[111.91826,-7.4104],[111.91833,-7.40991],[111.91816,-7.40894],[111.91819,-7.40859],[111.91847,-7.40785],[111.91856,-7.40701],[111.91634,-7.40679],[111.91465,-7.40681],[111.91263,-7.40702],[111.91158,-7.40719],[111.91004,-7.40757],[111.9089,-7.40789],[111.90728,-7.40806],[111.90551,-7.40823],[111.90299,-7.40835],[111.89115,-7.408],[111.89052,-7.40806],[111.89029,-7.40804],[111.88989,-7.4081],[111.88745,-7.40829],[111.88587,-7.40834],[111.883,-7.40833],[111.87935,-7.40853],[111.87877,-7.40878],[111.87806,-7.4096],[111.87723,-7.41089],[111.8767,-7.41156],[111.8764,-7.4116],[111.875,-7.41134],[111.87476,-7.41145],[111.87453,-7.41146],[111.87426,-7.41138],[111.87425,-7.4113],[111.87447,-7.41109],[111.87466,-7.41097],[111.87485,-7.41051],[111.87494,-7.41017],[111.87496,-7.40962],[111.87471,-7.40915],[111.87444,-7.40891],[111.87441,-7.4086],[111.87442,-7.40779],[111.87439,-7.40754],[111.87428,-7.40717],[111.87416,-7.40694],[111.87393,-7.40664],[111.87339,-7.40633],[111.873275,-7.4059],[111.87349,-7.40548],[111.87366,-7.405435],[111.8737,-7.405],[111.87358,-7.40487],[111.87306,-7.40474],[111.87245,-7.4045],[111.871685,-7.40422],[111.871435,-7.40408],[111.871355,-7.40392],[111.87139,-7.40378],[111.871565,-7.403475],[111.87191,-7.402715],[111.87204,-7.40229],[111.87218,-7.40162],[111.87212,-7.401235],[111.87208,-7.40074],[111.871815,-7.400745],[111.871525,-7.400985],[111.87128,-7.40095],[111.870955,-7.40056],[111.870955,-7.4004],[111.8711,-7.400095],[111.871075,-7.399895],[111.870485,-7.3996],[111.870435,-7.399445],[111.870495,-7.39911],[111.87062,-7.398805],[111.87098,-7.39838],[111.87113,-7.39811],[111.87139,-7.3981],[111.871645,-7.398255],[111.871975,-7.39828],[111.87232,-7.3979],[111.872665,-7.397845],[111.87304,-7.39791],[111.873285,-7.3981],[111.873415,-7.398425],[111.873645,-7.398515],[111.873835,-7.39847],[111.874,-7.398265],[111.87403,-7.397755],[111.87427,-7.397515],[111.87504,-7.39728],[111.87521,-7.397335],[111.87542,-7.39766],[111.87572,-7.398185],[111.87588,-7.398275],[111.876735,-7.39834],[111.876935,-7.398445],[111.87741,-7.3988],[111.877795,-7.398745],[111.87813,-7.398515],[111.878685,-7.39772],[111.878745,-7.39754],[111.878745,-7.397265],[111.87889,-7.39654],[111.878845,-7.396365],[111.8786,-7.39605],[111.87834,-7.39549],[111.87814,-7.3943],[111.87811,-7.39362],[111.87804,-7.39342],[111.87775,-7.39334],[111.87709,-7.39344],[111.87649,-7.39349],[111.87635,-7.3934],[111.87615,-7.39313],[111.87593,-7.39292],[111.87531,-7.39261],[111.87524,-7.39253],[111.8752,-7.39225],[111.87524,-7.39205],[111.8755,-7.39118],[111.87541,-7.39087],[111.87513,-7.39048],[111.87491,-7.39027],[111.87469,-7.39022],[111.87439,-7.39028],[111.87417,-7.39018],[111.87411,-7.38966],[111.87409,-7.38915],[111.87413,-7.38881],[111.87421,-7.38867],[111.87345,-7.38694],[111.87288,-7.38578],[111.87276,-7.38246],[111.87234,-7.3828],[111.87204,-7.383185],[111.871745,-7.38393],[111.871475,-7.384405],[111.87109,-7.38515],[111.87064,-7.385],[111.86966,-7.38524],[111.86957,-7.384615],[111.86966,-7.38414],[111.870345,-7.383665],[111.87067,-7.383485],[111.86984,-7.382535],[111.870585,-7.38262],[111.871235,-7.382265],[111.87088,-7.38185],[111.871295,-7.38161],[111.871445,-7.381135],[111.871325,-7.38063],[111.87189,-7.381015],[111.872485,-7.380865],[111.872515,-7.380125],[111.871565,-7.37965],[111.871265,-7.378725],[111.87076,-7.379025],[111.870435,-7.37959],[111.870255,-7.379735],[111.870045,-7.37908],[111.86978,-7.378695],[111.870525,-7.3781],[111.87091,-7.377685],[111.870555,-7.37718],[111.870255,-7.37691],[111.87038,-7.36265],[111.87018,-7.36283],[111.86994,-7.36293],[111.86974,-7.36312],[111.86972,-7.36324],[111.86942,-7.36348],[111.86889,-7.36354],[111.86863,-7.36352],[111.86823,-7.36329],[111.86796,-7.36328],[111.86759,-7.36354],[111.86756,-7.36366],[111.86731,-7.36388],[111.86699,-7.36393],[111.86689,-7.36371],[111.8667,-7.36351],[111.8665,-7.3634],[111.86636,-7.36317],[111.86608,-7.36292],[111.86563,-7.3627],[111.86515,-7.36257],[111.86489,-7.36255],[111.86456,-7.36264],[111.86424,-7.3629],[111.864,-7.36283],[111.8639,-7.36269],[111.86392,-7.36247],[111.8636,-7.36213],[111.86315,-7.36203],[111.86246,-7.36161],[111.86203,-7.36148],[111.86182,-7.36148],[111.86166,-7.36165],[111.86107,-7.36202],[111.86082,-7.36212],[111.86002,-7.36199],[111.8596,-7.36176],[111.85939,-7.36172],[111.85889,-7.36177],[111.85868,-7.36184],[111.85824,-7.36207],[111.858,-7.36226],[111.85734,-7.36266],[111.85739,-7.36284],[111.8576,-7.36292],[111.85756,-7.36315],[111.85716,-7.36327],[111.85706,-7.36337],[111.85725,-7.36352],[111.85746,-7.36346],[111.85803,-7.36321],[111.85838,-7.3631],[111.85864,-7.36346],[111.85893,-7.36375],[111.85902,-7.36392],[111.85918,-7.364],[111.85936,-7.36396],[111.85953,-7.36379],[111.85974,-7.36367],[111.86012,-7.36366],[111.86062,-7.36371],[111.86076,-7.36384],[111.86097,-7.36392],[111.86106,-7.36408],[111.86093,-7.36437],[111.86121,-7.36458],[111.86095,-7.36466],[111.86065,-7.3655],[111.86039,-7.36565],[111.85961,-7.36547],[111.85918,-7.3654],[111.85618,-7.36521],[111.85538,-7.36545],[111.85369,-7.36585],[111.85288,-7.36593],[111.85189,-7.36583],[111.85085,-7.36556],[111.85027,-7.36533],[111.84886,-7.36464],[111.84795,-7.36424],[111.84703,-7.36398],[111.84645,-7.36405],[111.84583,-7.36415],[111.84471,-7.36415],[111.84344,-7.36403],[111.84174,-7.36402],[111.8412,-7.3637],[111.84076,-7.36331],[111.84041,-7.36317],[111.83984,-7.363],[111.83944,-7.36296],[111.83903,-7.36279],[111.83789,-7.36292],[111.83702,-7.363],[111.83664,-7.36305],[111.83553,-7.36324],[111.83414,-7.36358],[111.83304,-7.36362],[111.83181,-7.3637],[111.83046,-7.36369],[111.82886,-7.3635],[111.82774,-7.36342],[111.82729,-7.36335],[111.82584,-7.36302],[111.82433,-7.36273],[111.82259,-7.36211],[111.82261,-7.36184],[111.82255,-7.36151],[111.82213,-7.36063],[111.82188,-7.35981],[111.82182,-7.35954],[111.82185,-7.35924],[111.82208,-7.35814],[111.82218,-7.35679],[111.82233,-7.3563],[111.8224,-7.35564],[111.82153,-7.35475],[111.82137,-7.35392],[111.82129,-7.3528],[111.82123,-7.35133],[111.82074,-7.35161],[111.8198,-7.35208],[111.81886,-7.35245],[111.81781,-7.35297],[111.81684,-7.35347],[111.81574,-7.35384],[111.81513,-7.35393],[111.81456,-7.35395],[111.817565,-7.362375],[111.81964,-7.365685],[111.81939,-7.365805],[111.819135,-7.3661],[111.819125,-7.36634],[111.81922,-7.36733],[111.81922,-7.368495],[111.81937,-7.36933],[111.819295,-7.36998],[111.8192,-7.370455],[111.81901,-7.37108],[111.81882,-7.371365],[111.816995,-7.373535],[111.806,-7.36186],[111.785915,-7.35342],[111.785705,-7.353535],[111.785895,-7.35397],[111.785745,-7.35403],[111.785515,-7.353895],[111.78527,-7.354085],[111.785155,-7.35466],[111.78487,-7.35456],[111.78466,-7.354355],[111.784565,-7.353955],[111.784375,-7.35367],[111.78405,-7.3534],[111.78407,-7.353175],[111.78483,-7.352715],[111.784775,-7.35247],[111.78388,-7.35241],[111.783555,-7.35228],[111.783385,-7.352145],[111.78327,-7.35186],[111.782985,-7.351555],[111.78281,-7.351555],[111.782605,-7.351975],[111.782315,-7.352165],[111.78211,-7.352165],[111.781955,-7.35205],[111.78188,-7.35188],[111.78205,-7.35129],[111.78247,-7.35125],[111.782565,-7.35106],[111.782525,-7.350605],[111.78268,-7.35043],[111.782965,-7.3503],[111.783135,-7.35011],[111.783135,-7.349825],[111.78302,-7.349615],[111.782795,-7.349595],[111.782735,-7.349405],[111.782605,-7.349215],[111.78222,-7.349005],[111.782315,-7.34887],[111.78266,-7.348755],[111.783115,-7.3487],[111.783195,-7.34845],[111.783175,-7.34832],[111.783,-7.348035],[111.78308,-7.347805],[111.78332,-7.34762],[111.78327,-7.3469],[111.7832,-7.34667],[111.78282,-7.34638],[111.78295,-7.34605],[111.78347,-7.3456],[111.78352,-7.34549],[111.78325,-7.34527],[111.78306,-7.34522],[111.78252,-7.34529],[111.78243,-7.34527],[111.78245,-7.34479],[111.78242,-7.34466],[111.78216,-7.34444],[111.78254,-7.34411],[111.782605,-7.34372]]]}},{"type":"Feature","properties":{"nama":"Kalitidu"},"geometry":{"type":"Polygon","coordinates":[[[111.84268,-7.154315],[111.84232,-7.15414],[111.84192,-7.15376],[111.84156,-7.15322],[111.84129,-7.15264],[111.84106,-7.1519],[111.84088,-7.15111],[111.84065,-7.15024],[111.84052,-7.14956],[111.83993,-7.14802],[111.83957,-7.14719],[111.83892,-7.14607],[111.83873,-7.14614],[111.838395,-7.14564],[111.836715,-7.144315],[111.8358,-7.143445],[111.83479,-7.14276],[111.83403,-7.14204],[111.83302,-7.140895],[111.83224,-7.137795],[111.831655,-7.138015],[111.83098,-7.138685],[111.83031,-7.13774],[111.82957,-7.13648],[111.8291,-7.13554],[111.8288,-7.13476],[111.828655,-7.133715],[111.828695,-7.13222],[111.828865,-7.13112],[111.82905,-7.130535],[111.82971,-7.12962],[111.83007,-7.12908],[111.8305,-7.12816],[111.83104,-7.12735],[111.83162,-7.1264],[111.83212,-7.12579],[111.83274,-7.125],[111.83309,-7.12429],[111.83353,-7.12355],[111.83382,-7.12287],[111.83402,-7.12196],[111.83414,-7.12121],[111.83399,-7.12052],[111.83357,-7.11984],[111.83308,-7.11915],[111.83222,-7.11837],[111.83124,-7.11759],[111.83031,-7.11696],[111.82945,-7.11644],[111.8242,-7.11354],[111.82288,-7.11276],[111.82235,-7.11251],[111.82172,-7.11374],[111.821525,-7.114255],[111.821685,-7.114305],[111.8216,-7.114575],[111.821185,-7.11506],[111.820375,-7.116245],[111.82075,-7.11649],[111.82163,-7.11714],[111.8223,-7.11775],[111.82335,-7.1188],[111.82409,-7.11961],[111.82465,-7.12061],[111.82505,-7.12149],[111.82527,-7.12254],[111.82537,-7.12328],[111.82537,-7.12435],[111.82519,-7.12573],[111.825,-7.12623],[111.82456,-7.12704],[111.82393,-7.12781],[111.82334,-7.12851],[111.8226,-7.12906],[111.82145,-7.12964],[111.82004,-7.13008],[111.81871,-7.13042],[111.81746,-7.13066],[111.81639,-7.13091],[111.81569,-7.131],[111.81521,-7.13104],[111.81357,-7.13106],[111.8123,-7.13087],[111.8105,-7.1304],[111.80972,-7.12998],[111.80893,-7.1296],[111.80833,-7.12925],[111.80779,-7.12871],[111.80735,-7.1282],[111.80692,-7.12753],[111.80604,-7.12557],[111.80555,-7.12446],[111.80527,-7.12359],[111.80518,-7.12301],[111.80501,-7.12249],[111.80457,-7.12154],[111.80402,-7.12072],[111.80342,-7.11991],[111.80203,-7.1184],[111.80048,-7.11704],[111.79921,-7.1161],[111.79793,-7.11532],[111.79645,-7.11434],[111.79527,-7.11361],[111.79392,-7.11289],[111.79243,-7.11224],[111.79073,-7.11141],[111.78939,-7.11083],[111.78293,-7.10823],[111.78147,-7.10769],[111.77805,-7.10638],[111.77696,-7.10593],[111.77609,-7.10567],[111.77491,-7.10543],[111.77421,-7.10537],[111.77329,-7.10539],[111.77276,-7.10551],[111.772,-7.10582],[111.77114,-7.10634],[111.77044,-7.10682],[111.76966,-7.1074],[111.76883,-7.10798],[111.76816,-7.10859],[111.76757,-7.10928],[111.76734,-7.10967],[111.76724,-7.11042],[111.76718,-7.11149],[111.76726,-7.11227],[111.76741,-7.11297],[111.76767,-7.11358],[111.76811,-7.11426],[111.76848,-7.1145],[111.76967,-7.11482],[111.77112,-7.11514],[111.7722,-7.11527],[111.77403,-7.11528],[111.77525,-7.11533],[111.7762,-7.11548],[111.77816,-7.1159],[111.77929,-7.11638],[111.77998,-7.11674],[111.78049,-7.11724],[111.78087,-7.11771],[111.78094,-7.1181],[111.78092,-7.119],[111.78084,-7.12003],[111.78066,-7.12106],[111.78043,-7.1219],[111.78012,-7.12262],[111.77924,-7.12431],[111.77881,-7.125],[111.77858,-7.12526],[111.77808,-7.12595],[111.77754,-7.12652],[111.77712,-7.12702],[111.77663,-7.12756],[111.77617,-7.12792],[111.77461,-7.12868],[111.77264,-7.129075],[111.771795,-7.128725],[111.77132,-7.12839],[111.770635,-7.127295],[111.770475,-7.12639],[111.77038,-7.12565],[111.76997,-7.12463],[111.76965,-7.12375],[111.7694,-7.12329],[111.76881,-7.12243],[111.76798,-7.1215],[111.76749,-7.12116],[111.76702,-7.12114],[111.76631,-7.12121],[111.7654,-7.12141],[111.76359,-7.12207],[111.76242,-7.12254],[111.76166,-7.12288],[111.76097,-7.1231],[111.76014,-7.12318],[111.75911,-7.1233],[111.75835,-7.12335],[111.75712,-7.12328],[111.75629,-7.12311],[111.75526,-7.1228],[111.75489,-7.12254],[111.75075,-7.11852],[111.75,-7.11768],[111.74887,-7.11667],[111.74624,-7.11485],[111.74488,-7.11401],[111.7422,-7.1128],[111.73906,-7.112],[111.73502,-7.11098],[111.73333,-7.11076],[111.73023,-7.11047],[111.72913,-7.1111],[111.7284,-7.11202],[111.72737,-7.11396],[111.72634,-7.11565],[111.72473,-7.11856],[111.72392,-7.12047],[111.72389,-7.12234],[111.72483,-7.125],[111.72517,-7.12558],[111.72599,-7.12673],[111.72692,-7.12814],[111.72728,-7.12893],[111.72752,-7.13011],[111.72752,-7.13161],[111.72745,-7.13235],[111.72729,-7.13307],[111.72703,-7.1337],[111.72657,-7.13412],[111.72587,-7.13436],[111.72518,-7.13452],[111.72418,-7.1346],[111.72339,-7.134555],[111.72325,-7.13513],[111.72315,-7.13574],[111.72313,-7.13604],[111.72318,-7.13626],[111.72329,-7.136405],[111.72335,-7.13722],[111.723485,-7.137465],[111.72329,-7.137605],[111.72321,-7.13791],[111.72329,-7.13829],[111.72319,-7.13851],[111.7233,-7.13879],[111.72366,-7.1389],[111.72389,-7.1391],[111.72379,-7.1394],[111.72339,-7.13996],[111.72297,-7.14062],[111.72273,-7.14122],[111.7226,-7.14177],[111.72262,-7.14204],[111.72274,-7.14245],[111.72302,-7.14304],[111.72339,-7.14356],[111.72391,-7.14417],[111.72448,-7.14462],[111.72518,-7.14513],[111.7262,-7.14571],[111.72726,-7.1461],[111.72842,-7.14667],[111.72947,-7.1473],[111.73081,-7.14817],[111.73162,-7.14873],[111.73244,-7.14932],[111.73339,-7.14987],[111.73396,-7.15073],[111.73446,-7.15158],[111.7348,-7.15205],[111.73493,-7.15227],[111.73499,-7.15255],[111.73495,-7.15333],[111.73505,-7.1538],[111.73555,-7.15441],[111.73627,-7.15483],[111.73727,-7.15516],[111.738525,-7.15551],[111.74072,-7.15615],[111.74189,-7.15671],[111.74289,-7.157135],[111.74303,-7.15709],[111.744345,-7.157205],[111.74633,-7.15764],[111.746285,-7.157715],[111.747595,-7.158085],[111.74912,-7.158365],[111.74964,-7.158525],[111.750015,-7.15872],[111.75014,-7.15874],[111.750265,-7.15854],[111.750805,-7.15875],[111.751625,-7.15895],[111.75202,-7.15822],[111.75231,-7.15827],[111.752335,-7.158],[111.752475,-7.15803],[111.75307,-7.15783],[111.75314,-7.15767],[111.753645,-7.15777],[111.754275,-7.157835],[111.75436,-7.15799],[111.75609,-7.15794],[111.75599,-7.15867],[111.75654,-7.159575],[111.756645,-7.15998],[111.75655,-7.160165],[111.75629,-7.160295],[111.756035,-7.16026],[111.75591,-7.16041],[111.75576,-7.16071],[111.75554,-7.161015],[111.75551,-7.16114],[111.75571,-7.161635],[111.75576,-7.16184],[111.75679,-7.16215],[111.75733,-7.16213],[111.75783,-7.16215],[111.7586,-7.16233],[111.75861,-7.1611],[111.75866,-7.16042],[111.75977,-7.1606],[111.76059,-7.1609],[111.76131,-7.16118],[111.76219,-7.16149],[111.76307,-7.16182],[111.76389,-7.16209],[111.76553,-7.16266],[111.76651,-7.16304],[111.76695,-7.16323],[111.76727,-7.1634],[111.76767,-7.16382],[111.76813,-7.16437],[111.76851,-7.16465],[111.76906,-7.16488],[111.77067,-7.16545],[111.77126,-7.16565],[111.77183,-7.16581],[111.77209,-7.16576],[111.77227,-7.1656],[111.77257,-7.165],[111.77292,-7.16293],[111.77302,-7.16251],[111.7732,-7.16193],[111.7738,-7.16024],[111.77392,-7.15976],[111.77398,-7.15933],[111.77393,-7.15894],[111.77375,-7.15858],[111.77351,-7.15796],[111.77337,-7.15741],[111.7733,-7.15647],[111.77366,-7.1566],[111.77425,-7.15674],[111.77591,-7.15721],[111.77622,-7.15741],[111.77666,-7.15784],[111.77718,-7.15847],[111.778,-7.15964],[111.77834,-7.16022],[111.77848,-7.16082],[111.77859,-7.16097],[111.77889,-7.16108],[111.77927,-7.16117],[111.77969,-7.16121],[111.78025,-7.16111],[111.78079,-7.16096],[111.78113,-7.16089],[111.7814,-7.16088],[111.78189,-7.16094],[111.783325,-7.16108],[111.78551,-7.16079],[111.78633,-7.16069],[111.78778,-7.160565],[111.78777,-7.15979],[111.78783,-7.15907],[111.78818,-7.15794],[111.78842,-7.15664],[111.78898,-7.15669],[111.78952,-7.15679],[111.79041,-7.15714],[111.79103,-7.15743],[111.79161,-7.15774],[111.79215,-7.15809],[111.79237,-7.15827],[111.79223,-7.15893],[111.79187,-7.15919],[111.79175,-7.15932],[111.79166,-7.15963],[111.79186,-7.1599],[111.79233,-7.16002],[111.79303,-7.16008],[111.79406,-7.1601],[111.79506,-7.16008],[111.79554,-7.16014],[111.7961,-7.16012],[111.796665,-7.15995],[111.796615,-7.160235],[111.796765,-7.16071],[111.79665,-7.160885],[111.79623,-7.162025],[111.796455,-7.162015],[111.79642,-7.1623],[111.79652,-7.162315],[111.796485,-7.162615],[111.79649,-7.16346],[111.796575,-7.163745],[111.79657,-7.16391],[111.796395,-7.16405],[111.796535,-7.16422],[111.796955,-7.164215],[111.79704,-7.16443],[111.79735,-7.1647],[111.797295,-7.16531],[111.79719,-7.1659],[111.797155,-7.16638],[111.797335,-7.16685],[111.7973,-7.167175],[111.797455,-7.16723],[111.79766,-7.167665],[111.797965,-7.167745],[111.79838,-7.16794],[111.79809,-7.168825],[111.79839,-7.169105],[111.79826,-7.169285],[111.798145,-7.169655],[111.79799,-7.16992],[111.798305,-7.17013],[111.797855,-7.17056],[111.797385,-7.17095],[111.7969,-7.171295],[111.796105,-7.17183],[111.79562,-7.17204],[111.79533,-7.17225],[111.79477,-7.17258],[111.794145,-7.172805],[111.793685,-7.17278],[111.793465,-7.17281],[111.793155,-7.17271],[111.792645,-7.1727],[111.79242,-7.17275],[111.792275,-7.173565],[111.792195,-7.17429],[111.79204,-7.174775],[111.79192,-7.175055],[111.79193,-7.1752],[111.792035,-7.17542],[111.792215,-7.175575],[111.792335,-7.175775],[111.79231,-7.175895],[111.79169,-7.176345],[111.79132,-7.176705],[111.790525,-7.17733],[111.79049,-7.177545],[111.79078,-7.178265],[111.79096,-7.179095],[111.791135,-7.17915],[111.791195,-7.179265],[111.7912,-7.179695],[111.79136,-7.179985],[111.7912,-7.180285],[111.79098,-7.180535],[111.791165,-7.18097],[111.79128,-7.18113],[111.7913,-7.181345],[111.7912,-7.181645],[111.790995,-7.18202],[111.790725,-7.182115],[111.79042,-7.182275],[111.79041,-7.182535],[111.79053,-7.183185],[111.79039,-7.18409],[111.79036,-7.184405],[111.790425,-7.184765],[111.790295,-7.18492],[111.789925,-7.184905],[111.78963,-7.18502],[111.78939,-7.18516],[111.789115,-7.185035],[111.788905,-7.184825],[111.788695,-7.18484],[111.788475,-7.185025],[111.78846,-7.185165],[111.788715,-7.18546],[111.788535,-7.18579],[111.78851,-7.18595],[111.788625,-7.18618],[111.788985,-7.186375],[111.788925,-7.186485],[111.788685,-7.186615],[111.78852,-7.18678],[111.788425,-7.187065],[111.78844,-7.187235],[111.7887,-7.18737],[111.78874,-7.187715],[111.78832,-7.1884],[111.78837,-7.189],[111.788475,-7.18945],[111.788815,-7.19018],[111.789015,-7.190325],[111.789165,-7.190605],[111.789585,-7.19112],[111.79012,-7.1917],[111.790905,-7.192215],[111.791505,-7.19253],[111.792065,-7.192865],[111.792905,-7.19361],[111.79322,-7.193935],[111.79337,-7.194145],[111.794205,-7.19458],[111.79431,-7.19465],[111.79461,-7.194725],[111.79549,-7.19499],[111.79619,-7.1954],[111.796555,-7.19574],[111.796765,-7.19601],[111.79761,-7.19657],[111.797785,-7.19671],[111.798245,-7.197205],[111.798525,-7.19747],[111.799145,-7.19797],[111.799355,-7.19817],[111.799975,-7.198475],[111.80061,-7.198645],[111.801025,-7.19879],[111.801265,-7.198815],[111.801785,-7.19894],[111.8022,-7.19908],[111.802925,-7.199105],[111.8032,-7.19905],[111.803755,-7.19901],[111.80447,-7.19891],[111.805055,-7.19891],[111.80613,-7.19899],[111.80673,-7.19917],[111.807035,-7.19923],[111.807385,-7.19942],[111.807545,-7.19947],[111.808195,-7.1998],[111.80873,-7.19902],[111.80886,-7.19881],[111.80869,-7.198725],[111.80833,-7.198365],[111.808425,-7.19827],[111.808705,-7.19818],[111.80915,-7.19835],[111.80937,-7.198285],[111.80975,-7.197705],[111.809775,-7.197405],[111.810215,-7.197145],[111.81033,-7.19673],[111.810125,-7.19667],[111.810045,-7.196575],[111.810115,-7.196395],[111.810455,-7.19617],[111.81046,-7.195905],[111.8103,-7.195775],[111.810255,-7.195605],[111.810325,-7.19548],[111.810615,-7.19521],[111.81114,-7.19507],[111.811265,-7.19485],[111.811215,-7.19449],[111.81124,-7.19435],[111.811405,-7.19407],[111.81194,-7.19367],[111.812285,-7.19355],[111.81272,-7.19355],[111.81315,-7.19333],[111.81339,-7.193085],[111.813645,-7.19298],[111.813855,-7.192745],[111.814435,-7.192015],[111.814795,-7.19207],[111.81497,-7.191975],[111.81514,-7.191655],[111.8153,-7.19161],[111.81552,-7.191835],[111.81573,-7.191885],[111.816,-7.1918],[111.816195,-7.191805],[111.81648,-7.19167],[111.816545,-7.191465],[111.8165,-7.191105],[111.81668,-7.190805],[111.81708,-7.190505],[111.817125,-7.190385],[111.81736,-7.19017],[111.817575,-7.1899],[111.817755,-7.18955],[111.817765,-7.18915],[111.81799,-7.188875],[111.81803,-7.18859],[111.818145,-7.18846],[111.81815,-7.18821],[111.818005,-7.18808],[111.818365,-7.18775],[111.818795,-7.187595],[111.818955,-7.187505],[111.81921,-7.187275],[111.819515,-7.187115],[111.819755,-7.187125],[111.820115,-7.187325],[111.820245,-7.187205],[111.8204,-7.18688],[111.820675,-7.186575],[111.82073,-7.186345],[111.82087,-7.186065],[111.82087,-7.185895],[111.82067,-7.185375],[111.820505,-7.18502],[111.82057,-7.18491],[111.82035,-7.18475],[111.82062,-7.184125],[111.82078,-7.183885],[111.820885,-7.183565],[111.820785,-7.183435],[111.820385,-7.1832],[111.82041,-7.183125],[111.820155,-7.182915],[111.82044,-7.182355],[111.820725,-7.181645],[111.82082,-7.18169],[111.821285,-7.180745],[111.821455,-7.18034],[111.820745,-7.180015],[111.82123,-7.17865],[111.82162,-7.17792],[111.82149,-7.17788],[111.820665,-7.177505],[111.81985,-7.177175],[111.81993,-7.17697],[111.818275,-7.176345],[111.8188,-7.17518],[111.819005,-7.17468],[111.819835,-7.175005],[111.81995,-7.174425],[111.82036,-7.17455],[111.82033,-7.17435],[111.820675,-7.173575],[111.82171,-7.174015],[111.821905,-7.17349],[111.82164,-7.17334],[111.821685,-7.17325],[111.821055,-7.17296],[111.82113,-7.172815],[111.820995,-7.17274],[111.8213,-7.172595],[111.821645,-7.172165],[111.821295,-7.17212],[111.820775,-7.17189],[111.82056,-7.17167],[111.82072,-7.17159],[111.82077,-7.171465],[111.821065,-7.171355],[111.82128,-7.17098],[111.82175,-7.17027],[111.8219,-7.17018],[111.822,-7.17],[111.822195,-7.169995],[111.82241,-7.169595],[111.82275,-7.1697],[111.823055,-7.169915],[111.823355,-7.169985],[111.823525,-7.170145],[111.82387,-7.170105],[111.824105,-7.169905],[111.824295,-7.17],[111.8243,-7.170115],[111.82448,-7.170155],[111.824815,-7.170125],[111.824935,-7.170215],[111.82521,-7.17016],[111.825635,-7.170175],[111.82612,-7.17024],[111.82619,-7.17016],[111.82617,-7.16986],[111.82634,-7.1698],[111.82659,-7.16988],[111.82684,-7.16971],[111.82705,-7.1697],[111.82729,-7.16943],[111.82765,-7.16938],[111.82778,-7.16912],[111.82793,-7.16901],[111.82809,-7.16875],[111.82841,-7.16879],[111.82858,-7.16888],[111.8288,-7.16911],[111.82911,-7.16914],[111.82924,-7.16887],[111.82968,-7.16898],[111.82985,-7.16894],[111.83007,-7.16879],[111.83032,-7.16879],[111.83062,-7.16867],[111.83108,-7.16882],[111.83149,-7.16863],[111.83161,-7.16844],[111.8319,-7.16838],[111.83209,-7.16826],[111.83235,-7.1683],[111.8331,-7.16815],[111.83329,-7.16824],[111.83342,-7.16813],[111.83379,-7.16821],[111.83453,-7.16825],[111.83517,-7.16835],[111.83546,-7.16771],[111.83546,-7.16709],[111.83552,-7.16618],[111.83557,-7.16576],[111.83601,-7.16559],[111.83639,-7.1653],[111.83689,-7.16438],[111.83758,-7.16305],[111.83822,-7.16195],[111.83891,-7.16085],[111.83944,-7.15997],[111.83959,-7.15956],[111.84029,-7.1586],[111.840865,-7.157655],[111.840985,-7.15678],[111.841235,-7.15676],[111.841305,-7.156585],[111.84136,-7.156125],[111.84156,-7.156105],[111.841805,-7.15618],[111.842135,-7.155345],[111.84268,-7.154315]]]}},{"type":"Feature","properties":{"nama":"Kanor"},"geometry":{"type":"Polygon","coordinates":[[[111.988305,-7.16283],[111.98855,-7.16296],[111.98857,-7.16316],[111.988775,-7.163365],[111.988755,-7.16355],[111.989165,-7.16371],[111.9893,-7.16383],[111.98949,-7.163875],[111.98957,-7.16368],[111.989575,-7.163375],[111.98964,-7.163275],[111.989625,-7.163015],[111.989775,-7.162995],[111.989855,-7.16268],[111.99207,-7.16234],[111.99243,-7.16224],[111.99261,-7.16231],[111.99263,-7.16202],[111.99272,-7.16167],[111.99293,-7.161005],[111.99322,-7.16106],[111.994675,-7.161515],[111.994515,-7.162445],[111.995315,-7.16255],[111.99522,-7.16314],[111.995665,-7.163145],[111.99619,-7.163245],[111.996225,-7.163645],[111.99675,-7.163785],[111.997405,-7.163885],[111.998005,-7.164085],[111.99917,-7.164385],[111.999255,-7.16425],[111.99958,-7.164345],[112.000325,-7.1645],[112.001175,-7.164545],[112.001685,-7.16463],[112.002295,-7.164675],[112.002525,-7.163995],[112.00281,-7.164045],[112.002935,-7.163835],[112.002645,-7.1635],[112.00287,-7.163065],[112.002945,-7.162695],[112.00301,-7.162005],[112.003245,-7.161245],[112.003675,-7.16135],[112.004325,-7.16154],[112.004245,-7.161775],[112.004415,-7.16182],[112.00449,-7.16159],[112.005035,-7.161685],[112.005555,-7.16197],[112.00584,-7.162035],[112.00576,-7.162255],[112.005635,-7.162205],[112.00559,-7.162545],[112.005445,-7.16252],[112.00533,-7.163075],[112.005105,-7.163015],[112.005045,-7.163175],[112.004965,-7.16374],[112.00478,-7.164715],[112.006495,-7.16502],[112.00647,-7.165205],[112.00675,-7.16533],[112.006715,-7.165465],[112.00758,-7.16558],[112.00747,-7.165835],[112.007455,-7.166235],[112.00773,-7.16643],[112.00796,-7.16649],[112.007875,-7.16712],[112.00807,-7.167145],[112.00924,-7.1675],[112.00984,-7.16759],[112.010465,-7.16764],[112.01048,-7.16734],[112.01153,-7.167445],[112.011555,-7.1671],[112.01211,-7.167195],[112.01255,-7.16738],[112.012615,-7.167185],[112.013305,-7.1673],[112.01333,-7.166975],[112.01398,-7.167045],[112.01398,-7.166785],[112.014715,-7.166825],[112.014735,-7.166965],[112.01521,-7.16696],[112.015235,-7.166805],[112.015535,-7.166845],[112.01554,-7.16699],[112.01588,-7.166995],[112.01628,-7.167035],[112.01629,-7.167365],[112.016595,-7.167415],[112.016795,-7.16753],[112.016775,-7.167725],[112.01705,-7.167815],[112.01718,-7.16797],[112.0175,-7.168035],[112.017585,-7.168255],[112.01839,-7.16844],[112.018475,-7.168735],[112.0194,-7.16877],[112.01971,-7.16867],[112.01988,-7.16853],[112.02035,-7.16804],[112.02043,-7.167905],[112.021745,-7.16823],[112.02367,-7.168605],[112.023785,-7.168665],[112.023885,-7.168515],[112.024215,-7.166995],[112.02435,-7.16641],[112.02458,-7.1657],[112.02585,-7.16458],[112.026025,-7.16422],[112.02612,-7.16426],[112.02627,-7.1638],[112.026615,-7.16388],[112.02678,-7.163135],[112.02723,-7.16286],[112.02753,-7.16281],[112.02782,-7.1627],[112.02813,-7.16246],[112.02898,-7.16202],[112.02968,-7.16184],[112.03055,-7.16182],[112.03159,-7.16197],[112.03213,-7.16196],[112.03246,-7.16187],[112.03285,-7.16187],[112.03343,-7.16183],[112.03409,-7.16144],[112.03441,-7.16128],[112.03474,-7.16094],[112.0354,-7.16021],[112.03614,-7.15961],[112.03639,-7.15934],[112.03663,-7.15921],[112.03699,-7.15911],[112.03721,-7.15927],[112.0374,-7.15952],[112.03755,-7.1598],[112.03784,-7.16019],[112.0381,-7.16066],[112.03836,-7.16102],[112.03854,-7.16134],[112.03946,-7.16259],[112.03965,-7.16269],[112.03981,-7.16288],[112.039915,-7.162705],[112.03997,-7.16236],[112.04006,-7.162375],[112.04162,-7.16272],[112.041955,-7.162855],[112.042005,-7.16257],[112.042475,-7.16254],[112.04254,-7.162385],[112.042755,-7.162415],[112.04296,-7.162545],[112.043225,-7.162595],[112.043465,-7.162575],[112.0437,-7.16164],[112.04395,-7.16169],[112.04428,-7.160375],[112.044775,-7.16045],[112.04559,-7.16069],[112.046305,-7.160935],[112.04636,-7.161015],[112.046755,-7.16125],[112.047805,-7.161375],[112.048865,-7.160995],[112.04926,-7.16091],[112.05039,-7.16026],[112.05055,-7.16018],[112.05026,-7.159585],[112.050225,-7.159015],[112.05007,-7.15849],[112.05003,-7.15807],[112.04993,-7.157525],[112.04965,-7.156995],[112.04847,-7.15559],[112.04829,-7.15546],[112.0477,-7.15511],[112.04725,-7.1549],[112.04688,-7.15466],[112.04651,-7.15449],[112.04526,-7.15368],[112.04482,-7.15343],[112.04433,-7.15321],[112.04342,-7.15253],[112.04321,-7.15242],[112.04293,-7.15221],[112.04274,-7.152115],[112.039005,-7.151205],[112.03925,-7.150115],[112.03854,-7.1497],[112.03832,-7.14914],[112.03852,-7.14866],[112.03895,-7.14817],[112.03922,-7.14797],[112.03985,-7.14766],[112.04034,-7.14748],[112.04068,-7.14731],[112.04101,-7.14723],[112.04137,-7.14702],[112.04241,-7.14666],[112.04263,-7.14653],[112.04324,-7.14642],[112.04432,-7.14598],[112.04472,-7.14575],[112.0452,-7.14535],[112.04594,-7.14449],[112.04619,-7.14404],[112.04624,-7.14367],[112.04643,-7.14318],[112.04652,-7.14255],[112.04653,-7.14214],[112.04659,-7.14163],[112.04662,-7.14077],[112.0465,-7.14043],[112.04646,-7.14007],[112.04636,-7.13971],[112.04619,-7.13924],[112.04616,-7.13875],[112.04597,-7.13799],[112.04583,-7.13716],[112.04584,-7.13671],[112.04677,-7.13647],[112.04737,-7.13643],[112.04764,-7.13636],[112.04795,-7.13641],[112.04832,-7.1364],[112.04909,-7.13606],[112.04949,-7.13576],[112.04995,-7.13534],[112.05047,-7.13494],[112.05078,-7.13356],[112.05101,-7.13287],[112.05113,-7.1326],[112.05143,-7.13181],[112.05167,-7.13153],[112.05211,-7.1311],[112.05239,-7.13087],[112.05259,-7.1302],[112.05261,-7.12974],[112.05256,-7.12936],[112.05237,-7.12898],[112.05177,-7.12821],[112.05158,-7.1278],[112.05124,-7.12738],[112.0508,-7.12622],[112.05068,-7.12539],[112.05055,-7.125],[112.05062,-7.12438],[112.0507,-7.1229],[112.05096,-7.12145],[112.05129,-7.11984],[112.0517,-7.11835],[112.05209,-7.11666],[112.05245,-7.11542],[112.0525,-7.11488],[112.05267,-7.11387],[112.05301,-7.11318],[112.05338,-7.11304],[112.05366,-7.11302],[112.05424,-7.11306],[112.05506,-7.11319],[112.05646,-7.1135],[112.05782,-7.11359],[112.05855,-7.1136],[112.0607,-7.11359],[112.06132,-7.11327],[112.06153,-7.11253],[112.06161,-7.11184],[112.06197,-7.11001],[112.06207,-7.10887],[112.06218,-7.10812],[112.06218,-7.10672],[112.06249,-7.10568],[112.06286,-7.10452],[112.06307,-7.10397],[112.06354,-7.10349],[112.06376,-7.10323],[112.06399,-7.10275],[112.06412,-7.10259],[112.06458,-7.10228],[112.06527,-7.10158],[112.06591,-7.101865],[112.06609,-7.101915],[112.06631,-7.10142],[112.066765,-7.101545],[112.067155,-7.10059],[112.06743,-7.100675],[112.067715,-7.100145],[112.067715,-7.10007],[112.068915,-7.100515],[112.069235,-7.09915],[112.06937,-7.098925],[112.06951,-7.098405],[112.069385,-7.09841],[112.069395,-7.09818],[112.06952,-7.09779],[112.069625,-7.09779],[112.06977,-7.09762],[112.069725,-7.097495],[112.070505,-7.09757],[112.070525,-7.09732],[112.07061,-7.09722],[112.0709,-7.09715],[112.07096,-7.096925],[112.07105,-7.096945],[112.07118,-7.096575],[112.071435,-7.09573],[112.071585,-7.094865],[112.071725,-7.09416],[112.07189,-7.09347],[112.07207,-7.092995],[112.072085,-7.092555],[112.07232,-7.091935],[112.072345,-7.09142],[112.072395,-7.090935],[112.07252,-7.090545],[112.07248,-7.09019],[112.07279,-7.089605],[112.07257,-7.08929],[112.07227,-7.08921],[112.07205,-7.08937],[112.07195,-7.08954],[112.07152,-7.08946],[112.071195,-7.08934],[112.07151,-7.08818],[112.070965,-7.08806],[112.071155,-7.08748],[112.0717,-7.085315],[112.072575,-7.085485],[112.07277,-7.08516],[112.072965,-7.08515],[112.0731,-7.08454],[112.07461,-7.08479],[112.07485,-7.084135],[112.07571,-7.0843],[112.075645,-7.083815],[112.07595,-7.083805],[112.07604,-7.083005],[112.076385,-7.083125],[112.07648,-7.083065],[112.076835,-7.083065],[112.07717,-7.081875],[112.077155,-7.08159],[112.077325,-7.08135],[112.077575,-7.079605],[112.07763,-7.078945],[112.07781,-7.07739],[112.07844,-7.07609],[112.078775,-7.076225],[112.07956,-7.07639],[112.07983,-7.076475],[112.0801,-7.076065],[112.08022,-7.075735],[112.08021,-7.07512],[112.079955,-7.074255],[112.07971,-7.07412],[112.07918,-7.073705],[112.07907,-7.07352],[112.078735,-7.07311],[112.078575,-7.072025],[112.07856,-7.071445],[112.07868,-7.070095],[112.078745,-7.06981],[112.079515,-7.067855],[112.07969,-7.067425],[112.08022,-7.066005],[112.07984,-7.066125],[112.077455,-7.067335],[112.075555,-7.068435],[112.07443,-7.069165],[112.072615,-7.06999],[112.070685,-7.07078],[112.06906,-7.071375],[112.065775,-7.072335],[112.063905,-7.072675],[112.06188,-7.07259],[112.059885,-7.072165],[112.058125,-7.072075],[112.05634,-7.072235],[112.054705,-7.0728],[112.05374,-7.073905],[112.052685,-7.07573],[112.05197,-7.076745],[112.051315,-7.0772],[112.050515,-7.077375],[112.04957,-7.077215],[112.049015,-7.07693],[112.04884,-7.07677],[112.04809,-7.07627],[112.04732,-7.076915],[112.046585,-7.07774],[112.04585,-7.07848],[112.044955,-7.07958],[112.04452,-7.080055],[112.043945,-7.08057],[112.04293,-7.08114],[112.04241,-7.081385],[112.04168,-7.08154],[112.041335,-7.08154],[112.041305,-7.08174],[112.04078,-7.081665],[112.040275,-7.081465],[112.039995,-7.081245],[112.03976,-7.080975],[112.039465,-7.080355],[112.039405,-7.07981],[112.039515,-7.079305],[112.03984,-7.07854],[112.04059,-7.07789],[112.04159,-7.07726],[112.0425,-7.076775],[112.04324,-7.07666],[112.0438,-7.076495],[112.044265,-7.076285],[112.044655,-7.07605],[112.0449,-7.075695],[112.04526,-7.07494],[112.045335,-7.07453],[112.04532,-7.07428],[112.045355,-7.073325],[112.045295,-7.07199],[112.04429,-7.071235],[112.04282,-7.070545],[112.0417,-7.07034],[112.04088,-7.070425],[112.03962,-7.07087],[112.038715,-7.071355],[112.03821,-7.07202],[112.03769,-7.072775],[112.03722,-7.07389],[112.0366,-7.07489],[112.03579,-7.07632],[112.035265,-7.077205],[112.034725,-7.077675],[112.033585,-7.07842],[112.032735,-7.07885],[112.031865,-7.07908],[112.031325,-7.079055],[112.030835,-7.07888],[112.030555,-7.07867],[112.03007,-7.0782],[112.029705,-7.077555],[112.02956,-7.076785],[112.02949,-7.0757],[112.029405,-7.07476],[112.02932,-7.07396],[112.028965,-7.072695],[112.02868,-7.07213],[112.028255,-7.07146],[112.027635,-7.070755],[112.026905,-7.070025],[112.02614,-7.069335],[112.02511,-7.068535],[112.02425,-7.068185],[112.0233,-7.06784],[112.02212,-7.067655],[112.02126,-7.067615],[112.02046,-7.067635],[112.01891,-7.06781],[112.017785,-7.068055],[112.01703,-7.068365],[112.0166,-7.06869],[112.01601,-7.06938],[112.015665,-7.069905],[112.015505,-7.07044],[112.015405,-7.07171],[112.015345,-7.07291],[112.015395,-7.07439],[112.015725,-7.07561],[112.016325,-7.077255],[112.017065,-7.07837],[112.018225,-7.079905],[112.019335,-7.081205],[112.019865,-7.081975],[112.020265,-7.08283],[112.020615,-7.08389],[112.020765,-7.085045],[112.020765,-7.08588],[112.020685,-7.086485],[112.02041,-7.08736],[112.01976,-7.08883],[112.018985,-7.089965],[112.017845,-7.090965],[112.01582,-7.092255],[112.01296,-7.093725],[112.01187,-7.094105],[112.01105,-7.094205],[112.010335,-7.094025],[112.0096,-7.093745],[112.008565,-7.09327],[112.008295,-7.093045],[112.00788,-7.092925],[112.00731,-7.09296],[112.006765,-7.09314],[112.0063,-7.093425],[112.00605,-7.09389],[112.00594,-7.09444],[112.00591,-7.09501],[112.00628,-7.09581],[112.007145,-7.096635],[112.00823,-7.09715],[112.010145,-7.097785],[112.011315,-7.098195],[112.01265,-7.098945],[112.0134,-7.09958],[112.014005,-7.10017],[112.014405,-7.10075],[112.01457,-7.10141],[112.014425,-7.10216],[112.01404,-7.102835],[112.013505,-7.10327],[112.012685,-7.10356],[112.011825,-7.10363],[112.010385,-7.10366],[112.009195,-7.10378],[112.00797,-7.104055],[112.007015,-7.10445],[112.005515,-7.105395],[112.00442,-7.10644],[112.00393,-7.107165],[112.003445,-7.108235],[112.003235,-7.10925],[112.003275,-7.11063],[112.003475,-7.111575],[112.003855,-7.112475],[112.00437,-7.113455],[112.004705,-7.114535],[112.005115,-7.11539],[112.00593,-7.116675],[112.007615,-7.1193],[112.00908,-7.121245],[112.009815,-7.12242],[112.01058,-7.12415],[112.01095,-7.125155],[112.011165,-7.126355],[112.01115,-7.12747],[112.010965,-7.128995],[112.010565,-7.130265],[112.010095,-7.13085],[112.00927,-7.13131],[112.008445,-7.13152],[112.00756,-7.131515],[112.006545,-7.13128],[112.00553,-7.130785],[112.00431,-7.12996],[112.00319,-7.12895],[112.001975,-7.12764],[112.000255,-7.12606],[111.99964,-7.125535],[111.99897,-7.124985],[111.998285,-7.124],[111.99786,-7.1232],[111.99755,-7.12228],[111.99748,-7.121295],[111.9975,-7.12066],[111.997645,-7.12021],[111.99797,-7.11973],[111.999115,-7.118695],[111.9995,-7.11816],[111.99972,-7.11741],[111.999735,-7.116545],[111.99955,-7.11574],[111.999165,-7.11489],[111.998535,-7.114255],[111.997785,-7.113955],[111.996785,-7.113925],[111.995835,-7.114125],[111.995065,-7.114455],[111.99444,-7.11512],[111.99399,-7.116055],[111.99391,-7.11719],[111.994095,-7.118935],[111.994405,-7.121185],[111.994515,-7.122705],[111.99451,-7.12344],[111.99424,-7.125445],[111.99366,-7.12776],[111.99283,-7.12973],[111.99231,-7.130635],[111.991545,-7.132155],[111.990755,-7.132995],[111.989615,-7.1344],[111.988715,-7.13547],[111.987455,-7.136925],[111.98687,-7.137805],[111.98587,-7.13933],[111.985365,-7.140725],[111.984765,-7.1426],[111.98446,-7.144365],[111.98429,-7.146075],[111.98376,-7.148825],[111.98346,-7.150245],[111.98302,-7.152945],[111.983145,-7.15539],[111.98335,-7.15563],[111.98391,-7.15613],[111.98406,-7.15618],[111.98425,-7.15635],[111.984665,-7.15703],[111.984865,-7.15767],[111.98481,-7.15784],[111.98461,-7.15803],[111.98453,-7.15823],[111.98454,-7.15843],[111.98473,-7.15875],[111.98499,-7.15879],[111.98542,-7.15841],[111.985935,-7.158135],[111.986175,-7.158115],[111.98636,-7.158245],[111.98638,-7.15845],[111.98648,-7.15872],[111.986745,-7.158905],[111.98688,-7.158865],[111.987165,-7.158675],[111.987255,-7.15847],[111.98713,-7.158315],[111.987185,-7.158085],[111.987405,-7.158165],[111.98762,-7.158405],[111.98788,-7.15858],[111.98799,-7.15873],[111.987825,-7.159065],[111.987595,-7.159055],[111.987205,-7.158915],[111.987145,-7.159045],[111.987195,-7.159515],[111.987005,-7.159995],[111.9872,-7.160345],[111.98718,-7.160435],[111.986845,-7.16066],[111.98678,-7.16082],[111.98689,-7.16098],[111.986885,-7.161195],[111.987195,-7.161105],[111.987335,-7.16123],[111.987305,-7.1614],[111.987085,-7.161745],[111.98705,-7.161865],[111.98739,-7.162245],[111.98738,-7.162465],[111.98725,-7.162565],[111.98725,-7.162725],[111.98801,-7.162525],[111.98815,-7.16259],[111.988305,-7.16283]]]}},{"type":"Feature","properties":{"nama":"Kapas"},"geometry":{"type":"Polygon","coordinates":[[[111.93965,-7.157615],[111.93919,-7.15795],[111.93814,-7.158605],[111.936635,-7.15954],[111.935635,-7.15994],[111.934405,-7.1602],[111.93333,-7.16018],[111.933285,-7.16078],[111.933305,-7.16144],[111.93299,-7.1636],[111.93209,-7.166915],[111.93195,-7.167445],[111.931735,-7.168985],[111.930515,-7.168665],[111.929425,-7.168225],[111.928835,-7.16803],[111.92881,-7.16685],[111.92884,-7.16461],[111.92895,-7.16132],[111.92865,-7.16042],[111.92843,-7.159985],[111.92803,-7.15998],[111.927105,-7.15985],[111.92586,-7.15961],[111.925205,-7.159835],[111.924045,-7.164015],[111.922665,-7.167485],[111.922395,-7.16977],[111.921,-7.171245],[111.91784,-7.1725],[111.91748,-7.17257],[111.917685,-7.171275],[111.91777,-7.17092],[111.91738,-7.170815],[111.91736,-7.170745],[111.916645,-7.1706],[111.916625,-7.170675],[111.916305,-7.170605],[111.91572,-7.170545],[111.91582,-7.17006],[111.916055,-7.1691],[111.916215,-7.16854],[111.916275,-7.168125],[111.916075,-7.16804],[111.91618,-7.167465],[111.916315,-7.166985],[111.916425,-7.16696],[111.916435,-7.16669],[111.91703,-7.16685],[111.917245,-7.16622],[111.91733,-7.1659],[111.91749,-7.16552],[111.917605,-7.16517],[111.917705,-7.165045],[111.917855,-7.16467],[111.91795,-7.16467],[111.918115,-7.164165],[111.918255,-7.163425],[111.91872,-7.163545],[111.918825,-7.16352],[111.919135,-7.16238],[111.91962,-7.16138],[111.91978,-7.161115],[111.918695,-7.1608],[111.9181,-7.16068],[111.91781,-7.160705],[111.91739,-7.16051],[111.91651,-7.16014],[111.91608,-7.159995],[111.91622,-7.15851],[111.91754,-7.15496],[111.91814,-7.15359],[111.91888,-7.15242],[111.91996,-7.15074],[111.92021,-7.15037],[111.920355,-7.150425],[111.920555,-7.14986],[111.921465,-7.148515],[111.922355,-7.14847],[111.922475,-7.14776],[111.923815,-7.147485],[111.92238,-7.14511],[111.92215,-7.144105],[111.921355,-7.14288],[111.919865,-7.14215],[111.918015,-7.142205],[111.91718,-7.1428],[111.916255,-7.14337],[111.9151,-7.1447],[111.91524,-7.14471],[111.91459,-7.147295],[111.914535,-7.14746],[111.91436,-7.147505],[111.91422,-7.147655],[111.91396,-7.148025],[111.91394,-7.14823],[111.91341,-7.149115],[111.91323,-7.14937],[111.91328,-7.149805],[111.913225,-7.149915],[111.912955,-7.150135],[111.912805,-7.150335],[111.91283,-7.150605],[111.91298,-7.15113],[111.912935,-7.15133],[111.91254,-7.15189],[111.912495,-7.15215],[111.911455,-7.153915],[111.91075,-7.15454],[111.910605,-7.15476],[111.910115,-7.15531],[111.909785,-7.15603],[111.90972,-7.15602],[111.906135,-7.155055],[111.906015,-7.15502],[111.905895,-7.15534],[111.90564,-7.15587],[111.90452,-7.156565],[111.90432,-7.157035],[111.903995,-7.157005],[111.903785,-7.15746],[111.90368,-7.157425],[111.903205,-7.158665],[111.90279,-7.15857],[111.90271,-7.158695],[111.902565,-7.15865],[111.902335,-7.15926],[111.90234,-7.159355],[111.90313,-7.159565],[111.902915,-7.16005],[111.90279,-7.1604],[111.903465,-7.160635],[111.90367,-7.16073],[111.903505,-7.16115],[111.90377,-7.16125],[111.903615,-7.161835],[111.90344,-7.162315],[111.90287,-7.16211],[111.90278,-7.16227],[111.90261,-7.162765],[111.902385,-7.162675],[111.901485,-7.162445],[111.90133,-7.163045],[111.901115,-7.162975],[111.89952,-7.162715],[111.899125,-7.162705],[111.897755,-7.162745],[111.897705,-7.16352],[111.897485,-7.164485],[111.89798,-7.16453],[111.898445,-7.164625],[111.898385,-7.16511],[111.89925,-7.165355],[111.899135,-7.16606],[111.899055,-7.1663],[111.898715,-7.166205],[111.89858,-7.166565],[111.89851,-7.166855],[111.89777,-7.166715],[111.89766,-7.16709],[111.89744,-7.167625],[111.896965,-7.167435],[111.896805,-7.16813],[111.896745,-7.168475],[111.89614,-7.168435],[111.89556,-7.16837],[111.895415,-7.16878],[111.895215,-7.168725],[111.895115,-7.16904],[111.8955,-7.169175],[111.895095,-7.170355],[111.894555,-7.17001],[111.89444,-7.170175],[111.89407,-7.169885],[111.8938,-7.171535],[111.89371,-7.171925],[111.893235,-7.17182],[111.893055,-7.17247],[111.89317,-7.172495],[111.893205,-7.17265],[111.89316,-7.172875],[111.893285,-7.172935],[111.893055,-7.17338],[111.892755,-7.1734],[111.892385,-7.173495],[111.8923,-7.173375],[111.89212,-7.17328],[111.891855,-7.173065],[111.89114,-7.17259],[111.891005,-7.172605],[111.890775,-7.17305],[111.890375,-7.173085],[111.889975,-7.172785],[111.88972,-7.17272],[111.889655,-7.17283],[111.889065,-7.17267],[111.88867,-7.17259],[111.888605,-7.172715],[111.888365,-7.172685],[111.88805,-7.17366],[111.888,-7.17389],[111.887655,-7.174905],[111.886695,-7.17471],[111.88661,-7.175265],[111.88627,-7.17521],[111.88593,-7.17523],[111.88593,-7.17496],[111.88599,-7.174705],[111.885655,-7.174695],[111.885235,-7.1746],[111.885245,-7.174415],[111.884615,-7.174275],[111.884695,-7.17404],[111.88481,-7.17347],[111.88391,-7.173295],[111.883755,-7.174215],[111.883995,-7.17425],[111.884985,-7.174465],[111.88437,-7.176685],[111.883555,-7.17653],[111.883125,-7.178285],[111.88274,-7.17894],[111.881215,-7.181265],[111.881,-7.18178],[111.880895,-7.182115],[111.88079,-7.182145],[111.88025,-7.182045],[111.879265,-7.18176],[111.87806,-7.18148],[111.877655,-7.181375],[111.876685,-7.18425],[111.876145,-7.185685],[111.875935,-7.18559],[111.875165,-7.185415],[111.874955,-7.185265],[111.874705,-7.185245],[111.874585,-7.185145],[111.874295,-7.18503],[111.87399,-7.18507],[111.87388,-7.185195],[111.871735,-7.18487],[111.87165,-7.184845],[111.87155,-7.185075],[111.871405,-7.18554],[111.871165,-7.18556],[111.87113,-7.18578],[111.87099,-7.185905],[111.870605,-7.18693],[111.8705,-7.18754],[111.870925,-7.18767],[111.870785,-7.188215],[111.87065,-7.188995],[111.870545,-7.18932],[111.870425,-7.18992],[111.87026,-7.19092],[111.87019,-7.191075],[111.869645,-7.190905],[111.86962,-7.191205],[111.86967,-7.191515],[111.86954,-7.19187],[111.86971,-7.191985],[111.869525,-7.1923],[111.86964,-7.192415],[111.86953,-7.192755],[111.869645,-7.192935],[111.86961,-7.19315],[111.869745,-7.193155],[111.86967,-7.193455],[111.869705,-7.193705],[111.86953,-7.194],[111.86963,-7.194045],[111.86996,-7.194495],[111.870035,-7.194735],[111.870075,-7.195105],[111.870045,-7.195785],[111.869935,-7.196425],[111.86978,-7.197145],[111.86947,-7.198365],[111.869155,-7.199985],[111.868855,-7.20119],[111.86875,-7.20147],[111.86919,-7.20182],[111.86993,-7.20225],[111.8706,-7.20257],[111.87111,-7.20274],[111.87261,-7.20317],[111.87281,-7.20327],[111.87285,-7.20346],[111.87269,-7.20404],[111.87236,-7.20509],[111.87307,-7.20532],[111.87373,-7.2056],[111.87363,-7.20593],[111.87367,-7.20625],[111.87363,-7.20669],[111.87347,-7.20776],[111.87347,-7.20787],[111.87335,-7.20859],[111.87321,-7.21016],[111.87315,-7.21101],[111.87305,-7.21186],[111.87293,-7.21264],[111.8726,-7.21411],[111.87227,-7.21528],[111.87222,-7.21565],[111.87232,-7.21601],[111.8726,-7.21651],[111.87289,-7.21698],[111.87292,-7.21722],[111.87256,-7.2181],[111.87243,-7.21859],[111.87242,-7.21905],[111.87247,-7.2196],[111.872545,-7.219925],[111.872505,-7.22013],[111.87253,-7.22068],[111.872445,-7.221315],[111.87256,-7.221465],[111.8726,-7.22186],[111.872525,-7.222135],[111.872415,-7.22314],[111.87219,-7.22388],[111.87206,-7.22457],[111.872045,-7.2252],[111.87201,-7.22541],[111.872215,-7.225745],[111.87207,-7.22635],[111.871875,-7.227675],[111.87072,-7.22783],[111.87043,-7.228],[111.87033,-7.22841],[111.87009,-7.22879],[111.86977,-7.22877],[111.8694,-7.22879],[111.86936,-7.22909],[111.86906,-7.22971],[111.86896,-7.23004],[111.86876,-7.23043],[111.86869,-7.23075],[111.86854,-7.23296],[111.86851,-7.23457],[111.86843,-7.23557],[111.86898,-7.23574],[111.86989,-7.23613],[111.87084,-7.23644],[111.87122,-7.23641],[111.87158,-7.23622],[111.87193,-7.23558],[111.87225,-7.23549],[111.87245,-7.23534],[111.87242,-7.2351],[111.87317,-7.235],[111.87393,-7.23506],[111.87453,-7.23518],[111.875,-7.23524],[111.87558,-7.23519],[111.8757,-7.235255],[111.87584,-7.235015],[111.87604,-7.23502],[111.876285,-7.235205],[111.87679,-7.2353],[111.87697,-7.23507],[111.877275,-7.235205],[111.877105,-7.235535],[111.87766,-7.23592],[111.878255,-7.2363],[111.878425,-7.236095],[111.87889,-7.236355],[111.879145,-7.23642],[111.87951,-7.23662],[111.880225,-7.236905],[111.880515,-7.23695],[111.88075,-7.23692],[111.881185,-7.237035],[111.88149,-7.23718],[111.88141,-7.237405],[111.88184,-7.23756],[111.882555,-7.23774],[111.883445,-7.237935],[111.883765,-7.23805],[111.884445,-7.238245],[111.8847,-7.238355],[111.884835,-7.23848],[111.88475,-7.23865],[111.88717,-7.23942],[111.887965,-7.23966],[111.8897,-7.24007],[111.89048,-7.240135],[111.89202,-7.24002],[111.892375,-7.24007],[111.89327,-7.240305],[111.89403,-7.240285],[111.894545,-7.240095],[111.895765,-7.240095],[111.896835,-7.24008],[111.897255,-7.240055],[111.897465,-7.24],[111.897485,-7.24017],[111.89835,-7.23922],[111.89966,-7.2381],[111.90031,-7.23709],[111.90104,-7.23587],[111.9016,-7.23528],[111.902185,-7.233985],[111.90241,-7.232545],[111.90298,-7.23193],[111.90306,-7.230835],[111.90339,-7.22875],[111.903535,-7.22725],[111.90337,-7.226415],[111.90346,-7.22611],[111.90333,-7.22607],[111.90347,-7.225415],[111.903025,-7.22528],[111.903085,-7.22494],[111.9035,-7.2246],[111.90474,-7.22305],[111.90558,-7.22167],[111.90586,-7.22059],[111.90592,-7.21912],[111.90566,-7.21727],[111.90448,-7.21521],[111.90452,-7.21453],[111.90481,-7.21262],[111.90499,-7.21157],[111.90517,-7.21064],[111.90558,-7.20866],[111.9058,-7.20742],[111.90592,-7.20687],[111.9061,-7.20554],[111.90631,-7.20548],[111.90675,-7.20551],[111.90715,-7.20562],[111.90763,-7.20584],[111.90826,-7.20622],[111.91083,-7.20773],[111.91203,-7.20845],[111.91227,-7.20861],[111.9122,-7.2089],[111.9122,-7.20913],[111.912105,-7.210005],[111.911935,-7.21071],[111.911745,-7.2113],[111.911555,-7.21181],[111.911555,-7.212595],[111.91182,-7.21299],[111.912165,-7.21343],[111.912125,-7.21391],[111.912695,-7.21391],[111.91306,-7.21376],[111.913595,-7.21369],[111.91377,-7.21398],[111.914115,-7.21396],[111.914495,-7.21375],[111.91465,-7.21375],[111.91497,-7.21337],[111.915295,-7.21314],[111.91562,-7.2128],[111.915745,-7.212345],[111.915755,-7.2119],[111.916075,-7.21094],[111.91617,-7.21014],[111.91629,-7.20987],[111.916505,-7.209525],[111.91672,-7.209335],[111.917195,-7.2088],[111.91772,-7.208335],[111.917955,-7.20799],[111.9181,-7.207475],[111.918025,-7.206705],[111.918205,-7.20662],[111.91823,-7.20644],[111.91817,-7.2063],[111.91822,-7.206085],[111.918195,-7.20587],[111.917635,-7.20586],[111.917835,-7.205335],[111.917575,-7.20486],[111.91722,-7.204645],[111.91705,-7.204455],[111.916885,-7.204145],[111.91648,-7.20393],[111.916125,-7.203645],[111.915955,-7.203195],[111.916075,-7.2026],[111.91603,-7.202045],[111.9169,-7.20126],[111.91915,-7.19962],[111.92029,-7.20012],[111.92072,-7.20052],[111.92075,-7.200645],[111.920575,-7.201675],[111.92048,-7.20201],[111.920575,-7.20219],[111.92046,-7.20232],[111.92034,-7.20263],[111.920225,-7.20309],[111.91968,-7.20302],[111.919565,-7.203555],[111.919225,-7.203465],[111.918575,-7.203255],[111.91836,-7.203345],[111.91832,-7.203505],[111.91833,-7.20399],[111.9185,-7.20411],[111.91896,-7.20433],[111.918955,-7.204715],[111.919305,-7.20473],[111.91927,-7.20496],[111.919725,-7.205045],[111.91972,-7.20533],[111.919935,-7.205375],[111.91992,-7.205535],[111.920915,-7.20548],[111.921695,-7.20561],[111.921785,-7.205545],[111.92255,-7.205615],[111.92252,-7.20576],[111.92319,-7.20585],[111.923315,-7.205795],[111.923715,-7.205715],[111.923925,-7.205565],[111.92431,-7.20569],[111.924345,-7.20529],[111.92446,-7.20494],[111.924915,-7.204935],[111.9251,-7.2055],[111.925275,-7.2061],[111.92536,-7.20617],[111.92616,-7.20635],[111.92666,-7.206535],[111.92729,-7.20697],[111.92717,-7.20646],[111.92727,-7.20614],[111.92754,-7.20594],[111.92764,-7.20593],[111.92817,-7.20623],[111.92853,-7.20633],[111.928775,-7.20624],[111.928825,-7.20608],[111.928605,-7.20528],[111.9286,-7.20507],[111.928705,-7.204775],[111.928855,-7.2046],[111.92912,-7.20481],[111.92978,-7.20526],[111.92991,-7.205515],[111.92941,-7.20604],[111.9293,-7.20619],[111.92927,-7.20638],[111.92932,-7.2066],[111.92944,-7.20679],[111.92962,-7.20694],[111.93013,-7.20715],[111.93047,-7.20724],[111.93152,-7.2072],[111.9318,-7.20701],[111.93193,-7.20677],[111.93197,-7.20628],[111.93231,-7.2058],[111.93222,-7.2054],[111.93245,-7.20441],[111.93244,-7.20422],[111.93217,-7.20379],[111.93206,-7.20341],[111.932195,-7.203195],[111.932405,-7.203115],[111.932615,-7.20316],[111.93289,-7.203295],[111.93351,-7.20345],[111.93389,-7.20348],[111.93423,-7.20347],[111.934595,-7.203345],[111.93482,-7.203],[111.934765,-7.2029],[111.934045,-7.20264],[111.933715,-7.2024],[111.9332,-7.20191],[111.93305,-7.20165],[111.93301,-7.20149],[111.93329,-7.20097],[111.93347,-7.20073],[111.93368,-7.20063],[111.93379,-7.2007],[111.93385,-7.20107],[111.93393,-7.20122],[111.93414,-7.20143],[111.93445,-7.20154],[111.93458,-7.20146],[111.93476,-7.20106],[111.93499,-7.20044],[111.935105,-7.200285],[111.935495,-7.2002],[111.93586,-7.20021],[111.936195,-7.200155],[111.93644,-7.199885],[111.93652,-7.19941],[111.93621,-7.1982],[111.93604,-7.19712],[111.93551,-7.19641],[111.93542,-7.19618],[111.93546,-7.19577],[111.93559,-7.19558],[111.93583,-7.19535],[111.93596,-7.19516],[111.93605,-7.19489],[111.93609,-7.19447],[111.936415,-7.19442],[111.936905,-7.194965],[111.936995,-7.195275],[111.93705,-7.195985],[111.937125,-7.19638],[111.93736,-7.196665],[111.93756,-7.196775],[111.93797,-7.1969],[111.93832,-7.19683],[111.938455,-7.196555],[111.938425,-7.196175],[111.93832,-7.195895],[111.93794,-7.195425],[111.93788,-7.195265],[111.937865,-7.19492],[111.93794,-7.194765],[111.938265,-7.19455],[111.938735,-7.19452],[111.93905,-7.194635],[111.93921,-7.19474],[111.93952,-7.195075],[111.93988,-7.195395],[111.940295,-7.19568],[111.940795,-7.195675],[111.94092,-7.195615],[111.94096,-7.195325],[111.940905,-7.19509],[111.940795,-7.194885],[111.940525,-7.194625],[111.94004,-7.194405],[111.939145,-7.1943],[111.93902,-7.19427],[111.93851,-7.1943],[111.938205,-7.19368],[111.93827,-7.19335],[111.93831,-7.19214],[111.9384,-7.1915],[111.93878,-7.19075],[111.93925,-7.1908],[111.93983,-7.19081],[111.94007,-7.19078],[111.94027,-7.19068],[111.94065,-7.1903],[111.94119,-7.18967],[111.94124,-7.18934],[111.94107,-7.188745],[111.940895,-7.18835],[111.940605,-7.187965],[111.94063,-7.187865],[111.94082,-7.18771],[111.941055,-7.187665],[111.94172,-7.18814],[111.94191,-7.18815],[111.942625,-7.18781],[111.942845,-7.18744],[111.94283,-7.187275],[111.94221,-7.1866],[111.94219,-7.18643],[111.94233,-7.18619],[111.942305,-7.185955],[111.942475,-7.18563],[111.94262,-7.185555],[111.94288,-7.18556],[111.943475,-7.18595],[111.94377,-7.18604],[111.944195,-7.18595],[111.94434,-7.18569],[111.94443,-7.18521],[111.94445,-7.18496],[111.944355,-7.18459],[111.94421,-7.184425],[111.943845,-7.184225],[111.94343,-7.18407],[111.943155,-7.184065],[111.94288,-7.18412],[111.94249,-7.18434],[111.942345,-7.18438],[111.942055,-7.184245],[111.94181,-7.18384],[111.941735,-7.183635],[111.94167,-7.18322],[111.94176,-7.18303],[111.94205,-7.18285],[111.942255,-7.18282],[111.94278,-7.182885],[111.942925,-7.18286],[111.94378,-7.18248],[111.94414,-7.18235],[111.94428,-7.18226],[111.94441,-7.18193],[111.94436,-7.18174],[111.94415,-7.181385],[111.94405,-7.181095],[111.94403,-7.180895],[111.94412,-7.18051],[111.944115,-7.180285],[111.94352,-7.17921],[111.94341,-7.178825],[111.943285,-7.178655],[111.9429,-7.17834],[111.942945,-7.178045],[111.943245,-7.177525],[111.943245,-7.1773],[111.94311,-7.177035],[111.942915,-7.17688],[111.942585,-7.17686],[111.942085,-7.17694],[111.94183,-7.176835],[111.941225,-7.176725],[111.940995,-7.176595],[111.94081,-7.17636],[111.94048,-7.176035],[111.94024,-7.176015],[111.9395,-7.17612],[111.93923,-7.17613],[111.939095,-7.176085],[111.938795,-7.175795],[111.93872,-7.17552],[111.938785,-7.17536],[111.939065,-7.175175],[111.9397,-7.17492],[111.9399,-7.17477],[111.939975,-7.174595],[111.93987,-7.17421],[111.93966,-7.17396],[111.93922,-7.173595],[111.939235,-7.17332],[111.939415,-7.173175],[111.939815,-7.17306],[111.939995,-7.172875],[111.93993,-7.17273],[111.939585,-7.17263],[111.939055,-7.1724],[111.938845,-7.17224],[111.93865,-7.17183],[111.938715,-7.17154],[111.93936,-7.17099],[111.939545,-7.170535],[111.939585,-7.170095],[111.93956,-7.169905],[111.939345,-7.1692],[111.93928,-7.168595],[111.93917,-7.168345],[111.938395,-7.16769],[111.93805,-7.16726],[111.93786,-7.167105],[111.936995,-7.16694],[111.93678,-7.166945],[111.93631,-7.167055],[111.93598,-7.167025],[111.93559,-7.166875],[111.935135,-7.16677],[111.93456,-7.1666],[111.934205,-7.16636],[111.933985,-7.166005],[111.934035,-7.16576],[111.93422,-7.16553],[111.9347,-7.165025],[111.934805,-7.164885],[111.93532,-7.16404],[111.93555,-7.16385],[111.93576,-7.16375],[111.93596,-7.16374],[111.93634,-7.16379],[111.93689,-7.163915],[111.93707,-7.16401],[111.93721,-7.16426],[111.937385,-7.164705],[111.93749,-7.165155],[111.937735,-7.165345],[111.93832,-7.16563],[111.938445,-7.16579],[111.93848,-7.166],[111.938495,-7.166555],[111.93857,-7.16678],[111.9389,-7.16713],[111.93927,-7.16743],[111.93956,-7.1676],[111.93995,-7.16772],[111.940245,-7.167765],[111.940695,-7.167715],[111.94104,-7.167515],[111.941245,-7.16722],[111.9413,-7.166945],[111.941275,-7.166625],[111.9413,-7.16635],[111.941505,-7.166055],[111.94174,-7.16592],[111.942215,-7.165835],[111.94246,-7.16564],[111.942525,-7.165405],[111.94249,-7.165055],[111.942415,-7.16483],[111.942255,-7.164565],[111.941935,-7.164305],[111.941635,-7.16428],[111.941345,-7.164435],[111.94096,-7.16478],[111.9408,-7.164875],[111.940525,-7.1649],[111.940095,-7.164685],[111.93979,-7.16431],[111.93962,-7.163795],[111.93942,-7.16338],[111.939315,-7.163255],[111.93846,-7.16287],[111.937345,-7.162235],[111.935985,-7.16151],[111.935585,-7.16119],[111.93541,-7.16091],[111.93526,-7.1609],[111.937075,-7.16012],[111.937525,-7.160705],[111.937625,-7.16094],[111.937775,-7.161545],[111.937875,-7.161775],[111.938045,-7.161955],[111.938305,-7.16206],[111.93866,-7.162025],[111.93933,-7.16171],[111.939595,-7.16167],[111.939855,-7.16173],[111.940175,-7.16205],[111.940395,-7.162715],[111.94067,-7.16292],[111.940925,-7.16301],[111.941305,-7.162965],[111.941625,-7.16271],[111.942085,-7.162115],[111.94232,-7.16177],[111.94254,-7.16126],[111.94253,-7.160815],[111.94239,-7.160475],[111.942585,-7.1605],[111.942405,-7.1602],[111.94187,-7.15996],[111.94148,-7.159865],[111.940525,-7.15978],[111.939935,-7.16002],[111.93955,-7.160045],[111.939025,-7.159685],[111.93902,-7.15928],[111.93929,-7.159055],[111.9395,-7.15899],[111.94114,-7.159015],[111.94154,-7.159045],[111.942715,-7.15918],[111.943205,-7.15921],[111.943565,-7.1591],[111.943825,-7.15878],[111.943955,-7.158435],[111.94401,-7.157925],[111.94416,-7.15739],[111.94415,-7.15722],[111.943945,-7.15702],[111.94375,-7.157],[111.94358,-7.15709],[111.94314,-7.157825],[111.94254,-7.157925],[111.94212,-7.157935],[111.941125,-7.157995],[111.940785,-7.157945],[111.94013,-7.157785],[111.93965,-7.157615]]]}},{"type":"Feature","properties":{"nama":"Kasiman"},"geometry":{"type":"Polygon","coordinates":[[[111.67605,-7.096545],[111.67497,-7.09591],[111.67424,-7.09641],[111.674015,-7.0969],[111.673835,-7.09738],[111.673595,-7.09817],[111.673445,-7.0983],[111.67323,-7.098235],[111.673245,-7.09847],[111.673045,-7.09869],[111.67267,-7.09876],[111.67179,-7.09887],[111.671225,-7.09905],[111.6708,-7.099245],[111.670435,-7.09973],[111.67036,-7.099755],[111.66988,-7.10014],[111.669515,-7.10028],[111.668385,-7.100455],[111.668095,-7.100625],[111.667825,-7.101035],[111.667585,-7.10132],[111.66813,-7.10171],[111.668295,-7.10189],[111.667945,-7.10239],[111.6679,-7.10271],[111.667795,-7.10291],[111.66742,-7.10332],[111.667505,-7.10345],[111.667335,-7.103685],[111.667165,-7.103745],[111.66686,-7.104245],[111.666855,-7.10473],[111.66669,-7.10452],[111.66662,-7.104285],[111.666465,-7.10398],[111.66617,-7.103585],[111.66576,-7.10336],[111.66545,-7.10335],[111.664205,-7.103755],[111.66409,-7.103805],[111.66358,-7.104425],[111.66351,-7.104465],[111.662945,-7.104615],[111.66249,-7.104775],[111.66148,-7.1052],[111.661085,-7.105255],[111.66053,-7.10518],[111.660265,-7.10485],[111.660165,-7.104525],[111.660245,-7.10412],[111.6606,-7.10363],[111.6613,-7.103],[111.661545,-7.102845],[111.662345,-7.102415],[111.662825,-7.10219],[111.662995,-7.10201],[111.66332,-7.1015],[111.66391,-7.10087],[111.663995,-7.1007],[111.66398,-7.100455],[111.66419,-7.100105],[111.664305,-7.100005],[111.664235,-7.09982],[111.663835,-7.099915],[111.663685,-7.100035],[111.663175,-7.100755],[111.662355,-7.10175],[111.662165,-7.1019],[111.661905,-7.101965],[111.661505,-7.101895],[111.66147,-7.10173],[111.66152,-7.101355],[111.66128,-7.10094],[111.661145,-7.10082],[111.6615,-7.09817],[111.661415,-7.09798],[111.66073,-7.09773],[111.66067,-7.097555],[111.660825,-7.09717],[111.66099,-7.09661],[111.661145,-7.096345],[111.66148,-7.09613],[111.66175,-7.096005],[111.662345,-7.095975],[111.66305,-7.09608],[111.663415,-7.09598],[111.66351,-7.09583],[111.663495,-7.095475],[111.663355,-7.095365],[111.66248,-7.09542],[111.661975,-7.095375],[111.661765,-7.09522],[111.661505,-7.094915],[111.66137,-7.094575],[111.661255,-7.09383],[111.66146,-7.09389],[111.661795,-7.09379],[111.66197,-7.0936],[111.662215,-7.093825],[111.662545,-7.09387],[111.6628,-7.09385],[111.662955,-7.09379],[111.66382,-7.093105],[111.66438,-7.09277],[111.66479,-7.09244],[111.66491,-7.092165],[111.66481,-7.092],[111.664465,-7.09176],[111.664405,-7.091675],[111.66494,-7.091135],[111.665145,-7.090905],[111.665155,-7.09073],[111.664805,-7.09068],[111.664565,-7.090745],[111.664325,-7.090895],[111.663985,-7.091285],[111.663635,-7.091855],[111.663405,-7.092085],[111.662985,-7.09227],[111.662655,-7.09229],[111.66234,-7.09209],[111.6621,-7.0916],[111.66203,-7.09126],[111.662175,-7.090795],[111.662155,-7.09061],[111.66222,-7.090295],[111.6625,-7.0899],[111.6629,-7.089425],[111.663005,-7.08906],[111.663135,-7.08891],[111.664205,-7.08832],[111.66472,-7.088225],[111.66487,-7.088265],[111.665255,-7.088255],[111.66542,-7.088205],[111.66618,-7.08827],[111.66659,-7.088345],[111.66675,-7.08832],[111.666845,-7.08817],[111.66669,-7.08807],[111.6658,-7.087825],[111.66521,-7.08773],[111.664885,-7.08772],[111.66451,-7.08775],[111.66386,-7.08794],[111.66338,-7.088165],[111.66272,-7.08862],[111.661785,-7.089405],[111.661485,-7.0896],[111.661225,-7.089645],[111.66107,-7.089525],[111.661035,-7.089025],[111.66126,-7.088085],[111.66147,-7.087375],[111.661815,-7.08661],[111.662055,-7.08627],[111.66195,-7.08577],[111.662175,-7.085395],[111.662785,-7.08497],[111.66325,-7.084455],[111.6636,-7.08447],[111.663885,-7.084545],[111.66468,-7.084975],[111.665035,-7.084995],[111.6651,-7.084935],[111.66444,-7.08437],[111.6644,-7.084225],[111.6647,-7.08414],[111.665405,-7.084325],[111.665655,-7.084275],[111.665655,-7.084095],[111.665375,-7.083855],[111.665465,-7.083485],[111.66505,-7.083425],[111.66539,-7.082745],[111.665385,-7.082555],[111.665115,-7.08243],[111.66488,-7.082505],[111.66467,-7.08264],[111.66439,-7.082965],[111.664225,-7.083335],[111.663905,-7.08378],[111.663665,-7.08396],[111.66319,-7.084095],[111.662775,-7.08418],[111.66202,-7.08469],[111.66192,-7.08473],[111.66174,-7.08463],[111.661675,-7.084465],[111.66185,-7.08385],[111.662075,-7.083305],[111.662085,-7.083035],[111.66192,-7.082315],[111.66186,-7.081605],[111.6619,-7.081305],[111.661975,-7.08107],[111.662135,-7.080845],[111.66271,-7.08043],[111.662795,-7.079665],[111.66276,-7.079135],[111.662905,-7.07876],[111.663065,-7.07865],[111.66386,-7.078225],[111.664065,-7.07802],[111.664255,-7.07767],[111.664805,-7.07633],[111.664955,-7.07605],[111.664985,-7.075755],[111.66476,-7.075515],[111.664785,-7.075175],[111.664895,-7.07494],[111.665475,-7.074345],[111.665945,-7.073785],[111.66617,-7.073405],[111.666195,-7.073015],[111.66595,-7.073115],[111.665755,-7.0733],[111.66544,-7.07342],[111.665295,-7.07313],[111.6653,-7.072475],[111.66556,-7.071525],[111.665895,-7.07071],[111.666145,-7.07007],[111.666115,-7.069895],[111.666165,-7.06932],[111.66647,-7.068015],[111.66647,-7.066865],[111.666065,-7.06647],[111.66594,-7.06626],[111.665925,-7.06592],[111.666085,-7.065155],[111.666075,-7.065045],[111.66584,-7.06476],[111.66565,-7.063925],[111.66529,-7.063605],[111.665345,-7.06327],[111.665305,-7.06309],[111.66508,-7.06291],[111.66458,-7.06277],[111.66431,-7.0628],[111.663735,-7.062665],[111.66387,-7.061725],[111.66384,-7.061655],[111.663255,-7.061375],[111.66283,-7.06099],[111.66223,-7.060515],[111.6619,-7.060345],[111.660975,-7.060145],[111.660765,-7.060135],[111.6603,-7.05954],[111.66025,-7.059385],[111.660045,-7.059345],[111.659505,-7.05949],[111.659005,-7.059545],[111.658635,-7.059825],[111.658205,-7.060305],[111.658095,-7.060605],[111.657685,-7.061395],[111.65754,-7.061645],[111.65769,-7.06229],[111.65764,-7.062465],[111.657145,-7.06294],[111.65713,-7.063145],[111.65723,-7.06358],[111.657155,-7.063845],[111.656675,-7.06467],[111.65571,-7.06483],[111.65499,-7.0648],[111.654585,-7.064925],[111.654175,-7.065],[111.653985,-7.06513],[111.654385,-7.06546],[111.6546,-7.066925],[111.65498,-7.06667],[111.655545,-7.06663],[111.656545,-7.06676],[111.65668,-7.066825],[111.65713,-7.067345],[111.6572,-7.06765],[111.65725,-7.068065],[111.65718,-7.069555],[111.65727,-7.070245],[111.65727,-7.07052],[111.65716,-7.071115],[111.657205,-7.07171],[111.657185,-7.0723],[111.657045,-7.073615],[111.65704,-7.07377],[111.657255,-7.0745],[111.657265,-7.07476],[111.657155,-7.075],[111.657145,-7.07523],[111.6575,-7.075745],[111.65751,-7.07589],[111.65742,-7.07608],[111.657015,-7.07654],[111.656615,-7.077475],[111.656385,-7.077545],[111.656145,-7.077355],[111.655985,-7.07634],[111.65574,-7.075795],[111.65551,-7.075435],[111.65523,-7.075095],[111.654645,-7.07446],[111.65434,-7.074305],[111.654105,-7.074265],[111.652,-7.076325],[111.65182,-7.07684],[111.651695,-7.0771],[111.65147,-7.077805],[111.651085,-7.07866],[111.6507,-7.07913],[111.64989,-7.079845],[111.649725,-7.08002],[111.6491,-7.080365],[111.648795,-7.08064],[111.648295,-7.08129],[111.647685,-7.08187],[111.64706,-7.08224],[111.6467,-7.082375],[111.64573,-7.083325],[111.645085,-7.08381],[111.64455,-7.0844],[111.64339,-7.08533],[111.643145,-7.08618],[111.643145,-7.08669],[111.64299,-7.08712],[111.642735,-7.08746],[111.642775,-7.08788],[111.64276,-7.08815],[111.643085,-7.088465],[111.64298,-7.088685],[111.642685,-7.0888],[111.64263,-7.089035],[111.642315,-7.08925],[111.64233,-7.08968],[111.64237,-7.089755],[111.64266,-7.08992],[111.642675,-7.09001],[111.64254,-7.090515],[111.64219,-7.090775],[111.642235,-7.09103],[111.64216,-7.09129],[111.64167,-7.09116],[111.640795,-7.09121],[111.639935,-7.091015],[111.639585,-7.090965],[111.639075,-7.091025],[111.638995,-7.090925],[111.63894,-7.09065],[111.63861,-7.090425],[111.63842,-7.09019],[111.63805,-7.089945],[111.637955,-7.089605],[111.63776,-7.08931],[111.63785,-7.089205],[111.637835,-7.08893],[111.637715,-7.088665],[111.63752,-7.08853],[111.636975,-7.088245],[111.636795,-7.08827],[111.63645,-7.088135],[111.63615,-7.088175],[111.635735,-7.088055],[111.635245,-7.087575],[111.635,-7.08748],[111.63452,-7.087385],[111.63429,-7.087395],[111.63279,-7.08619],[111.631795,-7.085325],[111.63158,-7.084945],[111.631635,-7.08455],[111.631485,-7.084085],[111.63127,-7.0837],[111.63114,-7.083555],[111.631165,-7.08332],[111.63128,-7.083145],[111.631605,-7.08297],[111.63226,-7.082825],[111.632505,-7.08261],[111.63243,-7.082435],[111.63215,-7.08239],[111.631615,-7.082475],[111.63131,-7.0826],[111.63082,-7.08285],[111.630495,-7.082935],[111.630325,-7.0829],[111.63003,-7.08262],[111.629805,-7.082205],[111.62978,-7.08178],[111.62994,-7.081465],[111.63034,-7.08097],[111.63046,-7.08073],[111.629985,-7.08076],[111.62983,-7.08083],[111.629295,-7.081455],[111.629095,-7.081625],[111.628825,-7.08172],[111.628035,-7.081875],[111.62749,-7.08189],[111.62727,-7.08167],[111.627265,-7.08144],[111.62734,-7.08085],[111.62708,-7.080735],[111.626725,-7.080515],[111.626355,-7.080115],[111.626035,-7.07967],[111.625615,-7.079195],[111.625345,-7.078845],[111.625185,-7.078485],[111.62516,-7.078055],[111.625095,-7.07789],[111.62514,-7.07773],[111.625065,-7.07637],[111.623,-7.07645],[111.62271,-7.076255],[111.62253,-7.07586],[111.62239,-7.0754],[111.6222,-7.075565],[111.62173,-7.075655],[111.62141,-7.075655],[111.621285,-7.07559],[111.621185,-7.075345],[111.621345,-7.07488],[111.621415,-7.074385],[111.621315,-7.074045],[111.620965,-7.07399],[111.62073,-7.074005],[111.62003,-7.074105],[111.619895,-7.073445],[111.61964,-7.07337],[111.619125,-7.073465],[111.618835,-7.073635],[111.61869,-7.07383],[111.618605,-7.07416],[111.618515,-7.07431],[111.618065,-7.07436],[111.61767,-7.07451],[111.617015,-7.074955],[111.616655,-7.07526],[111.615805,-7.0762],[111.615075,-7.07735],[111.614775,-7.077895],[111.61437,-7.078705],[111.61437,-7.078915],[111.614475,-7.07909],[111.614725,-7.079225],[111.61495,-7.07949],[111.615205,-7.07993],[111.615485,-7.08056],[111.61589,-7.081025],[111.616225,-7.081505],[111.61643,-7.082065],[111.61638,-7.082315],[111.61594,-7.08277],[111.615695,-7.08281],[111.615485,-7.08276],[111.614935,-7.0824],[111.614425,-7.08233],[111.613755,-7.081925],[111.61348,-7.08187],[111.613055,-7.081945],[111.61274,-7.082095],[111.61264,-7.08219],[111.612655,-7.082435],[111.612785,-7.0828],[111.612735,-7.08312],[111.612545,-7.08353],[111.612555,-7.083965],[111.612695,-7.08419],[111.613715,-7.084245],[111.61412,-7.084395],[111.614305,-7.08463],[111.61446,-7.08491],[111.6145,-7.086065],[111.61435,-7.08642],[111.614165,-7.08666],[111.6137,-7.086785],[111.613175,-7.08697],[111.612985,-7.08726],[111.61315,-7.08757],[111.614035,-7.087835],[111.614135,-7.08796],[111.614155,-7.08835],[111.61365,-7.088745],[111.61331,-7.089075],[111.61331,-7.089285],[111.613505,-7.08953],[111.61392,-7.089735],[111.61441,-7.0899],[111.61472,-7.090135],[111.615025,-7.09052],[111.615145,-7.090815],[111.61501,-7.091045],[111.61432,-7.091685],[111.614155,-7.091975],[111.614165,-7.092285],[111.614395,-7.092595],[111.614695,-7.0929],[111.614885,-7.093485],[111.61491,-7.094095],[111.614845,-7.09469],[111.614755,-7.09514],[111.61496,-7.096165],[111.61526,-7.0965],[111.61569,-7.09661],[111.616135,-7.09665],[111.616475,-7.096775],[111.616785,-7.097105],[111.61693,-7.09768],[111.61684,-7.097975],[111.61662,-7.09829],[111.61601,-7.09873],[111.61586,-7.098765],[111.6157,-7.098705],[111.61545,-7.098485],[111.61516,-7.098175],[111.61422,-7.09794],[111.61406,-7.097925],[111.61395,-7.0981],[111.6139,-7.0988],[111.61437,-7.09965],[111.614545,-7.10048],[111.614695,-7.100915],[111.614875,-7.10119],[111.615165,-7.101345],[111.6162,-7.101445],[111.61648,-7.101765],[111.61652,-7.102165],[111.61635,-7.102605],[111.616275,-7.103135],[111.616335,-7.103805],[111.61647,-7.104405],[111.61665,-7.10465],[111.616965,-7.105005],[111.618155,-7.10681],[111.61851,-7.106895],[111.618785,-7.107025],[111.6194,-7.10785],[111.619595,-7.10797],[111.619835,-7.10796],[111.620225,-7.10782],[111.62057,-7.10775],[111.62137,-7.108005],[111.6218,-7.108205],[111.621995,-7.10843],[111.621845,-7.108915],[111.62107,-7.109355],[111.62091,-7.10954],[111.620455,-7.110385],[111.62041,-7.110425],[111.61957,-7.11046],[111.618995,-7.11039],[111.61826,-7.110155],[111.61777,-7.11012],[111.617595,-7.110265],[111.617555,-7.11076],[111.617345,-7.11098],[111.61649,-7.111],[111.615685,-7.11123],[111.615375,-7.11125],[111.61439,-7.110815],[111.61382,-7.110545],[111.613635,-7.110545],[111.613405,-7.11068],[111.61332,-7.110835],[111.613265,-7.11115],[111.613105,-7.11238],[111.612795,-7.11338],[111.612555,-7.11384],[111.612535,-7.11416],[111.612605,-7.114555],[111.61281,-7.11471],[111.61318,-7.11472],[111.614065,-7.114415],[111.61425,-7.114575],[111.61434,-7.114805],[111.61418,-7.115505],[111.61396,-7.116085],[111.61382,-7.11636],[111.61386,-7.116515],[111.614035,-7.11653],[111.61425,-7.11641],[111.61463,-7.11605],[111.61482,-7.11591],[111.61501,-7.115895],[111.61518,-7.115965],[111.61534,-7.11614],[111.61546,-7.116695],[111.615435,-7.11719],[111.61509,-7.1175],[111.61421,-7.11796],[111.61384,-7.118225],[111.613715,-7.11842],[111.61399,-7.11882],[111.61458,-7.118955],[111.61463,-7.119165],[111.614615,-7.11939],[111.613515,-7.119825],[111.61311,-7.120075],[111.612945,-7.120295],[111.61308,-7.12052],[111.61339,-7.1208],[111.61367,-7.121195],[111.613785,-7.12169],[111.6138,-7.122095],[111.61368,-7.12263],[111.613125,-7.12325],[111.61287,-7.12318],[111.612445,-7.122695],[111.6124,-7.12206],[111.612345,-7.121865],[111.612065,-7.121655],[111.611695,-7.121505],[111.611505,-7.121565],[111.61133,-7.12175],[111.61091,-7.12231],[111.61115,-7.122745],[111.6116,-7.123455],[111.61178,-7.12377],[111.611815,-7.12395],[111.61179,-7.124525],[111.61184,-7.124915],[111.611795,-7.12532],[111.611695,-7.12555],[111.61139,-7.12579],[111.61103,-7.125825],[111.610895,-7.12563],[111.61081,-7.12526],[111.61067,-7.12517],[111.610445,-7.12514],[111.610285,-7.12527],[111.60981,-7.12594],[111.60939,-7.126335],[111.609095,-7.126445],[111.608255,-7.126615],[111.607615,-7.126675],[111.607385,-7.12679],[111.607315,-7.1271],[111.607305,-7.127385],[111.607495,-7.127775],[111.607725,-7.127995],[111.607915,-7.12824],[111.60776,-7.12845],[111.607575,-7.128545],[111.60723,-7.128525],[111.60692,-7.12826],[111.60702,-7.127805],[111.607035,-7.12761],[111.606975,-7.127415],[111.6068,-7.127345],[111.60617,-7.127705],[111.606045,-7.12791],[111.606035,-7.12833],[111.606135,-7.12876],[111.606285,-7.128935],[111.606615,-7.129085],[111.60695,-7.129195],[111.607255,-7.129345],[111.607275,-7.129405],[111.607105,-7.12983],[111.607005,-7.13037],[111.60697,-7.130795],[111.6071,-7.131225],[111.607305,-7.13147],[111.607675,-7.1317],[111.60871,-7.131855],[111.60911,-7.132085],[111.60925,-7.132325],[111.609295,-7.132575],[111.609115,-7.132795],[111.60894,-7.13291],[111.608655,-7.133185],[111.60842,-7.13354],[111.608225,-7.133975],[111.608125,-7.134335],[111.60814,-7.13477],[111.608245,-7.13544],[111.60804,-7.136025],[111.607835,-7.13635],[111.607685,-7.136915],[111.60773,-7.13718],[111.607935,-7.13718],[111.608175,-7.13702],[111.60869,-7.13655],[111.60959,-7.136265],[111.61004,-7.13599],[111.61025,-7.13575],[111.61056,-7.13549],[111.610785,-7.13547],[111.61119,-7.1356],[111.611325,-7.135805],[111.611325,-7.135995],[111.61098,-7.13648],[111.610945,-7.136735],[111.610835,-7.137005],[111.61024,-7.137285],[111.610035,-7.137525],[111.609875,-7.137825],[111.60981,-7.138095],[111.60985,-7.1384],[111.609965,-7.138555],[111.61022,-7.138675],[111.6109,-7.13864],[111.611745,-7.138445],[111.612015,-7.1384],[111.612145,-7.13856],[111.61186,-7.13946],[111.61187,-7.139885],[111.611955,-7.140195],[111.611935,-7.14069],[111.611735,-7.1408],[111.61131,-7.140585],[111.611115,-7.140425],[111.610515,-7.139825],[111.609915,-7.13946],[111.609485,-7.139335],[111.6091,-7.139365],[111.608955,-7.139525],[111.60911,-7.14007],[111.609345,-7.140465],[111.60981,-7.140925],[111.610235,-7.141305],[111.610455,-7.141625],[111.610595,-7.141965],[111.61064,-7.14331],[111.610555,-7.143465],[111.61006,-7.14343],[111.6096,-7.14302],[111.60939,-7.142775],[111.60925,-7.142525],[111.60894,-7.14236],[111.60857,-7.142275],[111.60792,-7.1422],[111.60769,-7.14224],[111.6074,-7.14246],[111.606905,-7.14306],[111.606705,-7.143135],[111.60597,-7.14332],[111.605655,-7.143485],[111.605655,-7.14376],[111.60582,-7.14417],[111.606595,-7.145315],[111.60709,-7.14581],[111.607095,-7.146],[111.607195,-7.14614],[111.60737,-7.14659],[111.607285,-7.14666],[111.608455,-7.14707],[111.608775,-7.1472],[111.614675,-7.151235],[111.616035,-7.152255],[111.61783,-7.15366],[111.62024,-7.155085],[111.622645,-7.15539],[111.62559,-7.15539],[111.626435,-7.155225],[111.626995,-7.154885],[111.627735,-7.15417],[111.630685,-7.149965],[111.6313,-7.149095],[111.63242,-7.147235],[111.633315,-7.146265],[111.634205,-7.1458],[111.634985,-7.145685],[111.63576,-7.145875],[111.63646,-7.14626],[111.636885,-7.14672],[111.63724,-7.14715],[111.637705,-7.14839],[111.638045,-7.149875],[111.6381,-7.152035],[111.63814,-7.15436],[111.638435,-7.15595],[111.639625,-7.15835],[111.639975,-7.158935],[111.64096,-7.160415],[111.64198,-7.161165],[111.6421,-7.16113],[111.64231,-7.16132],[111.642305,-7.161465],[111.642505,-7.161715],[111.642615,-7.162025],[111.643255,-7.16288],[111.643685,-7.163285],[111.64385,-7.16336],[111.644355,-7.16387],[111.644975,-7.164185],[111.645215,-7.164345],[111.645445,-7.1644],[111.645905,-7.1647],[111.64623,-7.16472],[111.64672,-7.164865],[111.64774,-7.16523],[111.648495,-7.165465],[111.648835,-7.16564],[111.6493,-7.165805],[111.64965,-7.165985],[111.65067,-7.16641],[111.651805,-7.166675],[111.652925,-7.166895],[111.653705,-7.16699],[111.65447,-7.167015],[111.655435,-7.167085],[111.6555,-7.167605],[111.65648,-7.167305],[111.65893,-7.16651],[111.65966,-7.16613],[111.65916,-7.165455],[111.65878,-7.16486],[111.6586,-7.164495],[111.65844,-7.16429],[111.657975,-7.16402],[111.657715,-7.163825],[111.656645,-7.16323],[111.65663,-7.16314],[111.65674,-7.16289],[111.656855,-7.162805],[111.656705,-7.16266],[111.65587,-7.162215],[111.65594,-7.161905],[111.65592,-7.161715],[111.655375,-7.161615],[111.65521,-7.16033],[111.655085,-7.15909],[111.654985,-7.15721],[111.654045,-7.15683],[111.653475,-7.156625],[111.652785,-7.15635],[111.65289,-7.156045],[111.65266,-7.15499],[111.652495,-7.15431],[111.65224,-7.1535],[111.651885,-7.15294],[111.651605,-7.15271],[111.651725,-7.151785],[111.652125,-7.15181],[111.653055,-7.15178],[111.65366,-7.151815],[111.65431,-7.15194],[111.65497,-7.152025],[111.655455,-7.15224],[111.655615,-7.15235],[111.65666,-7.14976],[111.65755,-7.14743],[111.6579,-7.14641],[111.6583,-7.14547],[111.65873,-7.145555],[111.659165,-7.145515],[111.659525,-7.145515],[111.65962,-7.145455],[111.659535,-7.144965],[111.659635,-7.14442],[111.659405,-7.14402],[111.659405,-7.14372],[111.659145,-7.14336],[111.65933,-7.14291],[111.65967,-7.14217],[111.6601,-7.14113],[111.6604,-7.14029],[111.66065,-7.14047],[111.661135,-7.14057],[111.66184,-7.14053],[111.662465,-7.14052],[111.662455,-7.140155],[111.662565,-7.139895],[111.66287,-7.13895],[111.66298,-7.138875],[111.66309,-7.13855],[111.66328,-7.137735],[111.663495,-7.13706],[111.663715,-7.13672],[111.6645,-7.136865],[111.664695,-7.13642],[111.66488,-7.136165],[111.664885,-7.135915],[111.66504,-7.13563],[111.6656,-7.13586],[111.66606,-7.135185],[111.666415,-7.13523],[111.66655,-7.13466],[111.66692,-7.13371],[111.66692,-7.13352],[111.66713,-7.13306],[111.667135,-7.13216],[111.6669,-7.13183],[111.66695,-7.131645],[111.66703,-7.130975],[111.66667,-7.13049],[111.666575,-7.13029],[111.66652,-7.129735],[111.66654,-7.129265],[111.666505,-7.12917],[111.66721,-7.128925],[111.667425,-7.12867],[111.66767,-7.128585],[111.6677,-7.12813],[111.667755,-7.12778],[111.666945,-7.12732],[111.66698,-7.12712],[111.66714,-7.12708],[111.6672,-7.12683],[111.66795,-7.12653],[111.66861,-7.12643],[111.66979,-7.12634],[111.67077,-7.12637],[111.6718,-7.12634],[111.67249,-7.12595],[111.67268,-7.12538],[111.67283,-7.125],[111.67263,-7.1241],[111.67234,-7.12353],[111.67199,-7.123],[111.67171,-7.12252],[111.67162,-7.1222],[111.67154,-7.12176],[111.67157,-7.12064],[111.67151,-7.12001],[111.67125,-7.11916],[111.67071,-7.1181],[111.67067,-7.11781],[111.6707,-7.1176],[111.67096,-7.11698],[111.67162,-7.11563],[111.67173,-7.11526],[111.67313,-7.11482],[111.67418,-7.11454],[111.67504,-7.11422],[111.67515,-7.11379],[111.67513,-7.11356],[111.67504,-7.11334],[111.67488,-7.11272],[111.6747,-7.11247],[111.67386,-7.11203],[111.67377,-7.11188],[111.67374,-7.11165],[111.67371,-7.11073],[111.67374,-7.11046],[111.6739,-7.11001],[111.67391,-7.10976],[111.67386,-7.10937],[111.67372,-7.10901],[111.67322,-7.108],[111.67285,-7.10748],[111.67223,-7.10711],[111.67155,-7.10677],[111.6713,-7.1065],[111.67125,-7.10619],[111.67119,-7.10548],[111.67135,-7.10481],[111.67146,-7.10423],[111.6714,-7.10353],[111.67134,-7.10327],[111.67189,-7.10236],[111.67212,-7.10195],[111.67229,-7.10172],[111.67265,-7.10107],[111.6728,-7.10066],[111.67282,-7.10045],[111.67297,-7.10022],[111.67329,-7.09996],[111.67344,-7.09975],[111.6736,-7.09941],[111.6737,-7.09936],[111.67397,-7.09888],[111.67427,-7.09856],[111.6753,-7.0974],[111.67563,-7.097],[111.67605,-7.096545]]]}},{"type":"Feature","properties":{"nama":"Kedewan"},"geometry":{"type":"Polygon","coordinates":[[[111.67605,-7.096545],[111.6764,-7.09626],[111.67669,-7.09613],[111.67701,-7.09604],[111.67735,-7.09588],[111.67795,-7.0954],[111.6784,-7.09488],[111.67953,-7.09361],[111.67957,-7.09341],[111.67982,-7.09322],[111.67982,-7.09294],[111.6797,-7.092465],[111.67978,-7.09231],[111.680085,-7.09227],[111.68031,-7.09217],[111.680125,-7.09205],[111.6799,-7.091815],[111.67972,-7.091885],[111.679525,-7.09176],[111.67936,-7.09172],[111.6793,-7.091375],[111.679745,-7.091375],[111.6799,-7.09148],[111.680455,-7.09155],[111.6807,-7.09146],[111.6808,-7.091065],[111.68111,-7.09102],[111.68148,-7.09081],[111.68131,-7.0906],[111.68075,-7.090475],[111.680505,-7.090535],[111.68051,-7.09034],[111.68064,-7.090045],[111.68066,-7.0898],[111.680315,-7.089845],[111.679945,-7.08933],[111.679915,-7.089135],[111.68035,-7.089025],[111.680565,-7.08911],[111.68077,-7.08912],[111.680805,-7.089015],[111.68059,-7.08887],[111.68059,-7.08869],[111.680915,-7.088515],[111.68091,-7.08827],[111.68065,-7.08816],[111.68064,-7.08795],[111.68088,-7.08785],[111.68121,-7.08804],[111.68141,-7.087975],[111.681575,-7.08744],[111.68196,-7.08718],[111.682645,-7.086485],[111.683315,-7.085945],[111.68348,-7.08571],[111.683735,-7.08558],[111.68405,-7.08553],[111.684455,-7.085295],[111.68449,-7.08499],[111.68467,-7.08482],[111.68456,-7.0846],[111.684845,-7.084305],[111.68518,-7.08416],[111.68521,-7.08403],[111.6851,-7.08382],[111.68477,-7.08375],[111.684665,-7.08367],[111.6844,-7.08302],[111.68441,-7.08262],[111.68431,-7.08239],[111.6844,-7.08223],[111.684465,-7.081925],[111.684845,-7.081635],[111.68507,-7.08156],[111.68539,-7.081355],[111.68545,-7.08126],[111.685465,-7.08096],[111.68566,-7.08083],[111.68609,-7.08037],[111.68615,-7.08001],[111.68642,-7.0797],[111.686775,-7.07873],[111.68683,-7.07838],[111.686995,-7.077705],[111.687175,-7.077455],[111.68759,-7.077245],[111.68772,-7.07691],[111.687895,-7.076765],[111.688195,-7.07677],[111.68872,-7.07472],[111.68914,-7.07289],[111.68918,-7.07264],[111.68923,-7.07126],[111.68933,-7.07056],[111.68932,-7.070335],[111.689375,-7.070185],[111.6896,-7.06997],[111.68984,-7.069385],[111.68998,-7.06916],[111.69073,-7.068655],[111.69128,-7.06889],[111.691505,-7.0689],[111.691935,-7.068725],[111.69221,-7.06851],[111.692505,-7.068045],[111.692755,-7.06726],[111.692945,-7.065985],[111.692935,-7.06537],[111.69288,-7.06506],[111.692365,-7.064475],[111.69177,-7.06388],[111.691295,-7.06343],[111.691205,-7.06284],[111.691205,-7.062095],[111.691395,-7.06168],[111.69179,-7.06111],[111.69232,-7.060465],[111.69238,-7.05939],[111.69237,-7.058315],[111.692845,-7.05641],[111.69289,-7.05551],[111.693175,-7.054985],[111.694035,-7.05451],[111.693845,-7.05413],[111.6933,-7.05398],[111.69235,-7.05434],[111.691335,-7.054695],[111.69083,-7.05483],[111.690745,-7.05428],[111.69104,-7.05315],[111.69092,-7.052315],[111.69015,-7.05184],[111.689495,-7.05172],[111.68848,-7.05208],[111.68741,-7.052435],[111.68634,-7.052555],[111.684915,-7.052195],[111.683245,-7.05184],[111.682115,-7.051485],[111.68033,-7.05041],[111.67837,-7.04946],[111.676525,-7.048685],[111.67504,-7.048225],[111.6747,-7.047085],[111.674525,-7.04577],[111.674185,-7.043945],[111.67327,-7.0428],[111.672415,-7.041775],[111.6715,-7.04086],[111.66967,-7.04029],[111.666705,-7.039775],[111.663735,-7.039375],[111.661565,-7.03926],[111.65911,-7.038975],[111.65831,-7.03772],[111.657565,-7.036975],[111.657335,-7.03475],[111.65711,-7.033205],[111.656825,-7.03218],[111.65566,-7.030805],[111.655305,-7.030095],[111.655245,-7.02917],[111.655305,-7.02801],[111.65491,-7.026475],[111.65477,-7.024895],[111.65492,-7.02323],[111.655125,-7.02177],[111.655275,-7.02082],[111.655305,-7.01975],[111.655425,-7.017995],[111.65572,-7.016745],[111.65608,-7.01582],[111.656385,-7.01438],[111.6563,-7.013485],[111.655255,-7.012565],[111.654335,-7.012],[111.653645,-7.011415],[111.653055,-7.010065],[111.65267,-7.009145],[111.65255,-7.008105],[111.65258,-7.006975],[111.65249,-7.00629],[111.652255,-7.005275],[111.651865,-7.004145],[111.6516,-7.003105],[111.65145,-7.002155],[111.65246,-7.001915],[111.652195,-7.001085],[111.651895,-7.00046],[111.65139,-6.999805],[111.650885,-6.999685],[111.65026,-6.999685],[111.649845,-6.99888],[111.64919,-6.99817],[111.648325,-6.99772],[111.647555,-6.997305],[111.64669,-6.99698],[111.645585,-6.99647],[111.644715,-6.996345],[111.644115,-6.99628],[111.643305,-6.99622],[111.642295,-6.99616],[111.64149,-6.99616],[111.64033,-6.99607],[111.638935,-6.995955],[111.637715,-6.995565],[111.63688,-6.99497],[111.636075,-6.994615],[111.635395,-6.994255],[111.63447,-6.99387],[111.63334,-6.99289],[111.63254,-6.991935],[111.631885,-6.99119],[111.631465,-6.991195],[111.63126,-6.99158],[111.6301,-6.99274],[111.62986,-6.992295],[111.62977,-6.991075],[111.629535,-6.990835],[111.62864,-6.99134],[111.62787,-6.99182],[111.627275,-6.99164],[111.62638,-6.990985],[111.62561,-6.99033],[111.625045,-6.989885],[111.62424,-6.989645],[111.623675,-6.98944],[111.62308,-6.988815],[111.622635,-6.987445],[111.62215,-6.986355],[111.62219,-6.987],[111.62233,-6.988375],[111.62263,-6.989535],[111.622415,-6.990265],[111.622285,-6.99096],[111.621745,-6.991845],[111.62111,-6.99186],[111.62051,-6.99191],[111.61958,-6.99219],[111.618955,-6.99256],[111.618325,-6.992605],[111.61768,-6.99328],[111.617335,-6.99464],[111.61688,-6.995505],[111.616945,-6.99603],[111.617225,-6.99685],[111.617075,-6.998145],[111.616105,-6.99944],[111.61604,-7.00002],[111.61537,-7.00082],[111.61539,-7.00136],[111.61524,-7.002005],[111.615005,-7.002545],[111.615045,-7.003105],[111.614395,-7.004565],[111.613635,-7.005985],[111.61323,-7.006695],[111.61357,-7.00713],[111.61383,-7.00755],[111.61392,-7.007855],[111.614505,-7.008385],[111.614815,-7.00906],[111.614325,-7.009915],[111.61317,-7.010775],[111.613585,-7.011185],[111.613715,-7.01151],[111.613475,-7.012415],[111.61339,-7.013085],[111.61402,-7.01339],[111.61469,-7.013605],[111.614995,-7.01384],[111.61495,-7.014395],[111.61476,-7.015105],[111.614955,-7.015775],[111.615345,-7.01655],[111.615325,-7.017025],[111.61528,-7.017305],[111.615155,-7.017605],[111.615065,-7.01802],[111.614915,-7.0183],[111.61468,-7.01839],[111.61444,-7.018215],[111.61394,-7.01815],[111.61368,-7.018235],[111.61363,-7.018415],[111.61376,-7.018655],[111.614135,-7.01883],[111.61472,-7.018915],[111.61492,-7.019265],[111.61503,-7.01968],[111.61501,-7.020135],[111.615195,-7.02066],[111.614765,-7.021245],[111.61442,-7.021335],[111.61431,-7.02185],[111.61431,-7.022475],[111.614855,-7.02293],[111.61479,-7.023275],[111.61453,-7.023535],[111.61438,-7.023835],[111.61401,-7.024075],[111.61379,-7.024295],[111.613535,-7.024735],[111.61403,-7.02536],[111.6141,-7.02616],[111.613795,-7.026785],[111.61408,-7.02728],[111.614535,-7.027715],[111.61475,-7.02836],[111.6146,-7.02986],[111.615475,-7.03024],[111.61538,-7.031035],[111.61549,-7.031375],[111.615965,-7.03181],[111.61612,-7.032285],[111.615955,-7.032455],[111.61538,-7.032345],[111.615275,-7.03248],[111.615255,-7.03274],[111.61515,-7.032975],[111.61445,-7.033285],[111.61424,-7.033345],[111.614045,-7.033475],[111.61387,-7.03371],[111.61385,-7.0341],[111.61396,-7.0344],[111.61385,-7.034725],[111.61353,-7.03503],[111.613565,-7.035305],[111.61407,-7.03563],[111.614395,-7.035955],[111.61433,-7.03638],[111.61405,-7.036945],[111.614075,-7.03748],[111.614485,-7.037635],[111.61498,-7.037415],[111.615565,-7.036985],[111.61589,-7.036985],[111.61617,-7.037115],[111.61639,-7.03748],[111.61693,-7.038535],[111.616995,-7.03884],[111.616785,-7.039015],[111.61635,-7.03923],[111.61626,-7.03951],[111.61676,-7.03979],[111.617005,-7.039975],[111.616955,-7.040285],[111.616545,-7.04061],[111.61676,-7.040845],[111.617495,-7.040565],[111.61851,-7.03998],[111.61873,-7.04009],[111.618685,-7.040475],[111.61808,-7.04175],[111.617715,-7.042435],[111.617455,-7.04328],[111.61776,-7.043755],[111.61843,-7.044355],[111.61919,-7.04496],[111.61908,-7.045305],[111.61888,-7.045665],[111.618865,-7.04606],[111.619345,-7.04655],[111.619495,-7.046865],[111.61925,-7.046985],[111.61865,-7.0467],[111.61847,-7.04654],[111.618185,-7.046525],[111.61791,-7.046605],[111.61754,-7.04707],[111.617495,-7.04743],[111.617515,-7.04778],[111.617635,-7.04799],[111.617805,-7.048535],[111.61794,-7.048765],[111.618225,-7.04876],[111.61856,-7.048875],[111.618735,-7.049125],[111.618715,-7.049335],[111.618425,-7.04963],[111.618255,-7.049755],[111.618265,-7.050045],[111.61844,-7.05027],[111.618785,-7.050405],[111.619235,-7.050445],[111.61961,-7.0504],[111.620025,-7.050045],[111.62026,-7.049945],[111.620555,-7.05001],[111.620765,-7.050105],[111.621325,-7.050305],[111.621915,-7.0504],[111.622295,-7.050515],[111.62257,-7.050755],[111.6227,-7.05107],[111.62275,-7.05131],[111.62268,-7.05163],[111.62248,-7.051875],[111.621945,-7.05226],[111.62179,-7.05244],[111.621675,-7.05269],[111.621645,-7.05288],[111.621785,-7.053245],[111.62245,-7.053505],[111.622775,-7.053515],[111.623325,-7.05331],[111.623705,-7.05347],[111.62402,-7.05356],[111.62424,-7.05354],[111.624765,-7.052975],[111.62494,-7.05288],[111.625195,-7.05285],[111.62544,-7.052895],[111.625595,-7.052985],[111.62567,-7.053205],[111.62563,-7.053685],[111.6255,-7.054085],[111.62547,-7.05441],[111.62558,-7.05462],[111.62573,-7.054755],[111.62591,-7.05478],[111.626095,-7.05472],[111.626355,-7.054525],[111.626455,-7.054205],[111.62683,-7.05382],[111.6271,-7.05374],[111.62743,-7.05381],[111.6276,-7.05398],[111.62757,-7.05427],[111.627625,-7.055265],[111.627245,-7.055605],[111.62684,-7.055595],[111.626185,-7.05531],[111.62571,-7.055345],[111.62538,-7.05544],[111.62516,-7.055635],[111.624915,-7.05595],[111.62482,-7.056185],[111.62511,-7.05659],[111.62556,-7.05664],[111.625745,-7.056795],[111.6258,-7.05698],[111.62575,-7.05728],[111.62545,-7.05778],[111.62506,-7.05832],[111.62494,-7.058785],[111.624955,-7.0591],[111.625115,-7.059315],[111.625735,-7.05899],[111.626085,-7.05845],[111.626285,-7.058425],[111.62643,-7.058495],[111.626535,-7.05864],[111.626585,-7.05923],[111.62677,-7.059285],[111.627045,-7.05897],[111.627275,-7.0588],[111.627505,-7.05874],[111.62771,-7.058795],[111.628225,-7.0592],[111.62858,-7.059435],[111.62881,-7.059705],[111.628975,-7.059825],[111.629415,-7.05958],[111.62975,-7.059335],[111.6299,-7.059535],[111.62985,-7.059725],[111.629495,-7.060095],[111.6285,-7.060695],[111.62846,-7.06089],[111.62867,-7.061335],[111.62869,-7.06165],[111.62862,-7.061735],[111.62809,-7.06191],[111.62797,-7.062165],[111.62836,-7.062585],[111.628605,-7.06307],[111.629055,-7.063385],[111.629105,-7.06356],[111.62886,-7.06397],[111.628665,-7.06424],[111.62849,-7.064555],[111.628285,-7.06477],[111.62788,-7.06509],[111.627795,-7.06526],[111.628055,-7.0657],[111.628175,-7.06601],[111.627945,-7.06633],[111.627865,-7.066505],[111.62792,-7.066635],[111.62814,-7.066665],[111.628345,-7.06675],[111.628325,-7.06697],[111.628095,-7.06715],[111.627445,-7.067375],[111.6271,-7.068035],[111.62703,-7.068275],[111.626855,-7.068475],[111.626095,-7.0688],[111.625875,-7.06892],[111.62596,-7.06934],[111.626335,-7.069705],[111.626655,-7.06992],[111.626725,-7.070475],[111.62661,-7.070605],[111.626375,-7.070675],[111.62587,-7.07062],[111.62554,-7.07064],[111.62544,-7.07081],[111.625495,-7.071115],[111.62597,-7.071405],[111.62618,-7.071675],[111.626975,-7.072545],[111.62721,-7.072915],[111.62779,-7.073925],[111.62805,-7.07444],[111.62812,-7.075135],[111.62812,-7.075415],[111.627725,-7.07558],[111.62739,-7.075495],[111.627215,-7.075385],[111.627,-7.074945],[111.626895,-7.07434],[111.62634,-7.07378],[111.62595,-7.07293],[111.62576,-7.07281],[111.62537,-7.072865],[111.625195,-7.073025],[111.625085,-7.073215],[111.62511,-7.073495],[111.625245,-7.073945],[111.625375,-7.074615],[111.62533,-7.074895],[111.625145,-7.07509],[111.624825,-7.075525],[111.624425,-7.07565],[111.624265,-7.075385],[111.624305,-7.074485],[111.624205,-7.07427],[111.624035,-7.074075],[111.62355,-7.073935],[111.623315,-7.07391],[111.623145,-7.074065],[111.62298,-7.0747],[111.622625,-7.07519],[111.62239,-7.0754],[111.62253,-7.07586],[111.62271,-7.076255],[111.623,-7.07645],[111.625065,-7.07637],[111.62514,-7.07773],[111.625095,-7.07789],[111.62516,-7.078055],[111.625185,-7.078485],[111.625345,-7.078845],[111.625615,-7.079195],[111.626035,-7.07967],[111.626355,-7.080115],[111.626725,-7.080515],[111.62708,-7.080735],[111.62734,-7.08085],[111.627265,-7.08144],[111.62727,-7.08167],[111.62749,-7.08189],[111.628035,-7.081875],[111.628825,-7.08172],[111.629095,-7.081625],[111.629295,-7.081455],[111.62983,-7.08083],[111.629985,-7.08076],[111.63046,-7.08073],[111.63034,-7.08097],[111.62994,-7.081465],[111.62978,-7.08178],[111.629805,-7.082205],[111.63003,-7.08262],[111.630325,-7.0829],[111.630495,-7.082935],[111.63082,-7.08285],[111.63131,-7.0826],[111.631615,-7.082475],[111.63215,-7.08239],[111.63243,-7.082435],[111.632505,-7.08261],[111.63226,-7.082825],[111.631605,-7.08297],[111.63128,-7.083145],[111.631165,-7.08332],[111.63114,-7.083555],[111.63127,-7.0837],[111.631485,-7.084085],[111.631635,-7.08455],[111.63158,-7.084945],[111.631795,-7.085325],[111.63279,-7.08619],[111.63429,-7.087395],[111.63452,-7.087385],[111.635,-7.08748],[111.635245,-7.087575],[111.635735,-7.088055],[111.63615,-7.088175],[111.63645,-7.088135],[111.636795,-7.08827],[111.636975,-7.088245],[111.63752,-7.08853],[111.637715,-7.088665],[111.637835,-7.08893],[111.63785,-7.089205],[111.63776,-7.08931],[111.637955,-7.089605],[111.63805,-7.089945],[111.63842,-7.09019],[111.63861,-7.090425],[111.63894,-7.09065],[111.638995,-7.090925],[111.639075,-7.091025],[111.639585,-7.090965],[111.639935,-7.091015],[111.640795,-7.09121],[111.64167,-7.09116],[111.64216,-7.09129],[111.642235,-7.09103],[111.64219,-7.090775],[111.64254,-7.090515],[111.642675,-7.09001],[111.64266,-7.08992],[111.64237,-7.089755],[111.64233,-7.08968],[111.642315,-7.08925],[111.64263,-7.089035],[111.642685,-7.0888],[111.64298,-7.088685],[111.643085,-7.088465],[111.64276,-7.08815],[111.642775,-7.08788],[111.642735,-7.08746],[111.64299,-7.08712],[111.643145,-7.08669],[111.643145,-7.08618],[111.64339,-7.08533],[111.64455,-7.0844],[111.645085,-7.08381],[111.64573,-7.083325],[111.6467,-7.082375],[111.64706,-7.08224],[111.647685,-7.08187],[111.648295,-7.08129],[111.648795,-7.08064],[111.6491,-7.080365],[111.649725,-7.08002],[111.64989,-7.079845],[111.6507,-7.07913],[111.651085,-7.07866],[111.65147,-7.077805],[111.651695,-7.0771],[111.65182,-7.07684],[111.652,-7.076325],[111.654105,-7.074265],[111.65434,-7.074305],[111.654645,-7.07446],[111.65523,-7.075095],[111.65551,-7.075435],[111.65574,-7.075795],[111.655985,-7.07634],[111.656145,-7.077355],[111.656385,-7.077545],[111.656615,-7.077475],[111.657015,-7.07654],[111.65742,-7.07608],[111.65751,-7.07589],[111.6575,-7.075745],[111.657145,-7.07523],[111.657155,-7.075],[111.657265,-7.07476],[111.657255,-7.0745],[111.65704,-7.07377],[111.657045,-7.073615],[111.657185,-7.0723],[111.657205,-7.07171],[111.65716,-7.071115],[111.65727,-7.07052],[111.65727,-7.070245],[111.65718,-7.069555],[111.65725,-7.068065],[111.6572,-7.06765],[111.65713,-7.067345],[111.65668,-7.066825],[111.656545,-7.06676],[111.655545,-7.06663],[111.65498,-7.06667],[111.6546,-7.066925],[111.654385,-7.06546],[111.653985,-7.06513],[111.654175,-7.065],[111.654585,-7.064925],[111.65499,-7.0648],[111.65571,-7.06483],[111.656675,-7.06467],[111.657155,-7.063845],[111.65723,-7.06358],[111.65713,-7.063145],[111.657145,-7.06294],[111.65764,-7.062465],[111.65769,-7.06229],[111.65754,-7.061645],[111.657685,-7.061395],[111.658095,-7.060605],[111.658205,-7.060305],[111.658635,-7.059825],[111.659005,-7.059545],[111.659505,-7.05949],[111.660045,-7.059345],[111.66025,-7.059385],[111.6603,-7.05954],[111.660765,-7.060135],[111.660975,-7.060145],[111.6619,-7.060345],[111.66223,-7.060515],[111.66283,-7.06099],[111.663255,-7.061375],[111.66384,-7.061655],[111.66387,-7.061725],[111.663735,-7.062665],[111.66431,-7.0628],[111.66458,-7.06277],[111.66508,-7.06291],[111.665305,-7.06309],[111.665345,-7.06327],[111.66529,-7.063605],[111.66565,-7.063925],[111.66584,-7.06476],[111.666075,-7.065045],[111.666085,-7.065155],[111.665925,-7.06592],[111.66594,-7.06626],[111.666065,-7.06647],[111.66647,-7.066865],[111.66647,-7.068015],[111.666165,-7.06932],[111.666115,-7.069895],[111.666145,-7.07007],[111.665895,-7.07071],[111.66556,-7.071525],[111.6653,-7.072475],[111.665295,-7.07313],[111.66544,-7.07342],[111.665755,-7.0733],[111.66595,-7.073115],[111.666195,-7.073015],[111.66617,-7.073405],[111.665945,-7.073785],[111.665475,-7.074345],[111.664895,-7.07494],[111.664785,-7.075175],[111.66476,-7.075515],[111.664985,-7.075755],[111.664955,-7.07605],[111.664805,-7.07633],[111.664255,-7.07767],[111.664065,-7.07802],[111.66386,-7.078225],[111.663065,-7.07865],[111.662905,-7.07876],[111.66276,-7.079135],[111.662795,-7.079665],[111.66271,-7.08043],[111.662135,-7.080845],[111.661975,-7.08107],[111.6619,-7.081305],[111.66186,-7.081605],[111.66192,-7.082315],[111.662085,-7.083035],[111.662075,-7.083305],[111.66185,-7.08385],[111.661675,-7.084465],[111.66174,-7.08463],[111.66192,-7.08473],[111.66202,-7.08469],[111.662775,-7.08418],[111.66319,-7.084095],[111.663665,-7.08396],[111.663905,-7.08378],[111.664225,-7.083335],[111.66439,-7.082965],[111.66467,-7.08264],[111.66488,-7.082505],[111.665115,-7.08243],[111.665385,-7.082555],[111.66539,-7.082745],[111.66505,-7.083425],[111.665465,-7.083485],[111.665375,-7.083855],[111.665655,-7.084095],[111.665655,-7.084275],[111.665405,-7.084325],[111.6647,-7.08414],[111.6644,-7.084225],[111.66444,-7.08437],[111.6651,-7.084935],[111.665035,-7.084995],[111.66468,-7.084975],[111.663885,-7.084545],[111.6636,-7.08447],[111.66325,-7.084455],[111.662785,-7.08497],[111.662175,-7.085395],[111.66195,-7.08577],[111.662055,-7.08627],[111.661815,-7.08661],[111.66147,-7.087375],[111.66126,-7.088085],[111.661035,-7.089025],[111.66107,-7.089525],[111.661225,-7.089645],[111.661485,-7.0896],[111.661785,-7.089405],[111.66272,-7.08862],[111.66338,-7.088165],[111.66386,-7.08794],[111.66451,-7.08775],[111.664885,-7.08772],[111.66521,-7.08773],[111.6658,-7.087825],[111.66669,-7.08807],[111.666845,-7.08817],[111.66675,-7.08832],[111.66659,-7.088345],[111.66618,-7.08827],[111.66542,-7.088205],[111.665255,-7.088255],[111.66487,-7.088265],[111.66472,-7.088225],[111.664205,-7.08832],[111.663135,-7.08891],[111.663005,-7.08906],[111.6629,-7.089425],[111.6625,-7.0899],[111.66222,-7.090295],[111.662155,-7.09061],[111.662175,-7.090795],[111.66203,-7.09126],[111.6621,-7.0916],[111.66234,-7.09209],[111.662655,-7.09229],[111.662985,-7.09227],[111.663405,-7.092085],[111.663635,-7.091855],[111.663985,-7.091285],[111.664325,-7.090895],[111.664565,-7.090745],[111.664805,-7.09068],[111.665155,-7.09073],[111.665145,-7.090905],[111.66494,-7.091135],[111.664405,-7.091675],[111.664465,-7.09176],[111.66481,-7.092],[111.66491,-7.092165],[111.66479,-7.09244],[111.66438,-7.09277],[111.66382,-7.093105],[111.662955,-7.09379],[111.6628,-7.09385],[111.662545,-7.09387],[111.662215,-7.093825],[111.66197,-7.0936],[111.661795,-7.09379],[111.66146,-7.09389],[111.661255,-7.09383],[111.66137,-7.094575],[111.661505,-7.094915],[111.661765,-7.09522],[111.661975,-7.095375],[111.66248,-7.09542],[111.663355,-7.095365],[111.663495,-7.095475],[111.66351,-7.09583],[111.663415,-7.09598],[111.66305,-7.09608],[111.662345,-7.095975],[111.66175,-7.096005],[111.66148,-7.09613],[111.661145,-7.096345],[111.66099,-7.09661],[111.660825,-7.09717],[111.66067,-7.097555],[111.66073,-7.09773],[111.661415,-7.09798],[111.6615,-7.09817],[111.661145,-7.10082],[111.66128,-7.10094],[111.66152,-7.101355],[111.66147,-7.10173],[111.661505,-7.101895],[111.661905,-7.101965],[111.662165,-7.1019],[111.662355,-7.10175],[111.663175,-7.100755],[111.663685,-7.100035],[111.663835,-7.099915],[111.664235,-7.09982],[111.664305,-7.100005],[111.66419,-7.100105],[111.66398,-7.100455],[111.663995,-7.1007],[111.66391,-7.10087],[111.66332,-7.1015],[111.662995,-7.10201],[111.662825,-7.10219],[111.662345,-7.102415],[111.661545,-7.102845],[111.6613,-7.103],[111.6606,-7.10363],[111.660245,-7.10412],[111.660165,-7.104525],[111.660265,-7.10485],[111.66053,-7.10518],[111.661085,-7.105255],[111.66148,-7.1052],[111.66249,-7.104775],[111.662945,-7.104615],[111.66351,-7.104465],[111.66358,-7.104425],[111.66409,-7.103805],[111.664205,-7.103755],[111.66545,-7.10335],[111.66576,-7.10336],[111.66617,-7.103585],[111.666465,-7.10398],[111.66662,-7.104285],[111.66669,-7.10452],[111.666855,-7.10473],[111.66686,-7.104245],[111.667165,-7.103745],[111.667335,-7.103685],[111.667505,-7.10345],[111.66742,-7.10332],[111.667795,-7.10291],[111.6679,-7.10271],[111.667945,-7.10239],[111.668295,-7.10189],[111.66813,-7.10171],[111.667585,-7.10132],[111.667825,-7.101035],[111.668095,-7.100625],[111.668385,-7.100455],[111.669515,-7.10028],[111.66988,-7.10014],[111.67036,-7.099755],[111.670435,-7.09973],[111.6708,-7.099245],[111.671225,-7.09905],[111.67179,-7.09887],[111.67267,-7.09876],[111.673045,-7.09869],[111.673245,-7.09847],[111.67323,-7.098235],[111.673445,-7.0983],[111.673595,-7.09817],[111.673835,-7.09738],[111.674015,-7.0969],[111.67424,-7.09641],[111.67497,-7.09591],[111.67605,-7.096545]]]}},{"type":"Feature","properties":{"nama":"Kedungadem"},"geometry":{"type":"Polygon","coordinates":[[[111.982335,-7.24123],[111.982355,-7.24165],[111.98243,-7.242065],[111.982565,-7.243235],[111.982645,-7.243645],[111.98279,-7.24498],[111.982785,-7.24519],[111.981595,-7.245045],[111.980965,-7.245],[111.980375,-7.244915],[111.98008,-7.244905],[111.98006,-7.245265],[111.97992,-7.245725],[111.979765,-7.2464],[111.97927,-7.246325],[111.97904,-7.246445],[111.978845,-7.246295],[111.978235,-7.246125],[111.978355,-7.24658],[111.97851,-7.24681],[111.97836,-7.247825],[111.977495,-7.247785],[111.977315,-7.248175],[111.977335,-7.2483],[111.977665,-7.24843],[111.977695,-7.24852],[111.97762,-7.249145],[111.97757,-7.24931],[111.9775,-7.24989],[111.97771,-7.25003],[111.97771,-7.25011],[111.97748,-7.25052],[111.977415,-7.25079],[111.977425,-7.25098],[111.97756,-7.25101],[111.977845,-7.250805],[111.977955,-7.25062],[111.978095,-7.25055],[111.978315,-7.25056],[111.97866,-7.250725],[111.97935,-7.250985],[111.97946,-7.251195],[111.979375,-7.25131],[111.978915,-7.2514],[111.97872,-7.251585],[111.97867,-7.251905],[111.978525,-7.25211],[111.977975,-7.2524],[111.97785,-7.25273],[111.97796,-7.25303],[111.97808,-7.25313],[111.97849,-7.25315],[111.97884,-7.25305],[111.9791,-7.25273],[111.97918,-7.25237],[111.97945,-7.25209],[111.97989,-7.25205],[111.98014,-7.25212],[111.98044,-7.25232],[111.9808,-7.25268],[111.98069,-7.25283],[111.98047,-7.25288],[111.98013,-7.25287],[111.979935,-7.25317],[111.97972,-7.253355],[111.97931,-7.25341],[111.979045,-7.253685],[111.97902,-7.25382],[111.97918,-7.25412],[111.979395,-7.25434],[111.9796,-7.254375],[111.97983,-7.25418],[111.97984,-7.25399],[111.979715,-7.25383],[111.979705,-7.253625],[111.9799,-7.253545],[111.98014,-7.25375],[111.9802,-7.253935],[111.980625,-7.2543],[111.98062,-7.25439],[111.980275,-7.254515],[111.980195,-7.25476],[111.98037,-7.2552],[111.9805,-7.25532],[111.98077,-7.25535],[111.98081,-7.2558],[111.98125,-7.25609],[111.98137,-7.25634],[111.98136,-7.25655],[111.98121,-7.25729],[111.98055,-7.25776],[111.98035,-7.25817],[111.9804,-7.25846],[111.980235,-7.25903],[111.980275,-7.25941],[111.98045,-7.259445],[111.980815,-7.259435],[111.98084,-7.25958],[111.98077,-7.25976],[111.9807,-7.26025],[111.98072,-7.26056],[111.98103,-7.26104],[111.98097,-7.26139],[111.98077,-7.26188],[111.98076,-7.26236],[111.98029,-7.26306],[111.98036,-7.26319],[111.98082,-7.26355],[111.98084,-7.26383],[111.98053,-7.26479],[111.98051,-7.26555],[111.98061,-7.26584],[111.98064,-7.26606],[111.98055,-7.26648],[111.980605,-7.26716],[111.98076,-7.26757],[111.98093,-7.267795],[111.980925,-7.268125],[111.981,-7.268255],[111.98107,-7.26865],[111.98127,-7.26869],[111.98116,-7.268915],[111.980815,-7.26888],[111.980655,-7.26914],[111.980615,-7.26934],[111.98068,-7.26958],[111.980495,-7.26963],[111.98024,-7.27066],[111.98018,-7.27129],[111.9801,-7.27162],[111.980215,-7.27189],[111.98058,-7.27215],[111.98049,-7.27278],[111.980485,-7.27301],[111.98084,-7.273155],[111.980935,-7.27342],[111.981565,-7.274725],[111.98158,-7.275085],[111.98152,-7.27553],[111.981075,-7.27552],[111.98091,-7.275785],[111.98092,-7.276285],[111.980975,-7.27685],[111.981475,-7.276935],[111.981725,-7.278165],[111.982055,-7.278235],[111.98213,-7.278515],[111.982365,-7.27957],[111.98311,-7.27956],[111.98312,-7.27979],[111.98373,-7.28069],[111.98389,-7.28086],[111.98415,-7.28097],[111.98503,-7.28126],[111.98529,-7.28148],[111.98533,-7.2818],[111.9847,-7.28258],[111.98453,-7.28297],[111.98432,-7.28316],[111.98415,-7.28323],[111.98363,-7.28336],[111.98342,-7.28352],[111.98337,-7.28377],[111.98338,-7.2841],[111.98353,-7.28456],[111.98368,-7.28469],[111.98314,-7.285115],[111.982995,-7.28531],[111.982715,-7.2855],[111.98264,-7.28598],[111.982805,-7.28628],[111.982765,-7.286465],[111.98346,-7.287965],[111.98304,-7.288165],[111.98324,-7.288775],[111.98381,-7.2887],[111.983965,-7.28877],[111.984335,-7.2888],[111.984965,-7.288985],[111.98546,-7.28885],[111.985595,-7.28875],[111.98613,-7.288855],[111.986285,-7.28885],[111.986435,-7.289295],[111.98649,-7.28967],[111.986425,-7.28974],[111.98649,-7.28997],[111.98666,-7.29131],[111.98691,-7.29122],[111.987395,-7.29166],[111.98741,-7.291925],[111.987205,-7.29222],[111.986825,-7.292565],[111.986515,-7.293065],[111.986515,-7.293325],[111.986635,-7.293635],[111.98686,-7.293955],[111.987185,-7.2941],[111.987575,-7.29419],[111.9885,-7.294975],[111.98861,-7.29474],[111.98887,-7.29438],[111.98911,-7.29411],[111.98929,-7.29425],[111.98978,-7.29451],[111.99023,-7.2947],[111.99056,-7.29477],[111.99076,-7.29472],[111.99089,-7.29461],[111.99124,-7.29408],[111.99152,-7.2937],[111.99186,-7.29342],[111.99203,-7.29335],[111.99228,-7.29334],[111.99264,-7.29341],[111.99284,-7.29352],[111.99293,-7.29371],[111.99295,-7.29392],[111.99294,-7.29454],[111.99303,-7.29514],[111.99304,-7.29537],[111.99298,-7.29552],[111.99284,-7.29564],[111.99266,-7.29567],[111.99224,-7.29565],[111.99189,-7.29567],[111.99169,-7.29585],[111.9917,-7.29608],[111.99181,-7.29629],[111.99201,-7.29648],[111.99223,-7.29656],[111.99239,-7.29652],[111.99258,-7.29679],[111.99272,-7.29711],[111.99278,-7.2975],[111.9928,-7.29785],[111.99277,-7.298185],[111.99288,-7.29854],[111.99286,-7.29875],[111.992685,-7.29918],[111.99237,-7.29921],[111.99187,-7.29989],[111.99187,-7.29999],[111.99171,-7.30039],[111.99165,-7.30066],[111.99153,-7.30096],[111.99133,-7.30165],[111.99164,-7.3018],[111.99225,-7.30199],[111.9929,-7.30216],[111.99317,-7.30227],[111.99313,-7.30258],[111.99302,-7.30298],[111.99284,-7.30319],[111.99243,-7.30308],[111.99204,-7.30286],[111.99189,-7.30283],[111.99174,-7.303],[111.99158,-7.30347],[111.99119,-7.30385],[111.99079,-7.30419],[111.9906,-7.30447],[111.99081,-7.30474],[111.99128,-7.30509],[111.99135,-7.30533],[111.99117,-7.30556],[111.99092,-7.30579],[111.99078,-7.3068],[111.99057,-7.30728],[111.99049,-7.30759],[111.99025,-7.3079],[111.98975,-7.30812],[111.98973,-7.30832],[111.99012,-7.30848],[111.9902,-7.30861],[111.99025,-7.30937],[111.99035,-7.31007],[111.99071,-7.31028],[111.99091,-7.31036],[111.99085,-7.31074],[111.99101,-7.31126],[111.991,-7.31185],[111.99096,-7.31231],[111.99098,-7.31247],[111.99163,-7.31279],[111.99225,-7.31298],[111.99307,-7.31301],[111.99391,-7.31299],[111.99403,-7.31323],[111.99448,-7.3139],[111.99477,-7.31409],[111.99498,-7.31447],[111.9952,-7.31445],[111.9957,-7.31426],[111.99586,-7.31434],[111.99599,-7.31452],[111.99602,-7.31484],[111.99555,-7.31524],[111.99568,-7.31549],[111.99565,-7.31561],[111.99512,-7.31596],[111.99503,-7.31628],[111.99524,-7.31652],[111.99521,-7.31724],[111.99511,-7.31773],[111.99461,-7.31789],[111.99417,-7.31814],[111.99359,-7.31828],[111.99318,-7.31842],[111.99305,-7.3185],[111.9927,-7.31943],[111.99258,-7.31993],[111.99329,-7.3206],[111.99385,-7.32133],[111.99399,-7.3216],[111.9941,-7.32157],[111.99421,-7.32171],[111.99476,-7.32182],[111.99499,-7.32204],[111.99534,-7.32195],[111.99579,-7.32191],[111.99619,-7.32182],[111.99644,-7.32252],[111.99614,-7.32315],[111.99609,-7.32357],[111.99686,-7.32374],[111.99694,-7.32417],[111.99729,-7.32405],[111.9975,-7.32412],[111.99754,-7.32432],[111.9975,-7.32489],[111.99757,-7.32546],[111.99748,-7.32576],[111.99716,-7.32626],[111.99707,-7.32646],[111.99706,-7.32691],[111.99699,-7.32706],[111.99725,-7.32754],[111.99803,-7.32798],[111.99852,-7.32809],[111.99854,-7.32817],[111.9982,-7.32866],[111.9979,-7.32902],[111.99733,-7.32929],[111.99705,-7.32957],[111.9969,-7.32995],[111.99685,-7.33019],[111.99651,-7.33036],[111.99611,-7.33043],[111.9955,-7.33067],[111.99542,-7.33078],[111.9952,-7.33175],[111.99503,-7.33303],[111.99488,-7.33338],[111.99444,-7.33423],[111.99451,-7.33483],[111.99465,-7.33539],[111.99481,-7.33568],[111.9951,-7.33606],[111.99543,-7.33626],[111.9963,-7.3367],[111.99649,-7.33697],[111.99651,-7.33742],[111.99644,-7.33752],[111.9961,-7.33761],[111.99578,-7.33783],[111.99574,-7.33812],[111.99583,-7.33832],[111.99587,-7.33884],[111.99563,-7.33923],[111.99561,-7.33935],[111.9958,-7.3396],[111.9958,-7.3398],[111.99563,-7.34007],[111.99583,-7.34059],[111.99577,-7.34085],[111.99587,-7.34109],[111.99605,-7.34116],[111.99653,-7.34114],[111.99679,-7.3413],[111.99705,-7.34171],[111.99787,-7.3418],[111.999,-7.34207],[112,-7.34223],[112.00144,-7.34243],[112.00164,-7.34257],[112.00183,-7.34282],[112.002,-7.34339],[112.00195,-7.34391],[112.00196,-7.34436],[112.002,-7.34472],[112.00207,-7.34499],[112.00238,-7.34552],[112.00271,-7.34573],[112.00288,-7.34577],[112.00317,-7.34605],[112.00329,-7.34672],[112.00324,-7.34715],[112.00324,-7.34761],[112.00332,-7.3481],[112.00343,-7.34855],[112.00358,-7.34897],[112.0038,-7.34981],[112.00413,-7.35154],[112.00413,-7.35229],[112.00409,-7.35286],[112.00414,-7.35344],[112.00422,-7.35384],[112.00435,-7.35428],[112.0048,-7.3548],[112.00544,-7.35523],[112.00604,-7.35547],[112.00632,-7.35562],[112.00672,-7.35602],[112.00701,-7.35641],[112.00716,-7.35669],[112.00726,-7.35697],[112.00732,-7.35769],[112.00734,-7.35842],[112.00728,-7.35915],[112.00728,-7.35962],[112.00717,-7.36007],[112.00688,-7.36077],[112.00669,-7.36141],[112.00658,-7.36169],[112.00604,-7.36259],[112.00588,-7.36293],[112.0056,-7.36363],[112.00549,-7.36401],[112.00545,-7.36564],[112.00582,-7.36611],[112.00595,-7.36632],[112.00597,-7.36649],[112.00572,-7.36717],[112.0059,-7.36749],[112.00628,-7.36785],[112.0064,-7.36801],[112.00649,-7.36838],[112.0063,-7.36886],[112.00628,-7.36915],[112.00644,-7.36952],[112.00618,-7.3701],[112.00639,-7.37026],[112.00685,-7.37026],[112.00708,-7.37032],[112.0073,-7.37048],[112.00727,-7.37072],[112.00706,-7.37095],[112.00675,-7.37122],[112.00669,-7.37151],[112.00735,-7.37204],[112.00759,-7.3722],[112.00772,-7.3726],[112.0076,-7.373],[112.00759,-7.37317],[112.00768,-7.37361],[112.00759,-7.37423],[112.00764,-7.375],[112.00776,-7.37607],[112.00765,-7.37649],[112.00761,-7.37704],[112.00798,-7.37801],[112.00818,-7.37832],[112.00832,-7.37862],[112.00852,-7.37936],[112.00857,-7.38004],[112.00839,-7.38121],[112.00824,-7.38265],[112.00812,-7.38344],[112.0079,-7.38417],[112.00748,-7.38508],[112.00714,-7.38557],[112.00688,-7.38583],[112.00668,-7.38596],[112.00599,-7.38669],[112.00575,-7.38708],[112.00564,-7.38732],[112.00554,-7.38783],[112.00555,-7.38837],[112.0056,-7.38866],[112.00587,-7.38932],[112.00613,-7.38968],[112.00634,-7.39003],[112.00688,-7.39121],[112.00707,-7.3915],[112.00748,-7.392],[112.00801,-7.39256],[112.00887,-7.39344],[112.00906,-7.39366],[112.00921,-7.39391],[112.00933,-7.39436],[112.00935,-7.39474],[112.00921,-7.39549],[112.0091,-7.39596],[112.00888,-7.39648],[112.00868,-7.39704],[112.00855,-7.39748],[112.00845,-7.39806],[112.00841,-7.39883],[112.00835,-7.39934],[112.00827,-7.39972],[112.00799,-7.40051],[112.00784,-7.40077],[112.00766,-7.4013],[112.00775,-7.40185],[112.00752,-7.40271],[112.00645,-7.40434],[112.00765,-7.404705],[112.008125,-7.40489],[112.00862,-7.40511],[112.009065,-7.40523],[112.010865,-7.405385],[112.011535,-7.40547],[112.012495,-7.405715],[112.013175,-7.405945],[112.015295,-7.406725],[112.01593,-7.406975],[112.016435,-7.40715],[112.01693,-7.40736],[112.017655,-7.407805],[112.018165,-7.40833],[112.01831,-7.408545],[112.0185,-7.409225],[112.01861,-7.409475],[112.0189,-7.40985],[112.019655,-7.409835],[112.01992,-7.40925],[112.020025,-7.408765],[112.02027,-7.40812],[112.020355,-7.407585],[112.02033,-7.406485],[112.020155,-7.405785],[112.020235,-7.40531],[112.020185,-7.40441],[112.02046,-7.40385],[112.02053,-7.40351],[112.020615,-7.40239],[112.0206,-7.402285],[112.02002,-7.401885],[112.01995,-7.401765],[112.02001,-7.401135],[112.02011,-7.40077],[112.02024,-7.39991],[112.020425,-7.39975],[112.021025,-7.399425],[112.02143,-7.39936],[112.021745,-7.39927],[112.02202,-7.39904],[112.0225,-7.39852],[112.02259,-7.39797],[112.02294,-7.39761],[112.02302,-7.397405],[112.022995,-7.397025],[112.023095,-7.39658],[112.023085,-7.396315],[112.023535,-7.396135],[112.024185,-7.395595],[112.024405,-7.39564],[112.02456,-7.395885],[112.024705,-7.395995],[112.02533,-7.396195],[112.02552,-7.39665],[112.02571,-7.396815],[112.025885,-7.39687],[112.026925,-7.39689],[112.027555,-7.39683],[112.027755,-7.39688],[112.02817,-7.39707],[112.0282,-7.397175],[112.0282,-7.39834],[112.02849,-7.398835],[112.028885,-7.39905],[112.02929,-7.39903],[112.029595,-7.399645],[112.029785,-7.400175],[112.029885,-7.40021],[112.030265,-7.40018],[112.030495,-7.40012],[112.03147,-7.39973],[112.031715,-7.399765],[112.031905,-7.3999],[112.03237,-7.400325],[112.032685,-7.40052],[112.03319,-7.40074],[112.03364,-7.400675],[112.03396,-7.40073],[112.03412,-7.400855],[112.034355,-7.40115],[112.03456,-7.401485],[112.03472,-7.40161],[112.03518,-7.40184],[112.03536,-7.401835],[112.036215,-7.40144],[112.03676,-7.40134],[112.036925,-7.401225],[112.0371,-7.40101],[112.03729,-7.400695],[112.03769,-7.40075],[112.03832,-7.40104],[112.03856,-7.40117],[112.038775,-7.40121],[112.0394,-7.401135],[112.040175,-7.401345],[112.040695,-7.401385],[112.040865,-7.40136],[112.041175,-7.40114],[112.04175,-7.40079],[112.041945,-7.40073],[112.04238,-7.400735],[112.04335,-7.40063],[112.04357,-7.400315],[112.04396,-7.40009],[112.044405,-7.400055],[112.04497,-7.400095],[112.04526,-7.3997],[112.04557,-7.39953],[112.046015,-7.399495],[112.0466,-7.399525],[112.0474,-7.399645],[112.047715,-7.39966],[112.048005,-7.399515],[112.048065,-7.399145],[112.04809,-7.398605],[112.047705,-7.3973],[112.047485,-7.39683],[112.047125,-7.396585],[112.046525,-7.396215],[112.046335,-7.39595],[112.046325,-7.395725],[112.04641,-7.395445],[112.04645,-7.394815],[112.04632,-7.39382],[112.04719,-7.39416],[112.04767,-7.394125],[112.04815,-7.393715],[112.04833,-7.39376],[112.0484,-7.393865],[112.048425,-7.394115],[112.048605,-7.394345],[112.04875,-7.394435],[112.04901,-7.39448],[112.04937,-7.394435],[112.049665,-7.394275],[112.05004,-7.39412],[112.05053,-7.39416],[112.05108,-7.39414],[112.051925,-7.394015],[112.052755,-7.39429],[112.05319,-7.394525],[112.053635,-7.394695],[112.054525,-7.395095],[112.054995,-7.39536],[112.05606,-7.39582],[112.05651,-7.39594],[112.05697,-7.396],[112.057505,-7.39603],[112.058615,-7.39603],[112.05909,-7.396005],[112.059725,-7.396005],[112.06067,-7.39587],[112.06102,-7.39579],[112.061775,-7.3957],[112.062265,-7.39569],[112.06269,-7.395805],[112.06296,-7.395795],[112.063585,-7.39569],[112.064085,-7.3955],[112.06437,-7.39544],[112.06476,-7.395505],[112.06546,-7.39586],[112.066735,-7.396605],[112.06723,-7.396815],[112.067665,-7.39692],[112.06859,-7.39702],[112.06929,-7.397015],[112.069845,-7.396595],[112.06964,-7.396225],[112.069595,-7.39607],[112.06984,-7.395695],[112.06997,-7.39534],[112.07019,-7.394975],[112.070335,-7.394605],[112.07042,-7.393765],[112.070755,-7.393255],[112.071165,-7.392425],[112.07128,-7.39135],[112.071435,-7.39115],[112.071755,-7.39093],[112.07193,-7.390875],[112.07276,-7.39103],[112.072965,-7.390875],[112.073205,-7.39016],[112.073355,-7.389365],[112.0735,-7.3891],[112.073685,-7.388935],[112.074295,-7.38855],[112.075265,-7.388085],[112.0754,-7.38792],[112.07544,-7.387755],[112.075425,-7.387255],[112.075685,-7.386875],[112.075655,-7.386445],[112.075515,-7.385965],[112.075415,-7.385335],[112.075385,-7.38496],[112.07547,-7.384265],[112.075605,-7.383955],[112.07572,-7.383875],[112.07612,-7.38376],[112.076475,-7.38373],[112.076765,-7.383775],[112.07728,-7.38409],[112.07762,-7.384175],[112.078385,-7.38406],[112.07869,-7.38411],[112.07917,-7.384095],[112.07998,-7.384015],[112.080155,-7.383975],[112.08036,-7.38382],[112.080545,-7.38354],[112.080675,-7.383245],[112.080865,-7.38293],[112.08103,-7.38274],[112.08153,-7.382555],[112.08177,-7.3821],[112.08213,-7.38103],[112.08236,-7.380695],[112.082855,-7.38022],[112.08346,-7.3798],[112.083605,-7.379565],[112.083975,-7.3788],[112.0842,-7.378615],[112.08481,-7.37853],[112.084945,-7.378345],[112.085,-7.37811],[112.085005,-7.377805],[112.08484,-7.377185],[112.084845,-7.376955],[112.085035,-7.376715],[112.08571,-7.376265],[112.085985,-7.376045],[112.08612,-7.37578],[112.086135,-7.37532],[112.086235,-7.3751],[112.086565,-7.374505],[112.08663,-7.374115],[112.086615,-7.373945],[112.08651,-7.37382],[112.08535,-7.372955],[112.085265,-7.372705],[112.08526,-7.372385],[112.08536,-7.37199],[112.085825,-7.37139],[112.08597,-7.370975],[112.086405,-7.370295],[112.086295,-7.36996],[112.086005,-7.36951],[112.08609,-7.36925],[112.08626,-7.369145],[112.08661,-7.369005],[112.086885,-7.36897],[112.08721,-7.369005],[112.08766,-7.369155],[112.08787,-7.369135],[112.087995,-7.369055],[112.088175,-7.36868],[112.08827,-7.368635],[112.089335,-7.36849],[112.08912,-7.36794],[112.089065,-7.367435],[112.08892,-7.366885],[112.08899,-7.36677],[112.08938,-7.36644],[112.08947,-7.36581],[112.08905,-7.365495],[112.08885,-7.365225],[112.088835,-7.365025],[112.088675,-7.36477],[112.088575,-7.364415],[112.08882,-7.3641],[112.088745,-7.36377],[112.08844,-7.36364],[112.087965,-7.363545],[112.087915,-7.363365],[112.088005,-7.362815],[112.08811,-7.36256],[112.088235,-7.3624],[112.08845,-7.362235],[112.089155,-7.36187],[112.089355,-7.36153],[112.0893,-7.361135],[112.08869,-7.36054],[112.08864,-7.360365],[112.088625,-7.359965],[112.088935,-7.3594],[112.088935,-7.358665],[112.089005,-7.358475],[112.0885,-7.357875],[112.087615,-7.357915],[112.087205,-7.357915],[112.08644,-7.358105],[112.08609,-7.358],[112.08584,-7.357385],[112.085585,-7.357185],[112.084815,-7.356735],[112.084455,-7.356625],[112.08442,-7.356275],[112.084455,-7.354995],[112.0847,-7.3547],[112.084785,-7.35434],[112.084855,-7.354325],[112.086,-7.35454],[112.0861,-7.354405],[112.08602,-7.35423],[112.08561,-7.35361],[112.085615,-7.353435],[112.08573,-7.353345],[112.0857,-7.353185],[112.085905,-7.352645],[112.08586,-7.352495],[112.08512,-7.352255],[112.08507,-7.352165],[112.085205,-7.35133],[112.085045,-7.35091],[112.08505,-7.35063],[112.085,-7.350295],[112.08477,-7.350175],[112.08454,-7.350215],[112.084265,-7.350425],[112.08409,-7.350245],[112.08402,-7.350015],[112.08354,-7.34998],[112.08342,-7.349905],[112.08338,-7.34967],[112.083595,-7.349125],[112.08351,-7.348925],[112.08297,-7.348815],[112.08288,-7.348695],[112.082765,-7.34804],[112.082575,-7.34787],[112.08207,-7.34804],[112.08172,-7.34808],[112.081635,-7.348035],[112.081605,-7.347505],[112.08148,-7.34735],[112.081315,-7.34725],[112.080645,-7.34698],[112.08008,-7.346895],[112.079835,-7.346785],[112.07984,-7.34667],[112.08001,-7.346465],[112.080015,-7.346335],[112.07992,-7.345775],[112.079665,-7.345735],[112.07934,-7.34589],[112.079155,-7.345715],[112.07892,-7.34502],[112.07855,-7.344665],[112.078055,-7.344325],[112.078095,-7.344195],[112.07846,-7.34414],[112.078645,-7.34377],[112.078605,-7.343705],[112.078255,-7.343555],[112.07808,-7.34328],[112.078215,-7.343005],[112.07782,-7.342435],[112.07763,-7.34204],[112.07759,-7.34181],[112.077425,-7.341505],[112.07753,-7.341025],[112.07749,-7.340855],[112.077215,-7.340835],[112.07669,-7.340965],[112.07662,-7.340605],[112.07691,-7.340045],[112.076835,-7.339695],[112.076675,-7.339535],[112.07627,-7.339285],[112.07628,-7.339065],[112.076895,-7.33884],[112.077025,-7.338465],[112.077025,-7.33801],[112.07696,-7.33786],[112.0766,-7.337475],[112.076585,-7.33736],[112.076715,-7.336995],[112.076745,-7.336625],[112.07641,-7.33651],[112.076005,-7.336505],[112.075785,-7.33645],[112.075685,-7.336355],[112.075415,-7.33565],[112.075075,-7.335295],[112.07469,-7.334645],[112.074555,-7.334145],[112.07443,-7.33397],[112.07376,-7.333595],[112.073455,-7.333445],[112.073255,-7.333445],[112.0729,-7.333685],[112.0727,-7.33366],[112.072565,-7.33347],[112.072565,-7.333255],[112.072745,-7.33284],[112.0729,-7.332125],[112.07341,-7.33047],[112.073885,-7.32937],[112.074295,-7.32894],[112.07447,-7.32884],[112.07461,-7.328675],[112.07453,-7.32825],[112.074365,-7.32803],[112.074455,-7.327335],[112.074165,-7.327125],[112.074165,-7.3269],[112.074485,-7.3264],[112.074845,-7.32609],[112.074935,-7.325805],[112.07479,-7.32551],[112.074835,-7.32525],[112.074965,-7.3251],[112.07572,-7.32483],[112.076025,-7.324875],[112.076095,-7.32496],[112.07615,-7.32527],[112.07633,-7.32537],[112.07649,-7.325235],[112.076635,-7.32501],[112.077005,-7.32457],[112.077615,-7.324255],[112.078115,-7.32437],[112.078325,-7.32418],[112.07834,-7.323985],[112.07827,-7.323685],[112.078195,-7.32359],[112.077835,-7.32345],[112.07765,-7.323175],[112.0774,-7.32292],[112.077615,-7.322595],[112.078055,-7.3224],[112.07827,-7.32221],[112.078355,-7.32204],[112.07827,-7.321675],[112.07795,-7.32126],[112.07788,-7.320985],[112.07792,-7.320855],[112.078355,-7.32075],[112.078425,-7.320595],[112.078545,-7.32003],[112.078505,-7.3198],[112.07805,-7.3194],[112.07788,-7.319285],[112.07772,-7.319075],[112.077585,-7.318715],[112.077605,-7.318495],[112.07778,-7.318125],[112.07762,-7.31774],[112.07772,-7.317],[112.07811,-7.31642],[112.077955,-7.31615],[112.077775,-7.31604],[112.0772,-7.315795],[112.07705,-7.315675],[112.07688,-7.315445],[112.0765,-7.314745],[112.076685,-7.314495],[112.07752,-7.31398],[112.07746,-7.31378],[112.077155,-7.313555],[112.07707,-7.313385],[112.077265,-7.313205],[112.0774,-7.313235],[112.078085,-7.31368],[112.07833,-7.313745],[112.078605,-7.31373],[112.07885,-7.31366],[112.079565,-7.31355],[112.079725,-7.313435],[112.080095,-7.3127],[112.08046,-7.312475],[112.080675,-7.312245],[112.080665,-7.312],[112.080435,-7.311355],[112.08046,-7.31121],[112.08074,-7.310945],[112.08075,-7.31083],[112.08066,-7.31038],[112.08072,-7.31023],[112.08124,-7.309885],[112.081385,-7.30964],[112.081705,-7.3095],[112.082275,-7.3096],[112.082375,-7.309525],[112.082305,-7.3093],[112.081755,-7.30895],[112.081825,-7.30876],[112.082525,-7.30866],[112.08261,-7.30854],[112.08277,-7.30806],[112.082975,-7.307565],[112.08281,-7.30691],[112.082955,-7.30667],[112.083275,-7.306625],[112.08406,-7.305695],[112.084365,-7.30569],[112.084595,-7.30582],[112.08481,-7.306025],[112.084925,-7.30621],[112.084945,-7.30638],[112.08487,-7.306925],[112.08452,-7.30729],[112.08464,-7.30745],[112.08518,-7.30751],[112.085585,-7.307765],[112.08581,-7.307825],[112.086525,-7.30752],[112.08722,-7.30719],[112.08782,-7.30684],[112.088335,-7.30664],[112.08873,-7.306165],[112.08876,-7.30584],[112.088655,-7.30531],[112.088775,-7.305125],[112.089395,-7.305065],[112.089645,-7.304935],[112.089775,-7.30478],[112.089905,-7.30445],[112.090025,-7.303995],[112.089945,-7.30383],[112.089615,-7.303445],[112.08935,-7.303465],[112.089135,-7.30362],[112.088945,-7.303695],[112.08864,-7.303735],[112.088045,-7.3037],[112.08773,-7.30358],[112.087595,-7.303425],[112.087275,-7.30294],[112.08722,-7.30262],[112.08732,-7.302265],[112.087455,-7.302095],[112.088165,-7.301615],[112.08824,-7.301475],[112.088175,-7.300985],[112.08824,-7.300865],[112.088615,-7.300615],[112.088845,-7.300385],[112.088915,-7.300175],[112.088785,-7.299815],[112.08885,-7.299585],[112.08898,-7.29939],[112.0895,-7.29921],[112.08986,-7.2988],[112.09002,-7.298395],[112.09002,-7.298075],[112.08995,-7.297875],[112.089815,-7.297665],[112.089645,-7.297285],[112.08953,-7.297195],[112.089065,-7.297125],[112.08905,-7.296835],[112.089135,-7.296635],[112.08964,-7.295965],[112.08956,-7.295625],[112.08938,-7.29544],[112.0887,-7.29496],[112.088525,-7.29481],[112.088365,-7.2946],[112.088355,-7.294495],[112.088465,-7.294],[112.088675,-7.293665],[112.088615,-7.293355],[112.08847,-7.293265],[112.088265,-7.29292],[112.088045,-7.292775],[112.087385,-7.292915],[112.08715,-7.2927],[112.087235,-7.29228],[112.087235,-7.291985],[112.087335,-7.291275],[112.08747,-7.29066],[112.08731,-7.290375],[112.08703,-7.290245],[112.08639,-7.290095],[112.085845,-7.28987],[112.085485,-7.289745],[112.08532,-7.289615],[112.085215,-7.289435],[112.08539,-7.28879],[112.08531,-7.2884],[112.08545,-7.287925],[112.08558,-7.287835],[112.085875,-7.28786],[112.08621,-7.288345],[112.08639,-7.288705],[112.086565,-7.288895],[112.08684,-7.288855],[112.08713,-7.28866],[112.087495,-7.28799],[112.087455,-7.28732],[112.08767,-7.28708],[112.08812,-7.286965],[112.08832,-7.28704],[112.08869,-7.28732],[112.088915,-7.287185],[112.089025,-7.28699],[112.08908,-7.28654],[112.089075,-7.286115],[112.089005,-7.28597],[112.088735,-7.285875],[112.08831,-7.28592],[112.08811,-7.286],[112.087915,-7.285945],[112.087845,-7.285835],[112.08782,-7.28545],[112.08751,-7.285235],[112.08696,-7.28518],[112.086485,-7.284665],[112.086265,-7.2845],[112.0861,-7.284275],[112.086135,-7.284115],[112.08631,-7.283895],[112.086175,-7.28354],[112.08594,-7.28358],[112.08531,-7.28356],[112.0849,-7.28358],[112.08337,-7.28344],[112.08244,-7.28326],[112.08022,-7.28304],[112.0798,-7.28295],[112.07952,-7.28283],[112.07949,-7.282105],[112.07954,-7.28182],[112.079275,-7.281785],[112.07921,-7.281395],[112.079385,-7.28133],[112.079505,-7.281165],[112.079555,-7.28046],[112.07925,-7.280335],[112.079445,-7.279815],[112.079345,-7.27969],[112.0794,-7.27932],[112.07995,-7.278875],[112.079875,-7.27879],[112.07997,-7.278445],[112.07999,-7.27818],[112.08007,-7.2781],[112.080295,-7.27744],[112.08024,-7.277175],[112.08034,-7.276955],[112.08108,-7.276995],[112.08108,-7.2767],[112.08137,-7.276735],[112.08148,-7.27605],[112.081145,-7.275725],[112.08075,-7.275555],[112.080735,-7.275425],[112.080805,-7.275025],[112.08077,-7.274725],[112.080605,-7.274465],[112.08065,-7.274315],[112.080895,-7.274195],[112.08089,-7.27368],[112.08105,-7.273485],[112.08128,-7.27341],[112.081565,-7.273425],[112.081745,-7.273335],[112.081935,-7.27314],[112.082055,-7.27282],[112.082135,-7.27272],[112.082135,-7.27245],[112.08227,-7.272215],[112.082375,-7.271885],[112.082585,-7.27194],[112.08272,-7.27189],[112.08301,-7.27154],[112.0829,-7.27147],[112.08287,-7.271215],[112.08245,-7.27136],[112.08258,-7.27091],[112.08256,-7.27061],[112.08244,-7.27001],[112.0821,-7.26951],[112.08163,-7.26923],[112.08099,-7.26913],[112.08017,-7.2691],[112.0795,-7.26901],[112.079155,-7.268905],[112.079405,-7.26848],[112.07954,-7.268115],[112.078875,-7.26785],[112.078035,-7.267465],[112.07785,-7.267765],[112.07764,-7.267655],[112.07741,-7.26807],[112.0768,-7.26774],[112.07684,-7.267635],[112.0764,-7.267485],[112.076085,-7.267415],[112.07601,-7.267605],[112.075485,-7.26743],[112.075515,-7.267175],[112.07499,-7.267005],[112.075,-7.266895],[112.074145,-7.26664],[112.073595,-7.26646],[112.07337,-7.26648],[112.07277,-7.2663],[112.072655,-7.266395],[112.07211,-7.266185],[112.07147,-7.265895],[112.071055,-7.265705],[112.071065,-7.26554],[112.070925,-7.265185],[112.07057,-7.26503],[112.070435,-7.264895],[112.0703,-7.264915],[112.06975,-7.26475],[112.069645,-7.265175],[112.06974,-7.265205],[112.069595,-7.265485],[112.068945,-7.26533],[112.068485,-7.26519],[112.06831,-7.265165],[112.068445,-7.264835],[112.068495,-7.26451],[112.06805,-7.26421],[112.06793,-7.26406],[112.06773,-7.26408],[112.06769,-7.26388],[112.067555,-7.263835],[112.067215,-7.263465],[112.067055,-7.263125],[112.066775,-7.263195],[112.066265,-7.263005],[112.066205,-7.263115],[112.065675,-7.262985],[112.065625,-7.262905],[112.065155,-7.262635],[112.0646,-7.262385],[112.064555,-7.262515],[112.06369,-7.262425],[112.063645,-7.262255],[112.063335,-7.26224],[112.06317,-7.261785],[112.06326,-7.261455],[112.063225,-7.261085],[112.06323,-7.26076],[112.063325,-7.260205],[112.06324,-7.259865],[112.06336,-7.25948],[112.063385,-7.25897],[112.06327,-7.258915],[112.063325,-7.258385],[112.06353,-7.25738],[112.06276,-7.25694],[112.0621,-7.25675],[112.06104,-7.25664],[112.06059,-7.25652],[112.059965,-7.25626],[112.060255,-7.255105],[112.060375,-7.254095],[112.06054,-7.253295],[112.060805,-7.253335],[112.06103,-7.252975],[112.060935,-7.252715],[112.061055,-7.252345],[112.06153,-7.2525],[112.06171,-7.25174],[112.061615,-7.251655],[112.06166,-7.251205],[112.06121,-7.251085],[112.061195,-7.25044],[112.06115,-7.25036],[112.061385,-7.249195],[112.061635,-7.248715],[112.061505,-7.248585],[112.06079,-7.248505],[112.060315,-7.24829],[112.060005,-7.248335],[112.059755,-7.248455],[112.059545,-7.248455],[112.05934,-7.2483],[112.05914,-7.248265],[112.05891,-7.2483],[112.0584,-7.248255],[112.05826,-7.24841],[112.05815,-7.2491],[112.05758,-7.249],[112.057425,-7.24917],[112.05732,-7.249405],[112.057045,-7.24968],[112.057035,-7.249885],[112.057105,-7.250085],[112.05689,-7.250715],[112.05626,-7.25197],[112.05551,-7.2514],[112.05504,-7.25109],[112.05463,-7.25078],[112.0543,-7.25039],[112.05416,-7.25017],[112.05385,-7.2499],[112.05363,-7.24986],[112.05127,-7.24963],[112.05016,-7.24948],[112.05002,-7.24942],[112.049,-7.24935],[112.04852,-7.24929],[112.04812,-7.2491],[112.04785,-7.24892],[112.04746,-7.2488],[112.04665,-7.24841],[112.04588,-7.24813],[112.04546,-7.24794],[112.04497,-7.24755],[112.04458,-7.24731],[112.04426,-7.24705],[112.04402,-7.24677],[112.0438,-7.24645],[112.04348,-7.24618],[112.04321,-7.246],[112.04205,-7.246],[112.04143,-7.24609],[112.04094,-7.246],[112.04067,-7.24583],[112.0405,-7.24565],[112.04014,-7.24503],[112.03962,-7.24451],[112.03911,-7.24406],[112.03884,-7.24376],[112.03826,-7.24329],[112.03765,-7.24301],[112.03708,-7.24281],[112.03588,-7.24286],[112.03514,-7.24271],[112.03425,-7.24255],[112.03375,-7.24253],[112.03311,-7.24242],[112.03172,-7.24163],[112.03164,-7.2419],[112.0318,-7.24224],[112.03167,-7.24262],[112.0317,-7.24273],[112.03203,-7.24325],[112.03201,-7.24344],[112.03187,-7.24396],[112.03191,-7.2441],[112.03213,-7.24435],[112.03246,-7.24463],[112.03253,-7.24462],[112.03282,-7.2448],[112.03291,-7.24492],[112.03294,-7.24525],[112.0327,-7.24562],[112.03278,-7.2459],[112.03326,-7.24601],[112.03336,-7.24613],[112.03338,-7.2463],[112.0333,-7.24642],[112.03314,-7.24648],[112.03287,-7.24648],[112.03248,-7.24671],[112.032285,-7.247115],[112.032405,-7.24757],[112.03215,-7.24807],[112.032155,-7.24837],[112.03252,-7.2488],[112.03274,-7.249115],[112.03274,-7.249395],[112.032675,-7.249485],[112.032275,-7.24969],[112.032185,-7.24992],[112.032155,-7.25019],[112.032205,-7.25037],[112.032345,-7.250535],[112.032715,-7.25083],[112.03281,-7.251005],[112.03288,-7.25133],[112.0333,-7.251535],[112.03341,-7.251665],[112.03351,-7.251935],[112.033475,-7.25231],[112.033285,-7.25265],[112.03331,-7.2529],[112.033645,-7.253055],[112.033775,-7.253175],[112.033785,-7.25344],[112.03351,-7.25369],[112.03349,-7.25383],[112.03356,-7.25401],[112.033855,-7.254305],[112.034225,-7.254495],[112.03438,-7.254675],[112.03449,-7.25521],[112.03414,-7.255075],[112.033875,-7.255175],[112.03371,-7.255315],[112.03339,-7.255475],[112.03304,-7.25571],[112.03302,-7.25591],[112.03315,-7.256175],[112.03319,-7.256585],[112.03309,-7.256895],[112.032955,-7.256935],[112.032325,-7.257035],[112.032215,-7.25683],[112.032165,-7.256585],[112.031985,-7.25642],[112.031765,-7.25635],[112.03167,-7.256445],[112.03148,-7.256845],[112.031185,-7.256965],[112.0311,-7.257215],[112.03097,-7.25742],[112.03018,-7.25821],[112.02976,-7.25793],[112.02928,-7.25861],[112.02886,-7.25879],[112.02803,-7.25905],[112.02736,-7.25956],[112.02715,-7.25984],[112.02701,-7.2601],[112.026815,-7.260675],[112.026565,-7.2617],[112.02616,-7.2628],[112.025985,-7.263135],[112.02574,-7.264475],[112.025565,-7.26561],[112.025285,-7.266445],[112.02443,-7.26635],[112.02306,-7.26628],[112.022845,-7.266295],[112.021905,-7.266475],[112.021865,-7.26595],[112.021975,-7.2655],[112.022,-7.265165],[112.02143,-7.26516],[112.020995,-7.26507],[112.020495,-7.26507],[112.020455,-7.265165],[112.019895,-7.26504],[112.019865,-7.26527],[112.01973,-7.265385],[112.019505,-7.265425],[112.019125,-7.265405],[112.01823,-7.265025],[112.018325,-7.264585],[112.018285,-7.2639],[112.01777,-7.26375],[112.017655,-7.263595],[112.01781,-7.263045],[112.017815,-7.26274],[112.017515,-7.262595],[112.0168,-7.262355],[112.016,-7.262155],[112.015375,-7.262155],[112.0149,-7.26201],[112.01459,-7.26184],[112.013945,-7.261655],[112.01351,-7.26146],[112.013505,-7.261345],[112.013275,-7.261205],[112.01338,-7.26103],[112.01343,-7.26061],[112.01413,-7.25908],[112.013685,-7.258875],[112.01373,-7.258685],[112.014015,-7.2579],[112.013135,-7.25745],[112.0127,-7.257115],[112.01222,-7.25685],[112.011365,-7.256505],[112.00875,-7.25542],[112.00826,-7.25519],[112.0079,-7.255205],[112.008005,-7.254835],[112.008185,-7.25445],[112.00863,-7.253675],[112.00869,-7.25332],[112.008095,-7.25314],[112.00762,-7.25284],[112.007295,-7.25284],[112.00699,-7.253495],[112.00681,-7.25346],[112.00642,-7.254315],[112.005775,-7.25403],[112.004345,-7.253315],[112.00426,-7.252585],[112.00408,-7.252345],[112.004045,-7.252105],[112.00447,-7.250995],[112.004605,-7.25048],[112.00493,-7.25016],[112.00513,-7.24967],[112.005225,-7.249365],[112.00601,-7.24951],[112.00643,-7.249455],[112.006615,-7.24899],[112.005415,-7.248505],[112.005415,-7.248295],[112.00517,-7.24819],[112.00487,-7.247495],[112.005655,-7.24778],[112.00575,-7.247485],[112.005645,-7.24742],[112.005895,-7.246725],[112.00425,-7.246145],[112.004035,-7.245655],[112.004385,-7.244725],[112.004535,-7.243895],[112.00464,-7.24346],[112.00463,-7.24324],[112.004535,-7.24317],[112.00425,-7.243115],[112.0036,-7.24284],[112.003785,-7.24219],[112.004215,-7.241115],[112.004085,-7.24107],[112.003905,-7.24081],[112.003965,-7.24007],[112.003775,-7.239975],[112.00393,-7.239475],[112.0027,-7.23921],[112.00238,-7.23903],[112.00188,-7.23895],[112.00064,-7.23893],[112,-7.23904],[111.99948,-7.23899],[111.99846,-7.23884],[111.99751,-7.23868],[111.99612,-7.23857],[111.993845,-7.23828],[111.993855,-7.238135],[111.993555,-7.237955],[111.99359,-7.237735],[111.99323,-7.237645],[111.993155,-7.237735],[111.992925,-7.237635],[111.992975,-7.23748],[111.99276,-7.23742],[111.99268,-7.237615],[111.992405,-7.2375],[111.99234,-7.23765],[111.99262,-7.23778],[111.992425,-7.23842],[111.99227,-7.23863],[111.99176,-7.23852],[111.991605,-7.23852],[111.99164,-7.23833],[111.991445,-7.23817],[111.991255,-7.238115],[111.99121,-7.23802],[111.99129,-7.23765],[111.99129,-7.237455],[111.99117,-7.23735],[111.991125,-7.23768],[111.991115,-7.238275],[111.99084,-7.23805],[111.99086,-7.23745],[111.99094,-7.23678],[111.990485,-7.2367],[111.989935,-7.23656],[111.98909,-7.2373],[111.988295,-7.23804],[111.987515,-7.23882],[111.98719,-7.23922],[111.98683,-7.24098],[111.98627,-7.24231],[111.98578,-7.24272],[111.98551,-7.24286],[111.985315,-7.242745],[111.984595,-7.242555],[111.984485,-7.24244],[111.98447,-7.242225],[111.984145,-7.24179],[111.983885,-7.241605],[111.98389,-7.241435],[111.984115,-7.241185],[111.98401,-7.241005],[111.98376,-7.24102],[111.983315,-7.241125],[111.982885,-7.241105],[111.982335,-7.24123]]]}},{"type":"Feature","properties":{"nama":"Kepohbaru"},"geometry":{"type":"Polygon","coordinates":[[[112.050605,-7.16015],[112.050785,-7.160675],[112.05116,-7.161555],[112.051265,-7.161935],[112.05139,-7.1622],[112.05168,-7.16301],[112.052155,-7.16419],[112.052315,-7.164525],[112.05241,-7.164805],[112.05249,-7.16518],[112.05228,-7.16714],[112.05182,-7.16876],[112.05181,-7.16913],[112.05188,-7.16953],[112.05221,-7.17036],[112.05233,-7.17054],[112.0524,-7.17088],[112.05221,-7.17129],[112.0522,-7.17172],[112.05194,-7.17211],[112.05187,-7.17236],[112.051825,-7.17282],[112.051985,-7.17297],[112.052285,-7.172975],[112.052765,-7.17282],[112.05293,-7.172865],[112.05291,-7.17314],[112.05296,-7.17335],[112.053095,-7.173395],[112.053455,-7.173355],[112.05366,-7.173415],[112.053615,-7.173635],[112.05344,-7.173915],[112.053365,-7.17425],[112.05338,-7.174555],[112.053245,-7.17498],[112.05252,-7.174905],[112.051985,-7.17476],[112.05175,-7.17481],[112.05166,-7.17624],[112.05153,-7.17703],[112.05163,-7.17746],[112.05196,-7.17825],[112.05197,-7.17867],[112.05175,-7.17962],[112.0513,-7.1803],[112.05119,-7.18066],[112.05105,-7.1813],[112.05105,-7.18165],[112.051165,-7.18233],[112.051135,-7.18252],[112.050755,-7.18349],[112.05063,-7.18404],[112.050125,-7.184575],[112.0497,-7.185125],[112.049535,-7.185175],[112.049435,-7.185425],[112.04954,-7.18564],[112.04974,-7.18577],[112.05016,-7.185755],[112.05042,-7.1858],[112.050615,-7.185935],[112.051265,-7.185065],[112.051745,-7.184595],[112.05196,-7.184035],[112.05227,-7.1841],[112.052295,-7.18425],[112.05247,-7.18426],[112.05265,-7.184375],[112.053065,-7.184475],[112.053435,-7.184455],[112.05359,-7.18439],[112.053735,-7.18419],[112.05402,-7.18424],[112.054685,-7.184],[112.054745,-7.183795],[112.05507,-7.18343],[112.05517,-7.183215],[112.05582,-7.18341],[112.055785,-7.183505],[112.05653,-7.18374],[112.057375,-7.18393],[112.05745,-7.184015],[112.057675,-7.183825],[112.05784,-7.1835],[112.058055,-7.183465],[112.058195,-7.18361],[112.05819,-7.183945],[112.05809,-7.18436],[112.05808,-7.18481],[112.05835,-7.18509],[112.05847,-7.18533],[112.05858,-7.18537],[112.059,-7.18534],[112.05911,-7.18557],[112.05897,-7.18596],[112.05912,-7.18644],[112.05906,-7.18677],[112.05916,-7.18708],[112.05915,-7.18728],[112.05934,-7.18769],[112.05973,-7.18797],[112.06035,-7.18851],[112.06045,-7.18871],[112.06048,-7.189],[112.06066,-7.18905],[112.06137,-7.18938],[112.06149,-7.18938],[112.06195,-7.18921],[112.06269,-7.18927],[112.06356,-7.1893],[112.06378,-7.18964],[112.06428,-7.18982],[112.0647,-7.18986],[112.06509,-7.18985],[112.0656,-7.19007],[112.06574,-7.19035],[112.06585,-7.19043],[112.06614,-7.19051],[112.06628,-7.19068],[112.06626,-7.19092],[112.0663,-7.19152],[112.06649,-7.19214],[112.06655,-7.19283],[112.06646,-7.19322],[112.06648,-7.19378],[112.0666,-7.19478],[112.06662,-7.19515],[112.06652,-7.1959],[112.0664,-7.19604],[112.06633,-7.19635],[112.06645,-7.19739],[112.06641,-7.19764],[112.0664,-7.19834],[112.06633,-7.19855],[112.0662,-7.19918],[112.06612,-7.19943],[112.06609,-7.19972],[112.06613,-7.20008],[112.0661,-7.20052],[112.06603,-7.20102],[112.06574,-7.20197],[112.06574,-7.20225],[112.06606,-7.2031],[112.06633,-7.20346],[112.0665,-7.20375],[112.06684,-7.20412],[112.0676,-7.20394],[112.06826,-7.20418],[112.06844,-7.20429],[112.06879,-7.20442],[112.06902,-7.20478],[112.06899,-7.20517],[112.06887,-7.20538],[112.068895,-7.20556],[112.068815,-7.20575],[112.068615,-7.206065],[112.06873,-7.20648],[112.068645,-7.2067],[112.06856,-7.207135],[112.068385,-7.20771],[112.06885,-7.20805],[112.06928,-7.20846],[112.06945,-7.20866],[112.06917,-7.20891],[112.06877,-7.20988],[112.06862,-7.21045],[112.06855,-7.21082],[112.06846,-7.21108],[112.06818,-7.21253],[112.0681,-7.21334],[112.06794,-7.21458],[112.06797,-7.21535],[112.06787,-7.21622],[112.06786,-7.21671],[112.0678,-7.21771],[112.06758,-7.21894],[112.06742,-7.2195],[112.06712,-7.21991],[112.06689,-7.22016],[112.06671,-7.22047],[112.06654,-7.22085],[112.06616,-7.22197],[112.06617,-7.22237],[112.0661,-7.22312],[112.06627,-7.22384],[112.06632,-7.22423],[112.0665,-7.22505],[112.06654,-7.22574],[112.06649,-7.22594],[112.06624,-7.22636],[112.06588,-7.22669],[112.06562,-7.22698],[112.06517,-7.22741],[112.06506,-7.22763],[112.06489,-7.22905],[112.06501,-7.22971],[112.06532,-7.23025],[112.0651,-7.231155],[112.065055,-7.231915],[112.065315,-7.233035],[112.065415,-7.233265],[112.065185,-7.23438],[112.065785,-7.23458],[112.0657,-7.23498],[112.065655,-7.23618],[112.066535,-7.236425],[112.06658,-7.23663],[112.06759,-7.23693],[112.06866,-7.237285],[112.069405,-7.237375],[112.069975,-7.23742],[112.070455,-7.237535],[112.07059,-7.23769],[112.0708,-7.2382],[112.07091,-7.23838],[112.071,-7.23882],[112.07098,-7.239825],[112.0708,-7.24018],[112.07065,-7.240715],[112.070385,-7.241255],[112.070265,-7.24164],[112.06985,-7.242385],[112.06955,-7.24283],[112.069485,-7.24306],[112.068935,-7.243895],[112.06922,-7.244165],[112.06886,-7.244525],[112.06825,-7.24523],[112.06808,-7.24567],[112.068365,-7.24582],[112.06848,-7.245955],[112.06848,-7.246275],[112.067965,-7.247745],[112.06789,-7.24858],[112.067775,-7.249055],[112.06783,-7.24959],[112.067775,-7.24999],[112.067635,-7.25016],[112.06757,-7.25047],[112.067545,-7.25096],[112.067815,-7.251265],[112.06787,-7.251665],[112.06787,-7.252445],[112.067755,-7.25309],[112.067845,-7.253525],[112.0683,-7.253745],[112.06857,-7.2541],[112.06863,-7.25431],[112.06887,-7.254725],[112.068925,-7.25565],[112.068925,-7.256275],[112.069285,-7.2566],[112.069405,-7.257045],[112.06973,-7.25755],[112.06973,-7.25782],[112.06946,-7.258235],[112.069375,-7.25891],[112.069585,-7.25937],[112.069875,-7.2598],[112.06991,-7.26023],[112.070085,-7.26055],[112.07016,-7.261085],[112.06998,-7.26162],[112.06991,-7.26219],[112.070085,-7.26269],[112.070515,-7.263085],[112.07105,-7.26344],[112.07116,-7.263975],[112.07116,-7.264725],[112.07147,-7.265895],[112.07211,-7.266185],[112.072655,-7.266395],[112.07277,-7.2663],[112.07337,-7.26648],[112.073595,-7.26646],[112.074145,-7.26664],[112.075,-7.266895],[112.07499,-7.267005],[112.075515,-7.267175],[112.075485,-7.26743],[112.07601,-7.267605],[112.076085,-7.267415],[112.0764,-7.267485],[112.07684,-7.267635],[112.0768,-7.26774],[112.07741,-7.26807],[112.07764,-7.267655],[112.07785,-7.267765],[112.078035,-7.267465],[112.078875,-7.26785],[112.07954,-7.268115],[112.079405,-7.26848],[112.079155,-7.268905],[112.0795,-7.26901],[112.08017,-7.2691],[112.08099,-7.26913],[112.08163,-7.26923],[112.0821,-7.26951],[112.08244,-7.27001],[112.08256,-7.27061],[112.08258,-7.27091],[112.08245,-7.27136],[112.08287,-7.271215],[112.0829,-7.27147],[112.08301,-7.27154],[112.08272,-7.27189],[112.082585,-7.27194],[112.082375,-7.271885],[112.08227,-7.272215],[112.082135,-7.27245],[112.082135,-7.27272],[112.082055,-7.27282],[112.081935,-7.27314],[112.081745,-7.273335],[112.081565,-7.273425],[112.08128,-7.27341],[112.08105,-7.273485],[112.08089,-7.27368],[112.080895,-7.274195],[112.08065,-7.274315],[112.080605,-7.274465],[112.08077,-7.274725],[112.080805,-7.275025],[112.080735,-7.275425],[112.08075,-7.275555],[112.081145,-7.275725],[112.08148,-7.27605],[112.08137,-7.276735],[112.08108,-7.2767],[112.08108,-7.276995],[112.08034,-7.276955],[112.08024,-7.277175],[112.080295,-7.27744],[112.08007,-7.2781],[112.07999,-7.27818],[112.07997,-7.278445],[112.079875,-7.27879],[112.07995,-7.278875],[112.0794,-7.27932],[112.079345,-7.27969],[112.079445,-7.279815],[112.07925,-7.280335],[112.079555,-7.28046],[112.079505,-7.281165],[112.079385,-7.28133],[112.07921,-7.281395],[112.079275,-7.281785],[112.07954,-7.28182],[112.07949,-7.282105],[112.07952,-7.28283],[112.0798,-7.28295],[112.08022,-7.28304],[112.08244,-7.28326],[112.08337,-7.28344],[112.0849,-7.28358],[112.08531,-7.28356],[112.08594,-7.28358],[112.086175,-7.28354],[112.086745,-7.28341],[112.08713,-7.283025],[112.08745,-7.282795],[112.088165,-7.28297],[112.08848,-7.28292],[112.08866,-7.282465],[112.0888,-7.282365],[112.0893,-7.282175],[112.08976,-7.28213],[112.09001,-7.282055],[112.09021,-7.28207],[112.090935,-7.282365],[112.091165,-7.282225],[112.09127,-7.28193],[112.0913,-7.281625],[112.09124,-7.281265],[112.09112,-7.28115],[112.090345,-7.28103],[112.090155,-7.280755],[112.09028,-7.280505],[112.090455,-7.280415],[112.090995,-7.28025],[112.09115,-7.28007],[112.09112,-7.279965],[112.09079,-7.279625],[112.090765,-7.27947],[112.090775,-7.27888],[112.09072,-7.27873],[112.09057,-7.278615],[112.09022,-7.27852],[112.090105,-7.27828],[112.090285,-7.2779],[112.09044,-7.27774],[112.090805,-7.27752],[112.09095,-7.27748],[112.09136,-7.27764],[112.091635,-7.277385],[112.091775,-7.27645],[112.091635,-7.27609],[112.09133,-7.27552],[112.09133,-7.274345],[112.091425,-7.27421],[112.091635,-7.2741],[112.09223,-7.273985],[112.09276,-7.27377],[112.09302,-7.273405],[112.09318,-7.27309],[112.093215,-7.27287],[112.092995,-7.27267],[112.092295,-7.272455],[112.09202,-7.27231],[112.09192,-7.272175],[112.09204,-7.271975],[112.092585,-7.27154],[112.09343,-7.270555],[112.09397,-7.2699],[112.09442,-7.269315],[112.094405,-7.26918],[112.093775,-7.268755],[112.09294,-7.268],[112.092635,-7.26774],[112.092505,-7.2672],[112.092325,-7.26683],[112.09205,-7.26666],[112.091325,-7.266875],[112.08979,-7.26724],[112.0896,-7.267255],[112.088785,-7.267165],[112.088035,-7.26703],[112.08769,-7.2671],[112.087465,-7.266895],[112.087335,-7.26639],[112.086905,-7.26585],[112.087015,-7.265645],[112.0875,-7.265405],[112.08761,-7.265155],[112.087545,-7.26506],[112.087135,-7.26483],[112.08687,-7.264525],[112.08689,-7.26416],[112.087455,-7.263565],[112.087385,-7.26343],[112.08702,-7.262985],[112.08696,-7.26274],[112.086905,-7.26224],[112.086615,-7.262255],[112.0857,-7.26242],[112.085305,-7.26242],[112.08523,-7.26234],[112.085035,-7.261775],[112.084585,-7.26071],[112.084345,-7.25958],[112.084405,-7.25944],[112.084725,-7.25911],[112.08489,-7.25872],[112.085215,-7.258315],[112.085335,-7.25763],[112.085295,-7.25713],[112.08516,-7.256985],[112.084565,-7.25663],[112.08431,-7.25635],[112.08407,-7.25586],[112.08394,-7.25535],[112.083825,-7.255135],[112.08393,-7.25496],[112.08412,-7.254995],[112.084555,-7.25523],[112.08481,-7.25527],[112.085085,-7.25522],[112.08532,-7.25483],[112.085485,-7.25475],[112.08651,-7.25452],[112.08664,-7.25435],[112.08632,-7.2539],[112.086295,-7.253695],[112.08648,-7.25356],[112.08693,-7.25354],[112.08718,-7.25364],[112.08763,-7.25397],[112.087835,-7.25387],[112.08803,-7.2533],[112.08809,-7.252975],[112.087595,-7.252105],[112.087485,-7.251885],[112.08732,-7.251725],[112.0867,-7.25126],[112.086525,-7.25071],[112.08631,-7.25063],[112.08603,-7.25075],[112.0856,-7.25079],[112.08525,-7.251095],[112.085085,-7.25104],[112.084785,-7.25084],[112.08449,-7.250745],[112.084235,-7.250605],[112.084005,-7.250355],[112.083855,-7.249935],[112.08415,-7.24946],[112.084295,-7.24939],[112.084685,-7.24932],[112.08526,-7.24929],[112.08535,-7.249165],[112.08568,-7.2485],[112.085715,-7.2481],[112.08568,-7.247895],[112.085405,-7.24762],[112.08539,-7.24744],[112.085715,-7.247415],[112.08605,-7.24762],[112.086405,-7.247415],[112.086845,-7.247305],[112.086905,-7.24715],[112.08686,-7.24685],[112.08676,-7.24661],[112.086485,-7.24611],[112.08655,-7.24584],[112.0869,-7.245265],[112.08673,-7.245025],[112.086495,-7.24492],[112.086035,-7.24483],[112.085795,-7.244815],[112.085665,-7.24471],[112.08564,-7.244405],[112.08573,-7.24424],[112.08615,-7.243915],[112.08634,-7.243955],[112.087005,-7.244395],[112.08709,-7.24434],[112.08713,-7.24405],[112.08702,-7.2434],[112.08692,-7.243285],[112.086425,-7.2432],[112.086495,-7.24283],[112.086975,-7.242505],[112.08696,-7.242285],[112.08671,-7.24223],[112.08641,-7.242355],[112.08564,-7.242865],[112.085535,-7.242845],[112.085,-7.24253],[112.084975,-7.242365],[112.085045,-7.242215],[112.085305,-7.24215],[112.085625,-7.242235],[112.085915,-7.242165],[112.086495,-7.24177],[112.086655,-7.24151],[112.0869,-7.241535],[112.08724,-7.24178],[112.08734,-7.241705],[112.087515,-7.241405],[112.0875,-7.24131],[112.08722,-7.2412],[112.08712,-7.241115],[112.087065,-7.240905],[112.08713,-7.240405],[112.08731,-7.24013],[112.087675,-7.23973],[112.087725,-7.23957],[112.087645,-7.239285],[112.08764,-7.238965],[112.087835,-7.238935],[112.08832,-7.239385],[112.08877,-7.23971],[112.08898,-7.239755],[112.089155,-7.239705],[112.08922,-7.239595],[112.08947,-7.238875],[112.08941,-7.2385],[112.089125,-7.23836],[112.08867,-7.23843],[112.088555,-7.23836],[112.088355,-7.237945],[112.088335,-7.23768],[112.08851,-7.23716],[112.08831,-7.236235],[112.08837,-7.23567],[112.088615,-7.235185],[112.0887,-7.234925],[112.088655,-7.2348],[112.08832,-7.23443],[112.08821,-7.2342],[112.08835,-7.23395],[112.088865,-7.23375],[112.089095,-7.23353],[112.088805,-7.233065],[112.088735,-7.23283],[112.088745,-7.232585],[112.088815,-7.232355],[112.08901,-7.23197],[112.089105,-7.231345],[112.08919,-7.231025],[112.089125,-7.23065],[112.088975,-7.23039],[112.08873,-7.230095],[112.088385,-7.23002],[112.08812,-7.230065],[112.087715,-7.23018],[112.08745,-7.23018],[112.08715,-7.230085],[112.087045,-7.22995],[112.08708,-7.22966],[112.087175,-7.229575],[112.08766,-7.22927],[112.08808,-7.229115],[112.088425,-7.229105],[112.089395,-7.229425],[112.08954,-7.229285],[112.089395,-7.22875],[112.0895,-7.228365],[112.089585,-7.227925],[112.09002,-7.22733],[112.09005,-7.22714],[112.090285,-7.227015],[112.090795,-7.2272],[112.09095,-7.227175],[112.091505,-7.22691],[112.09163,-7.226765],[112.091905,-7.226275],[112.091805,-7.2261],[112.091315,-7.226],[112.09125,-7.225805],[112.09134,-7.225595],[112.09143,-7.225545],[112.09195,-7.22549],[112.09217,-7.22542],[112.09334,-7.22482],[112.093225,-7.224575],[112.09278,-7.22439],[112.092665,-7.22425],[112.09244,-7.2238],[112.092375,-7.223615],[112.0924,-7.223235],[112.092575,-7.22307],[112.092835,-7.223185],[112.093055,-7.22337],[112.09375,-7.22429],[112.09384,-7.22445],[112.093925,-7.225295],[112.094255,-7.22548],[112.094475,-7.225765],[112.09453,-7.22593],[112.09452,-7.226185],[112.094345,-7.226455],[112.094355,-7.226795],[112.094465,-7.227],[112.094885,-7.22713],[112.09522,-7.227755],[112.09562,-7.228165],[112.096155,-7.228355],[112.09658,-7.228395],[112.096855,-7.228375],[112.09761,-7.22816],[112.097955,-7.22803],[112.09833,-7.227825],[112.099335,-7.22706],[112.0999,-7.226585],[112.101105,-7.225645],[112.10247,-7.22541],[112.10337,-7.225],[112.10652,-7.223785],[112.106675,-7.223715],[112.107605,-7.223445],[112.108405,-7.22297],[112.109345,-7.222505],[112.10953,-7.22236],[112.109655,-7.222175],[112.10972,-7.221885],[112.109705,-7.221335],[112.109605,-7.22105],[112.10946,-7.22097],[112.109315,-7.220705],[112.1092,-7.22037],[112.10949,-7.220195],[112.10962,-7.220005],[112.109655,-7.219785],[112.10958,-7.21912],[112.10961,-7.21893],[112.10987,-7.21853],[112.110085,-7.218405],[112.11084,-7.218285],[112.11119,-7.21751],[112.111345,-7.21732],[112.11207,-7.2172],[112.112955,-7.217155],[112.11302,-7.21707],[112.11309,-7.21637],[112.113205,-7.21594],[112.11331,-7.21565],[112.113455,-7.215565],[112.113615,-7.21494],[112.11406,-7.214],[112.11367,-7.213625],[112.1136,-7.213455],[112.11376,-7.213105],[112.113985,-7.21297],[112.11442,-7.212835],[112.11486,-7.212765],[112.1154,-7.21279],[112.115945,-7.212895],[112.116805,-7.212655],[112.117135,-7.212595],[112.11772,-7.21256],[112.118055,-7.212425],[112.118295,-7.21228],[112.118575,-7.21192],[112.118685,-7.211385],[112.11865,-7.21123],[112.11827,-7.21094],[112.11809,-7.210705],[112.11741,-7.210495],[112.11712,-7.21038],[112.11698,-7.210265],[112.116875,-7.21006],[112.116875,-7.209915],[112.11702,-7.209745],[112.117555,-7.20944],[112.117615,-7.209215],[112.117395,-7.208755],[112.117075,-7.20707],[112.11708,-7.20693],[112.11728,-7.206745],[112.118185,-7.2069],[112.1186,-7.206935],[112.118735,-7.2069],[112.119715,-7.20652],[112.120445,-7.206155],[112.120865,-7.205905],[112.12108,-7.205715],[112.121085,-7.205495],[112.12088,-7.20536],[112.12034,-7.20521],[112.119795,-7.20509],[112.11944,-7.204965],[112.11921,-7.204755],[112.11917,-7.20448],[112.11924,-7.2042],[112.119425,-7.20412],[112.11969,-7.204095],[112.12013,-7.204005],[112.12024,-7.204025],[112.120405,-7.204345],[112.120505,-7.204345],[112.120745,-7.20415],[112.12079,-7.20383],[112.120675,-7.203575],[112.120285,-7.203265],[112.120245,-7.202935],[112.120285,-7.20252],[112.120585,-7.20241],[112.120745,-7.202445],[112.120965,-7.20285],[112.121185,-7.20282],[112.121245,-7.2027],[112.12124,-7.20238],[112.12084,-7.20202],[112.120485,-7.20134],[112.12015,-7.200955],[112.12017,-7.20083],[112.12037,-7.200715],[112.120575,-7.20075],[112.120925,-7.20072],[112.12098,-7.200375],[112.12091,-7.200035],[112.12081,-7.199805],[112.120705,-7.199715],[112.12036,-7.199595],[112.120255,-7.199265],[112.12023,-7.19873],[112.120545,-7.198275],[112.12113,-7.1981],[112.121305,-7.19795],[112.12137,-7.197565],[112.121565,-7.197425],[112.1219,-7.197445],[112.121835,-7.196805],[112.12171,-7.196545],[112.12165,-7.196265],[112.12169,-7.196005],[112.121955,-7.1957],[112.12253,-7.19538],[112.122665,-7.19515],[112.12266,-7.194565],[112.12233,-7.19428],[112.122315,-7.19413],[112.12243,-7.193605],[112.122515,-7.19347],[112.12271,-7.193315],[112.123285,-7.1931],[112.123365,-7.192955],[112.12329,-7.1925],[112.123175,-7.19227],[112.123025,-7.19168],[112.122795,-7.191765],[112.12248,-7.19204],[112.122245,-7.19196],[112.122185,-7.191675],[112.12224,-7.191405],[112.12242,-7.190985],[112.12261,-7.190665],[112.12287,-7.190355],[112.123185,-7.19039],[112.123575,-7.190615],[112.1242,-7.190685],[112.12443,-7.19062],[112.12464,-7.19037],[112.12458,-7.190065],[112.1242,-7.189675],[112.124155,-7.189505],[112.124115,-7.18893],[112.12432,-7.188245],[112.12448,-7.187935],[112.12455,-7.18756],[112.124395,-7.187415],[112.12384,-7.18726],[112.12381,-7.18713],[112.123885,-7.18689],[112.124,-7.18682],[112.124215,-7.186355],[112.12416,-7.185995],[112.12417,-7.18579],[112.12429,-7.185655],[112.12465,-7.185495],[112.125,-7.185435],[112.12517,-7.18531],[112.12542,-7.18484],[112.12583,-7.184225],[112.12606,-7.184035],[112.12626,-7.183445],[112.126375,-7.18338],[112.12673,-7.183425],[112.12687,-7.183545],[112.12722,-7.18415],[112.12742,-7.184265],[112.12786,-7.18425],[112.128005,-7.18416],[112.128425,-7.18379],[112.128725,-7.183875],[112.1289,-7.18412],[112.12919,-7.184225],[112.129595,-7.18418],[112.129975,-7.183675],[112.13012,-7.183405],[112.130325,-7.18262],[112.13064,-7.18218],[112.130805,-7.18111],[112.13077,-7.18087],[112.13083,-7.18075],[112.13102,-7.1806],[112.131165,-7.180325],[112.13128,-7.179175],[112.13169,-7.178965],[112.131815,-7.178795],[112.13199,-7.178205],[112.13253,-7.177585],[112.1325,-7.177045],[112.1327,-7.17637],[112.13279,-7.17578],[112.132955,-7.175335],[112.133195,-7.175315],[112.133375,-7.175455],[112.133745,-7.175905],[112.133905,-7.175925],[112.134065,-7.1757],[112.134125,-7.175365],[112.134165,-7.174365],[112.13415,-7.1741],[112.134455,-7.173215],[112.13475,-7.17186],[112.134795,-7.171125],[112.13492,-7.170875],[112.135195,-7.1705],[112.135505,-7.170175],[112.13558,-7.16996],[112.135565,-7.16978],[112.135435,-7.169385],[112.135465,-7.16905],[112.13566,-7.16887],[112.135925,-7.168725],[112.136085,-7.168585],[112.13617,-7.16842],[112.136245,-7.168075],[112.136225,-7.167805],[112.13594,-7.1672],[112.13595,-7.166985],[112.13604,-7.16666],[112.136315,-7.166045],[112.136635,-7.164855],[112.136765,-7.16471],[112.13694,-7.164645],[112.13746,-7.164545],[112.13764,-7.164465],[112.137695,-7.16435],[112.137735,-7.163745],[112.1379,-7.163545],[112.13832,-7.163595],[112.138685,-7.16324],[112.13903,-7.163165],[112.13964,-7.162975],[112.13993,-7.16283],[112.1399,-7.162645],[112.13977,-7.162575],[112.13935,-7.162445],[112.138815,-7.16225],[112.138505,-7.162055],[112.138495,-7.161995],[112.13877,-7.16164],[112.138855,-7.16094],[112.138945,-7.160675],[112.139085,-7.160495],[112.13932,-7.16032],[112.13961,-7.160235],[112.13951,-7.159885],[112.139215,-7.15928],[112.139245,-7.159095],[112.13952,-7.1582],[112.13961,-7.157995],[112.13975,-7.157855],[112.14013,-7.157625],[112.14022,-7.15745],[112.1406,-7.15739],[112.141335,-7.15735],[112.141975,-7.157365],[112.142835,-7.15745],[112.143945,-7.15764],[112.14477,-7.157825],[112.14483,-7.1575],[112.14506,-7.15593],[112.14517,-7.1554],[112.14533,-7.15475],[112.14546,-7.15414],[112.1456,-7.15371],[112.14572,-7.15307],[112.14582,-7.15198],[112.14573,-7.15149],[112.14549,-7.15119],[112.14514,-7.15093],[112.14455,-7.15064],[112.14367,-7.15028],[112.14219,-7.14961],[112.14124,-7.1492],[112.13964,-7.14863],[112.13791,-7.14799],[112.13707,-7.14765],[112.13611,-7.1473],[112.13566,-7.14711],[112.1355,-7.14749],[112.13458,-7.14696],[112.13165,-7.1455],[112.1316,-7.14574],[112.13136,-7.14658],[112.13113,-7.14724],[112.1309,-7.14745],[112.13068,-7.14756],[112.13032,-7.1476],[112.12998,-7.14757],[112.12949,-7.1473],[112.129,-7.14697],[112.1284,-7.14661],[112.12787,-7.14626],[112.12757,-7.14583],[112.12751,-7.14559],[112.12768,-7.14509],[112.12802,-7.14445],[112.12822,-7.14384],[112.12835,-7.14311],[112.12861,-7.14256],[112.12867,-7.14167],[112.12884,-7.14077],[112.12864,-7.14033],[112.12864,-7.14013],[112.12871,-7.13936],[112.1287,-7.13891],[112.1284,-7.1385],[112.12839,-7.13833],[112.12847,-7.13802],[112.1286,-7.13784],[112.12911,-7.13753],[112.12922,-7.13735],[112.12924,-7.13717],[112.12939,-7.13698],[112.12903,-7.13663],[112.12875,-7.13668],[112.12849,-7.1369],[112.12824,-7.13686],[112.12827,-7.13652],[112.1281,-7.13635],[112.12791,-7.13632],[112.12726,-7.13648],[112.12666,-7.13708],[112.12637,-7.13731],[112.12601,-7.13788],[112.12565,-7.13801],[112.12546,-7.13791],[112.1257,-7.1375],[112.12552,-7.1371],[112.1255,-7.13677],[112.1257,-7.13646],[112.12574,-7.13627],[112.12569,-7.13607],[112.12539,-7.13596],[112.12519,-7.13599],[112.12444,-7.13638],[112.12413,-7.13639],[112.1238,-7.1362],[112.1231,-7.1356],[112.12284,-7.13559],[112.12249,-7.13588],[112.12217,-7.13577],[112.12221,-7.13548],[112.12251,-7.1347],[112.12252,-7.13443],[112.12244,-7.13417],[112.12229,-7.13402],[112.12208,-7.13393],[112.12166,-7.1339],[112.12133,-7.13408],[112.12087,-7.13465],[112.1207,-7.13471],[112.1205,-7.13468],[112.1202,-7.13442],[112.11984,-7.13391],[112.11942,-7.13366],[112.11914,-7.13345],[112.11899,-7.13316],[112.11912,-7.13285],[112.11928,-7.13271],[112.11991,-7.13249],[112.12021,-7.13231],[112.12042,-7.13198],[112.12041,-7.1318],[112.12032,-7.13168],[112.12017,-7.13165],[112.11981,-7.13167],[112.11948,-7.13175],[112.11841,-7.13206],[112.11825,-7.13202],[112.11804,-7.13158],[112.11781,-7.13179],[112.11766,-7.13186],[112.11712,-7.13163],[112.11636,-7.13107],[112.1159,-7.13091],[112.11503,-7.13088],[112.11468,-7.13082],[112.11414,-7.13082],[112.11339,-7.13095],[112.11304,-7.13116],[112.11246,-7.13162],[112.11198,-7.13173],[112.11146,-7.13177],[112.11123,-7.13183],[112.11031,-7.13213],[112.10992,-7.13239],[112.10952,-7.13273],[112.10899,-7.13338],[112.10817,-7.13435],[112.10783,-7.1347],[112.10713,-7.13574],[112.10693,-7.13615],[112.10665,-7.13648],[112.10655,-7.13681],[112.10618,-7.13754],[112.10598,-7.13798],[112.10566,-7.13909],[112.10556,-7.13965],[112.10531,-7.14034],[112.10486,-7.1412],[112.10471,-7.14182],[112.10474,-7.14285],[112.10468,-7.14383],[112.10442,-7.14452],[112.10431,-7.14532],[112.10433,-7.14576],[112.10414,-7.1463],[112.10391,-7.1473],[112.10362,-7.14785],[112.10349,-7.14872],[112.10335,-7.14902],[112.10339,-7.14933],[112.10322,-7.14991],[112.10323,-7.15027],[112.10314,-7.150605],[112.10304,-7.15141],[112.10284,-7.15208],[112.10254,-7.15292],[112.1019,-7.15418],[112.1016,-7.15463],[112.10132,-7.15488],[112.10076,-7.155035],[112.09911,-7.15498],[112.09917,-7.154255],[112.099305,-7.154155],[112.099335,-7.15398],[112.0993,-7.153735],[112.09961,-7.153725],[112.099605,-7.15314],[112.099665,-7.152745],[112.09951,-7.152545],[112.099565,-7.152335],[112.09951,-7.15181],[112.099555,-7.151625],[112.099575,-7.151185],[112.0986,-7.15112],[112.09866,-7.150045],[112.09804,-7.150005],[112.09811,-7.14974],[112.098235,-7.149635],[112.09828,-7.149365],[112.09884,-7.1494],[112.09893,-7.14852],[112.099095,-7.14854],[112.09936,-7.14714],[112.09938,-7.1469],[112.09912,-7.146855],[112.09899,-7.14744],[112.098715,-7.147415],[112.09876,-7.1477],[112.09871,-7.147865],[112.097985,-7.147815],[112.09752,-7.14768],[112.09704,-7.147635],[112.09668,-7.147635],[112.096645,-7.14769],[112.095925,-7.147605],[112.095875,-7.147505],[112.095555,-7.14744],[112.09511,-7.14744],[112.09503,-7.14817],[112.094915,-7.14899],[112.0949,-7.149295],[112.09439,-7.14926],[112.09383,-7.14876],[112.09312,-7.14828],[112.09298,-7.14822],[112.0928,-7.14803],[112.0922,-7.14768],[112.09175,-7.14735],[112.09143,-7.14715],[112.09107,-7.14698],[112.09088,-7.14695],[112.09036,-7.14672],[112.09008,-7.14656],[112.0896,-7.14621],[112.08933,-7.14616],[112.08861,-7.14585],[112.08824,-7.14577],[112.08726,-7.14545],[112.08681,-7.14539],[112.08598,-7.14517],[112.08524,-7.14517],[112.08408,-7.14561],[112.08378,-7.1458],[112.08334,-7.1462],[112.08263,-7.14727],[112.08222,-7.14773],[112.08161,-7.14826],[112.08119,-7.14857],[112.08067,-7.14901],[112.07981,-7.14989],[112.07942,-7.1502],[112.07841,-7.15088],[112.07805,-7.15114],[112.07777,-7.15139],[112.07742,-7.15165],[112.07701,-7.15191],[112.07668,-7.15218],[112.07546,-7.15301],[112.07507,-7.15338],[112.07438,-7.15381],[112.07333,-7.15426],[112.07287,-7.1544],[112.07226,-7.15453],[112.07123,-7.15449],[112.07084,-7.15449],[112.07009,-7.15423],[112.06886,-7.15392],[112.06809,-7.15371],[112.06772,-7.15358],[112.06741,-7.15355],[112.06673,-7.15385],[112.06664,-7.15406],[112.06672,-7.15523],[112.06679,-7.15575],[112.06678,-7.15641],[112.06673,-7.15724],[112.06673,-7.15753],[112.06667,-7.15792],[112.06645,-7.15823],[112.06559,-7.158885],[112.06552,-7.15912],[112.065255,-7.15972],[112.06529,-7.15986],[112.065,-7.161075],[112.065,-7.161295],[112.064935,-7.16159],[112.065025,-7.161635],[112.06496,-7.162375],[112.0649,-7.163575],[112.064765,-7.1642],[112.064635,-7.164985],[112.064445,-7.16591],[112.06418,-7.16589],[112.06406,-7.166585],[112.064285,-7.16669],[112.06425,-7.16722],[112.064065,-7.16764],[112.06337,-7.16796],[112.06288,-7.16808],[112.06228,-7.16806],[112.06144,-7.16791],[112.06116,-7.16792],[112.06087,-7.16778],[112.06062,-7.1676],[112.06019,-7.16718],[112.05989,-7.16694],[112.05957,-7.16661],[112.05929,-7.16628],[112.05911,-7.16596],[112.05887,-7.16564],[112.05876,-7.16539],[112.05854,-7.16503],[112.05837,-7.16453],[112.058415,-7.164395],[112.058635,-7.16442],[112.058745,-7.164005],[112.05854,-7.163905],[112.058725,-7.162935],[112.05882,-7.162895],[112.058855,-7.16269],[112.059025,-7.162505],[112.059095,-7.16228],[112.05952,-7.162355],[112.0596,-7.161725],[112.05948,-7.16167],[112.05978,-7.160145],[112.05908,-7.160035],[112.058765,-7.15994],[112.058455,-7.15995],[112.057375,-7.1597],[112.056745,-7.15954],[112.05621,-7.15806],[112.056105,-7.158005],[112.05616,-7.156985],[112.05533,-7.15742],[112.05513,-7.15756],[112.0533,-7.15862],[112.05251,-7.15907],[112.0516,-7.15956],[112.05099,-7.15994],[112.050605,-7.16015]]]}},{"type":"Feature","properties":{"nama":"Malo"},"geometry":{"type":"Polygon","coordinates":[[[111.72339,-7.134555],[111.72418,-7.1346],[111.72518,-7.13452],[111.72587,-7.13436],[111.72657,-7.13412],[111.72703,-7.1337],[111.72729,-7.13307],[111.72745,-7.13235],[111.72752,-7.13161],[111.72752,-7.13011],[111.72728,-7.12893],[111.72692,-7.12814],[111.72599,-7.12673],[111.72517,-7.12558],[111.72483,-7.125],[111.72389,-7.12234],[111.72392,-7.12047],[111.72473,-7.11856],[111.72634,-7.11565],[111.72737,-7.11396],[111.7284,-7.11202],[111.72913,-7.1111],[111.73023,-7.11047],[111.73333,-7.11076],[111.73502,-7.11098],[111.73906,-7.112],[111.7422,-7.1128],[111.74488,-7.11401],[111.74624,-7.11485],[111.74887,-7.11667],[111.75,-7.11768],[111.75075,-7.11852],[111.75489,-7.12254],[111.75526,-7.1228],[111.75629,-7.12311],[111.75712,-7.12328],[111.75835,-7.12335],[111.75911,-7.1233],[111.76014,-7.12318],[111.76097,-7.1231],[111.76166,-7.12288],[111.76242,-7.12254],[111.76359,-7.12207],[111.7654,-7.12141],[111.76631,-7.12121],[111.76702,-7.12114],[111.76749,-7.12116],[111.76798,-7.1215],[111.76881,-7.12243],[111.7694,-7.12329],[111.76965,-7.12375],[111.76997,-7.12463],[111.77038,-7.12565],[111.770475,-7.12639],[111.770635,-7.127295],[111.77132,-7.12839],[111.771795,-7.128725],[111.77264,-7.129075],[111.77461,-7.12868],[111.77617,-7.12792],[111.77663,-7.12756],[111.77712,-7.12702],[111.77754,-7.12652],[111.77808,-7.12595],[111.77858,-7.12526],[111.77881,-7.125],[111.77924,-7.12431],[111.78012,-7.12262],[111.78043,-7.1219],[111.78066,-7.12106],[111.78084,-7.12003],[111.78092,-7.119],[111.78094,-7.1181],[111.78087,-7.11771],[111.78049,-7.11724],[111.77998,-7.11674],[111.77929,-7.11638],[111.77816,-7.1159],[111.7762,-7.11548],[111.77525,-7.11533],[111.77403,-7.11528],[111.7722,-7.11527],[111.77112,-7.11514],[111.76967,-7.11482],[111.76848,-7.1145],[111.76811,-7.11426],[111.76767,-7.11358],[111.76741,-7.11297],[111.76726,-7.11227],[111.76718,-7.11149],[111.76724,-7.11042],[111.76734,-7.10967],[111.76757,-7.10928],[111.76816,-7.10859],[111.76883,-7.10798],[111.76966,-7.1074],[111.77044,-7.10682],[111.77114,-7.10634],[111.772,-7.10582],[111.77276,-7.10551],[111.77329,-7.10539],[111.77421,-7.10537],[111.77491,-7.10543],[111.77522,-7.10491],[111.776585,-7.10525],[111.776915,-7.10526],[111.776965,-7.105105],[111.776785,-7.10455],[111.77687,-7.10393],[111.77698,-7.10178],[111.77782,-7.09924],[111.77903,-7.09826],[111.77975,-7.09771],[111.78007,-7.09744],[111.78067,-7.09669],[111.78109,-7.09603],[111.78141,-7.09565],[111.78158,-7.09549],[111.78257,-7.09495],[111.78282,-7.09417],[111.78288,-7.09404],[111.78337,-7.09355],[111.78361,-7.09307],[111.78388,-7.09266],[111.78409,-7.09227],[111.78469,-7.09081],[111.78524,-7.08968],[111.7854,-7.08926],[111.78553,-7.0888],[111.7862,-7.08783],[111.78649,-7.08734],[111.78664,-7.087],[111.78668,-7.08579],[111.78629,-7.08456],[111.78623,-7.08419],[111.78629,-7.08383],[111.78647,-7.08344],[111.78653,-7.083135],[111.785995,-7.083265],[111.785615,-7.08325],[111.785285,-7.083195],[111.784995,-7.083095],[111.783895,-7.082785],[111.78351,-7.082725],[111.782965,-7.082745],[111.781775,-7.08287],[111.781265,-7.082865],[111.77987,-7.08296],[111.779565,-7.082925],[111.77918,-7.082735],[111.77883,-7.082645],[111.778305,-7.082325],[111.77799,-7.08235],[111.777305,-7.08235],[111.77681,-7.08246],[111.776475,-7.082425],[111.775925,-7.082045],[111.774875,-7.08198],[111.77425,-7.08213],[111.77349,-7.082705],[111.772375,-7.082695],[111.7716,-7.082575],[111.770695,-7.08252],[111.769985,-7.082355],[111.769245,-7.0825],[111.76853,-7.083355],[111.76753,-7.08359],[111.766605,-7.083615],[111.76601,-7.08383],[111.76508,-7.084875],[111.76458,-7.0854],[111.764105,-7.085685],[111.76368,-7.08609],[111.76356,-7.086875],[111.76344,-7.08747],[111.76301,-7.087735],[111.762465,-7.08785],[111.761655,-7.08716],[111.761035,-7.086495],[111.7603,-7.08559],[111.759515,-7.084925],[111.7588,-7.08476],[111.75773,-7.08478],[111.75623,-7.08476],[111.754755,-7.08483],[111.75335,-7.084975],[111.7524,-7.085045],[111.751735,-7.085045],[111.750995,-7.08483],[111.74997,-7.084165],[111.747995,-7.08257],[111.74707,-7.08207],[111.74621,-7.081595],[111.745215,-7.081095],[111.74457,-7.080595],[111.74362,-7.08012],[111.74257,-7.07981],[111.74136,-7.07943],[111.73981,-7.07907],[111.737145,-7.078215],[111.736245,-7.077835],[111.73565,-7.07788],[111.73534,-7.078095],[111.73486,-7.07862],[111.73415,-7.079215],[111.73329,-7.080095],[111.73279,-7.080735],[111.731365,-7.081905],[111.73046,-7.082665],[111.729865,-7.082925],[111.729435,-7.08307],[111.727865,-7.083495],[111.726655,-7.08395],[111.72575,-7.08388],[111.724915,-7.083],[111.72425,-7.08226],[111.72282,-7.08195],[111.722155,-7.081595],[111.72104,-7.08081],[111.7203,-7.08038],[111.719585,-7.079715],[111.71923,-7.079215],[111.71868,-7.07938],[111.71853,-7.07895],[111.718375,-7.07838],[111.71785,-7.078145],[111.71709,-7.07831],[111.716445,-7.07862],[111.715995,-7.079165],[111.715325,-7.08012],[111.714825,-7.08081],[111.714255,-7.08119],[111.71333,-7.08131],[111.71266,-7.08119],[111.711855,-7.08095],[111.711505,-7.080625],[111.711165,-7.080045],[111.710855,-7.079405],[111.709665,-7.07738],[111.709165,-7.07674],[111.70864,-7.07648],[111.70781,-7.07624],[111.706045,-7.075575],[111.70512,-7.075265],[111.70405,-7.07517],[111.70288,-7.075455],[111.702215,-7.07517],[111.701955,-7.0736],[111.701765,-7.072815],[111.701265,-7.072145],[111.700645,-7.071505],[111.700145,-7.070935],[111.69929,-7.070315],[111.698435,-7.070885],[111.697695,-7.07086],[111.696505,-7.070555],[111.69556,-7.06995],[111.694625,-7.06915],[111.694125,-7.06865],[111.694005,-7.06748],[111.693915,-7.066765],[111.69358,-7.06626],[111.69302,-7.065215],[111.69288,-7.06506],[111.692935,-7.06537],[111.692945,-7.065985],[111.692755,-7.06726],[111.692505,-7.068045],[111.69221,-7.06851],[111.691935,-7.068725],[111.691505,-7.0689],[111.69128,-7.06889],[111.69073,-7.068655],[111.68998,-7.06916],[111.68984,-7.069385],[111.6896,-7.06997],[111.689375,-7.070185],[111.68932,-7.070335],[111.68933,-7.07056],[111.68923,-7.07126],[111.68918,-7.07264],[111.68914,-7.07289],[111.68872,-7.07472],[111.688195,-7.07677],[111.687895,-7.076765],[111.68772,-7.07691],[111.68759,-7.077245],[111.687175,-7.077455],[111.686995,-7.077705],[111.68683,-7.07838],[111.686775,-7.07873],[111.68642,-7.0797],[111.68615,-7.08001],[111.68609,-7.08037],[111.68566,-7.08083],[111.685465,-7.08096],[111.68545,-7.08126],[111.68539,-7.081355],[111.68507,-7.08156],[111.684845,-7.081635],[111.684465,-7.081925],[111.6844,-7.08223],[111.68431,-7.08239],[111.68441,-7.08262],[111.6844,-7.08302],[111.684665,-7.08367],[111.68477,-7.08375],[111.6851,-7.08382],[111.68521,-7.08403],[111.68518,-7.08416],[111.684845,-7.084305],[111.68456,-7.0846],[111.68467,-7.08482],[111.68449,-7.08499],[111.684455,-7.085295],[111.68405,-7.08553],[111.683735,-7.08558],[111.68348,-7.08571],[111.683315,-7.085945],[111.682645,-7.086485],[111.68196,-7.08718],[111.681575,-7.08744],[111.68141,-7.087975],[111.68121,-7.08804],[111.68088,-7.08785],[111.68064,-7.08795],[111.68065,-7.08816],[111.68091,-7.08827],[111.680915,-7.088515],[111.68059,-7.08869],[111.68059,-7.08887],[111.680805,-7.089015],[111.68077,-7.08912],[111.680565,-7.08911],[111.68035,-7.089025],[111.679915,-7.089135],[111.679945,-7.08933],[111.680315,-7.089845],[111.68066,-7.0898],[111.68064,-7.090045],[111.68051,-7.09034],[111.680505,-7.090535],[111.68075,-7.090475],[111.68131,-7.0906],[111.68148,-7.09081],[111.68111,-7.09102],[111.6808,-7.091065],[111.6807,-7.09146],[111.680455,-7.09155],[111.6799,-7.09148],[111.679745,-7.091375],[111.6793,-7.091375],[111.67936,-7.09172],[111.679525,-7.09176],[111.67972,-7.091885],[111.6799,-7.091815],[111.680125,-7.09205],[111.68031,-7.09217],[111.680085,-7.09227],[111.67978,-7.09231],[111.6797,-7.092465],[111.67982,-7.09294],[111.67982,-7.09322],[111.67957,-7.09341],[111.67953,-7.09361],[111.6784,-7.09488],[111.67795,-7.0954],[111.67735,-7.09588],[111.67701,-7.09604],[111.67669,-7.09613],[111.6764,-7.09626],[111.67605,-7.096545],[111.67563,-7.097],[111.6753,-7.0974],[111.67427,-7.09856],[111.67397,-7.09888],[111.6737,-7.09936],[111.6736,-7.09941],[111.67344,-7.09975],[111.67329,-7.09996],[111.67297,-7.10022],[111.67282,-7.10045],[111.6728,-7.10066],[111.67265,-7.10107],[111.67229,-7.10172],[111.67212,-7.10195],[111.67189,-7.10236],[111.67134,-7.10327],[111.6714,-7.10353],[111.67146,-7.10423],[111.67135,-7.10481],[111.67119,-7.10548],[111.67125,-7.10619],[111.6713,-7.1065],[111.67155,-7.10677],[111.67223,-7.10711],[111.67285,-7.10748],[111.67322,-7.108],[111.67372,-7.10901],[111.67386,-7.10937],[111.67391,-7.10976],[111.6739,-7.11001],[111.67374,-7.11046],[111.67371,-7.11073],[111.67374,-7.11165],[111.67377,-7.11188],[111.67386,-7.11203],[111.6747,-7.11247],[111.67488,-7.11272],[111.67504,-7.11334],[111.67513,-7.11356],[111.67515,-7.11379],[111.67504,-7.11422],[111.67418,-7.11454],[111.67313,-7.11482],[111.67173,-7.11526],[111.67162,-7.11563],[111.67096,-7.11698],[111.6707,-7.1176],[111.67067,-7.11781],[111.67071,-7.1181],[111.67125,-7.11916],[111.67151,-7.12001],[111.67157,-7.12064],[111.67154,-7.12176],[111.67162,-7.1222],[111.67171,-7.12252],[111.67199,-7.123],[111.67234,-7.12353],[111.67263,-7.1241],[111.67283,-7.125],[111.67268,-7.12538],[111.67249,-7.12595],[111.6718,-7.12634],[111.67077,-7.12637],[111.66979,-7.12634],[111.66861,-7.12643],[111.66795,-7.12653],[111.6672,-7.12683],[111.66714,-7.12708],[111.66698,-7.12712],[111.666945,-7.12732],[111.667755,-7.12778],[111.6677,-7.12813],[111.66767,-7.128585],[111.667425,-7.12867],[111.66721,-7.128925],[111.666505,-7.12917],[111.66654,-7.129265],[111.66652,-7.129735],[111.666575,-7.13029],[111.66667,-7.13049],[111.66703,-7.130975],[111.66695,-7.131645],[111.6669,-7.13183],[111.667135,-7.13216],[111.66713,-7.13306],[111.66692,-7.13352],[111.66692,-7.13371],[111.66655,-7.13466],[111.666415,-7.13523],[111.66606,-7.135185],[111.6656,-7.13586],[111.66504,-7.13563],[111.664885,-7.135915],[111.66488,-7.136165],[111.664695,-7.13642],[111.6645,-7.136865],[111.663715,-7.13672],[111.663495,-7.13706],[111.66328,-7.137735],[111.66309,-7.13855],[111.66298,-7.138875],[111.66287,-7.13895],[111.662565,-7.139895],[111.662455,-7.140155],[111.662465,-7.14052],[111.66184,-7.14053],[111.661135,-7.14057],[111.66065,-7.14047],[111.6604,-7.14029],[111.6601,-7.14113],[111.65967,-7.14217],[111.65933,-7.14291],[111.659145,-7.14336],[111.659405,-7.14372],[111.659405,-7.14402],[111.659635,-7.14442],[111.659535,-7.144965],[111.65962,-7.145455],[111.659525,-7.145515],[111.659165,-7.145515],[111.65873,-7.145555],[111.6583,-7.14547],[111.6579,-7.14641],[111.65755,-7.14743],[111.65666,-7.14976],[111.655615,-7.15235],[111.655455,-7.15224],[111.65497,-7.152025],[111.65431,-7.15194],[111.65366,-7.151815],[111.653055,-7.15178],[111.652125,-7.15181],[111.651725,-7.151785],[111.651605,-7.15271],[111.651885,-7.15294],[111.65224,-7.1535],[111.652495,-7.15431],[111.65266,-7.15499],[111.65289,-7.156045],[111.652785,-7.15635],[111.653475,-7.156625],[111.654045,-7.15683],[111.654985,-7.15721],[111.655085,-7.15909],[111.65521,-7.16033],[111.655375,-7.161615],[111.65592,-7.161715],[111.65594,-7.161905],[111.65587,-7.162215],[111.656705,-7.16266],[111.656855,-7.162805],[111.65674,-7.16289],[111.65663,-7.16314],[111.656645,-7.16323],[111.657715,-7.163825],[111.657975,-7.16402],[111.65844,-7.16429],[111.6586,-7.164495],[111.65878,-7.16486],[111.65916,-7.165455],[111.65966,-7.16613],[111.661045,-7.16542],[111.6622,-7.16457],[111.66173,-7.16432],[111.66371,-7.162495],[111.66761,-7.15789],[111.667795,-7.15763],[111.66836,-7.15671],[111.66873,-7.155995],[111.66907,-7.15521],[111.669445,-7.15411],[111.6697,-7.153255],[111.670015,-7.152355],[111.67033,-7.151555],[111.670455,-7.151055],[111.67077,-7.150385],[111.67123,-7.1499],[111.67173,-7.14957],[111.672315,-7.14943],[111.672825,-7.1494],[111.6733,-7.1494],[111.67417,-7.149485],[111.67507,-7.149655],[111.675785,-7.149855],[111.67648,-7.150155],[111.677055,-7.150455],[111.677425,-7.15072],[111.679095,-7.15172],[111.679795,-7.152015],[111.680665,-7.15247],[111.681565,-7.15281],[111.68242,-7.153185],[111.682715,-7.15327],[111.68348,-7.15343],[111.6849,-7.15356],[111.68649,-7.15343],[111.68715,-7.15316],[111.68765,-7.15259],[111.68801,-7.15179],[111.68843,-7.1492],[111.68857,-7.14775],[111.68846,-7.14608],[111.688305,-7.14553],[111.68806,-7.144915],[111.68786,-7.144305],[111.687305,-7.142775],[111.687005,-7.14206],[111.686635,-7.14135],[111.68639,-7.14092],[111.685975,-7.140475],[111.68542,-7.139965],[111.684905,-7.139535],[111.68363,-7.13872],[111.6816,-7.1371],[111.68041,-7.13621],[111.67925,-7.13564],[111.678595,-7.135095],[111.677675,-7.134185],[111.6771,-7.1338],[111.67599,-7.1328],[111.67532,-7.13217],[111.67516,-7.13141],[111.67563,-7.13037],[111.67631,-7.12979],[111.676495,-7.129725],[111.67698,-7.129685],[111.67788,-7.129985],[111.67838,-7.13044],[111.678825,-7.130955],[111.67928,-7.131525],[111.679965,-7.132095],[111.680565,-7.13251],[111.680795,-7.132615],[111.68138,-7.13296],[111.68275,-7.13343],[111.68406,-7.13355],[111.68571,-7.13335],[111.6863,-7.13316],[111.68849,-7.13208],[111.68949,-7.131625],[111.69116,-7.13074],[111.692055,-7.13028],[111.69306,-7.12991],[111.694715,-7.12954],[111.69496,-7.129515],[111.696,-7.12954],[111.6977,-7.12986],[111.69932,-7.13021],[111.70031,-7.130575],[111.70449,-7.13294],[111.7075,-7.135],[111.70838,-7.13541],[111.70931,-7.13569],[111.71056,-7.13593],[111.71165,-7.13589],[111.71239,-7.13575],[111.71309,-7.135695],[111.713815,-7.135565],[111.71453,-7.135345],[111.71796,-7.13466],[111.71865,-7.13456],[111.7199,-7.13444],[111.72066,-7.1344],[111.72162,-7.13446],[111.72339,-7.134555]]]}},{"type":"Feature","properties":{"nama":"Margomulyo"},"geometry":{"type":"Polygon","coordinates":[[[111.46904,-7.26219],[111.468725,-7.26248],[111.466595,-7.263165],[111.46506,-7.2631],[111.46346,-7.262925],[111.46164,-7.26242],[111.45976,-7.261685],[111.457785,-7.260645],[111.45674,-7.259495],[111.455715,-7.2583],[111.455335,-7.257185],[111.45533,-7.256145],[111.45544,-7.255455],[111.455685,-7.25415],[111.456215,-7.252565],[111.456525,-7.25024],[111.456435,-7.249665],[111.455435,-7.249225],[111.45399,-7.248695],[111.452655,-7.248135],[111.452255,-7.24809],[111.4519,-7.248],[111.45161,-7.248135],[111.45152,-7.24853],[111.451565,-7.249375],[111.451635,-7.250325],[111.451545,-7.251965],[111.451415,-7.252925],[111.45121,-7.25418],[111.450955,-7.2561],[111.450825,-7.257635],[111.450955,-7.259675],[111.4516,-7.261975],[111.451605,-7.26797],[111.451895,-7.269805],[111.45168,-7.27266],[111.45143,-7.274135],[111.45059,-7.275375],[111.44957,-7.275885],[111.44808,-7.275955],[111.447325,-7.2756],[111.446615,-7.274505],[111.445845,-7.272975],[111.44565,-7.272025],[111.444985,-7.26997],[111.44366,-7.26799],[111.442385,-7.267445],[111.441665,-7.26733],[111.440535,-7.2676],[111.439315,-7.268085],[111.438515,-7.268885],[111.43798,-7.269705],[111.437985,-7.271345],[111.438185,-7.272075],[111.438875,-7.273525],[111.43983,-7.2747],[111.440875,-7.27554],[111.44285,-7.276845],[111.444185,-7.27783],[111.444385,-7.27865],[111.444185,-7.279605],[111.443165,-7.28142],[111.44278,-7.28218],[111.44228,-7.28367],[111.44206,-7.28518],[111.44233,-7.28697],[111.44224,-7.28853],[111.44193,-7.289595],[111.44153,-7.290235],[111.44089,-7.29068],[111.44048,-7.2911],[111.4396,-7.291605],[111.437555,-7.29289],[111.436735,-7.29422],[111.43629,-7.295395],[111.43591,-7.29691],[111.435135,-7.298285],[111.434425,-7.29948],[111.434095,-7.299945],[111.433465,-7.30067],[111.43178,-7.302355],[111.43054,-7.303885],[111.429295,-7.304995],[111.427965,-7.305595],[111.426785,-7.30594],[111.425025,-7.30681],[111.42429,-7.307495],[111.423515,-7.308805],[111.42356,-7.310175],[111.424315,-7.31146],[111.425765,-7.312575],[111.430875,-7.314365],[111.43284,-7.314925],[111.43769,-7.31532],[111.44095,-7.315555],[111.44166,-7.315315],[111.44256,-7.314805],[111.44397,-7.31442],[111.44602,-7.31352],[111.447025,-7.313425],[111.44767,-7.313535],[111.44816,-7.313805],[111.44878,-7.314245],[111.449845,-7.314955],[111.451025,-7.315615],[111.45209,-7.31637],[111.453625,-7.317385],[111.455285,-7.318705],[111.456615,-7.32019],[111.45764,-7.32156],[111.45795,-7.32258],[111.457755,-7.323865],[111.4574,-7.32456],[111.45671,-7.325115],[111.455735,-7.32578],[111.4548,-7.326245],[111.45347,-7.3272],[111.45216,-7.328095],[111.450895,-7.32905],[111.450025,-7.32989],[111.449295,-7.330645],[111.44869,-7.33163],[111.448135,-7.332805],[111.44765,-7.334115],[111.447205,-7.335055],[111.446495,-7.33561],[111.44623,-7.33623],[111.446165,-7.33705],[111.446295,-7.337605],[111.4467,-7.338465],[111.4483,-7.339305],[111.450165,-7.3403],[111.45101,-7.3405],[111.45194,-7.340545],[111.45456,-7.34034],[111.45625,-7.340185],[111.45768,-7.34037],[111.45963,-7.34068],[111.46082,-7.341105],[111.46169,-7.341905],[111.46271,-7.34334],[111.462825,-7.344385],[111.462735,-7.345535],[111.46178,-7.346375],[111.460625,-7.346575],[111.45903,-7.3464],[111.4572,-7.34541],[111.456175,-7.344645],[111.455075,-7.34399],[111.45361,-7.34324],[111.45239,-7.342975],[111.450945,-7.34302],[111.44968,-7.34318],[111.448525,-7.34351],[111.447505,-7.343975],[111.445525,-7.34513],[111.444195,-7.34637],[111.44328,-7.347425],[111.44239,-7.34829],[111.44206,-7.349065],[111.44177,-7.349975],[111.44175,-7.35106],[111.44221,-7.35322],[111.443125,-7.356095],[111.443505,-7.35878],[111.443715,-7.36015],[111.444925,-7.3611],[111.44617,-7.360985],[111.44694,-7.3607],[111.44813,-7.35821],[111.44896,-7.356765],[111.449525,-7.355825],[111.45026,-7.35498],[111.45158,-7.354065],[111.45318,-7.35318],[111.4548,-7.35235],[111.456005,-7.35201],[111.45689,-7.35184],[111.457815,-7.352045],[111.4599,-7.35346],[111.460925,-7.354865],[111.46131,-7.355885],[111.461955,-7.35742],[111.461955,-7.359845],[111.46176,-7.360605],[111.46183,-7.361425],[111.46195,-7.362025],[111.46232,-7.362545],[111.46247,-7.362955],[111.462685,-7.36303],[111.462785,-7.36295],[111.46293,-7.36242],[111.46302,-7.36231],[111.46369,-7.362255],[111.46377,-7.362435],[111.46377,-7.36274],[111.46382,-7.363035],[111.4639,-7.36321],[111.46411,-7.363325],[111.464335,-7.362875],[111.464555,-7.3626],[111.464765,-7.362435],[111.46525,-7.362325],[111.46531,-7.36226],[111.465265,-7.361625],[111.465315,-7.3615],[111.46557,-7.361355],[111.46598,-7.361265],[111.466545,-7.36159],[111.46694,-7.361845],[111.46721,-7.36186],[111.46737,-7.361725],[111.4676,-7.361295],[111.467665,-7.36099],[111.467515,-7.360795],[111.467385,-7.36072],[111.46675,-7.360675],[111.46657,-7.36057],[111.466475,-7.3604],[111.466445,-7.36017],[111.46653,-7.35994],[111.46663,-7.359925],[111.46698,-7.360195],[111.4673,-7.36019],[111.467445,-7.36024],[111.467935,-7.36011],[111.46821,-7.35986],[111.468415,-7.359845],[111.468635,-7.359475],[111.46865,-7.35919],[111.46872,-7.35909],[111.46908,-7.359085],[111.47053,-7.35856],[111.470665,-7.358485],[111.47072,-7.3583],[111.47032,-7.358045],[111.470755,-7.357755],[111.471015,-7.35773],[111.471105,-7.35797],[111.4712,-7.35801],[111.47151,-7.35785],[111.47196,-7.357465],[111.47209,-7.357415],[111.47258,-7.35764],[111.472685,-7.35762],[111.472895,-7.35736],[111.472975,-7.35733],[111.473145,-7.3575],[111.47349,-7.35738],[111.473755,-7.35738],[111.473915,-7.357435],[111.47412,-7.357715],[111.47412,-7.358195],[111.473915,-7.358375],[111.474275,-7.358735],[111.47461,-7.35862],[111.47474,-7.358435],[111.47484,-7.35843],[111.475035,-7.3586],[111.474825,-7.35879],[111.47519,-7.35889],[111.475235,-7.35904],[111.475035,-7.35912],[111.475325,-7.35942],[111.475615,-7.359445],[111.475715,-7.359635],[111.47613,-7.359435],[111.47631,-7.359415],[111.4765,-7.35964],[111.476645,-7.35965],[111.476785,-7.359505],[111.477015,-7.359635],[111.477125,-7.3596],[111.477195,-7.359355],[111.477465,-7.35952],[111.477485,-7.35933],[111.47705,-7.358695],[111.477065,-7.358505],[111.47721,-7.358475],[111.47751,-7.35862],[111.47785,-7.3586],[111.47814,-7.35878],[111.478475,-7.35879],[111.47882,-7.35851],[111.478945,-7.35847],[111.479125,-7.35854],[111.479645,-7.358425],[111.480485,-7.358485],[111.480745,-7.35852],[111.48107,-7.358795],[111.48102,-7.35902],[111.481385,-7.359045],[111.481695,-7.35924],[111.48214,-7.359045],[111.48242,-7.35931],[111.48274,-7.35919],[111.48311,-7.359235],[111.483535,-7.358755],[111.48374,-7.358625],[111.483965,-7.358845],[111.48423,-7.358925],[111.48443,-7.35888],[111.48439,-7.35856],[111.48449,-7.358375],[111.48475,-7.35822],[111.485155,-7.358175],[111.485345,-7.35824],[111.485565,-7.358505],[111.485335,-7.358775],[111.48533,-7.35891],[111.48556,-7.358915],[111.48588,-7.35876],[111.486135,-7.358885],[111.48639,-7.35939],[111.486585,-7.35954],[111.487085,-7.35928],[111.48733,-7.35934],[111.48745,-7.359495],[111.48757,-7.359875],[111.4879,-7.359975],[111.488305,-7.3602],[111.48932,-7.360305],[111.489495,-7.360395],[111.490205,-7.360515],[111.490965,-7.36075],[111.491465,-7.36084],[111.491945,-7.360845],[111.49253,-7.360785],[111.49289,-7.360675],[111.493185,-7.36109],[111.49357,-7.361075],[111.49412,-7.361165],[111.49428,-7.361135],[111.4946,-7.361],[111.494955,-7.36097],[111.495575,-7.361015],[111.49616,-7.361125],[111.49629,-7.361185],[111.496485,-7.36154],[111.496605,-7.36163],[111.49682,-7.36245],[111.496855,-7.36298],[111.49698,-7.36361],[111.496985,-7.36391],[111.496955,-7.36445],[111.49742,-7.364365],[111.498095,-7.36447],[111.49849,-7.36409],[111.498725,-7.36368],[111.49907,-7.36372],[111.49961,-7.363845],[111.50019,-7.36391],[111.500375,-7.363955],[111.501085,-7.36341],[111.50228,-7.36296],[111.50241,-7.36296],[111.50293,-7.362745],[111.50361,-7.36258],[111.503975,-7.362465],[111.504255,-7.362325],[111.504755,-7.361975],[111.505165,-7.361775],[111.50615,-7.361735],[111.507035,-7.36181],[111.508285,-7.3621],[111.509095,-7.362215],[111.510515,-7.36248],[111.51114,-7.36262],[111.511735,-7.362655],[111.512215,-7.362645],[111.513045,-7.36277],[111.51354,-7.362895],[111.514045,-7.3631],[111.51454,-7.36337],[111.515175,-7.36362],[111.515625,-7.363865],[111.51615,-7.364055],[111.51744,-7.36493],[111.518005,-7.365345],[111.518585,-7.36567],[111.51922,-7.36597],[111.5198,-7.36649],[111.520125,-7.366875],[111.520515,-7.367265],[111.52138,-7.36825],[111.52159,-7.36846],[111.52181,-7.36914],[111.52195,-7.36964],[111.52221,-7.370025],[111.52241,-7.3702],[111.522765,-7.370625],[111.52314,-7.37111],[111.523545,-7.371515],[111.524145,-7.371685],[111.52466,-7.37165],[111.52527,-7.37152],[111.52584,-7.371445],[111.526305,-7.371535],[111.526955,-7.371985],[111.527265,-7.3721],[111.527855,-7.37219],[111.52816,-7.37215],[111.52851,-7.372],[111.529465,-7.37152],[111.530075,-7.37103],[111.53042,-7.370845],[111.53074,-7.37077],[111.53109,-7.37079],[111.532135,-7.37093],[111.532615,-7.370895],[111.53331,-7.37069],[111.53377,-7.370445],[111.53427,-7.37004],[111.534515,-7.369955],[111.53554,-7.36976],[111.53576,-7.369915],[111.536025,-7.36999],[111.536455,-7.369995],[111.53662,-7.36991],[111.536965,-7.36955],[111.5375,-7.36935],[111.53814,-7.36919],[111.53843,-7.369165],[111.53903,-7.36926],[111.53985,-7.3693],[111.5403,-7.36938],[111.54093,-7.36966],[111.542605,-7.37081],[111.54331,-7.370595],[111.54432,-7.370325],[111.544655,-7.370305],[111.545115,-7.37015],[111.54586,-7.36974],[111.546015,-7.36959],[111.54663,-7.369305],[111.546875,-7.369215],[111.54722,-7.36873],[111.547745,-7.36792],[111.548415,-7.366835],[111.548615,-7.36657],[111.548875,-7.366295],[111.549135,-7.36559],[111.5493,-7.364605],[111.54936,-7.364155],[111.549355,-7.363985],[111.54941,-7.36322],[111.549455,-7.362955],[111.54983,-7.36143],[111.549955,-7.36119],[111.550385,-7.360735],[111.55169,-7.3602],[111.55185,-7.36008],[111.552285,-7.36004],[111.552695,-7.3598],[111.55311,-7.359765],[111.55324,-7.359655],[111.553515,-7.35921],[111.553635,-7.35872],[111.55394,-7.358625],[111.55414,-7.358655],[111.55436,-7.359],[111.554525,-7.359105],[111.554665,-7.358895],[111.55481,-7.35886],[111.554695,-7.358625],[111.55466,-7.35841],[111.554525,-7.358185],[111.55455,-7.35782],[111.55479,-7.357625],[111.55487,-7.357365],[111.55486,-7.357145],[111.554735,-7.35682],[111.554725,-7.35659],[111.55478,-7.35648],[111.555165,-7.35633],[111.55522,-7.356095],[111.555435,-7.355735],[111.55563,-7.35564],[111.55573,-7.355475],[111.555775,-7.35511],[111.55602,-7.35475],[111.55609,-7.35441],[111.556145,-7.35391],[111.556275,-7.35363],[111.556495,-7.35336],[111.556455,-7.353145],[111.55656,-7.35282],[111.55664,-7.35273],[111.557075,-7.352485],[111.557195,-7.35227],[111.557155,-7.35208],[111.556865,-7.351805],[111.55662,-7.3517],[111.556515,-7.351735],[111.556345,-7.35193],[111.556115,-7.35186],[111.556125,-7.3517],[111.556405,-7.3512],[111.55663,-7.350905],[111.55646,-7.35077],[111.555995,-7.35063],[111.5559,-7.35055],[111.555835,-7.350335],[111.55595,-7.350175],[111.5563,-7.35012],[111.556485,-7.350005],[111.556515,-7.34987],[111.556385,-7.34974],[111.556055,-7.34964],[111.55563,-7.349235],[111.55546,-7.34913],[111.55524,-7.349095],[111.555185,-7.34897],[111.555565,-7.34862],[111.555565,-7.3484],[111.555205,-7.348205],[111.555245,-7.348025],[111.555385,-7.347805],[111.555655,-7.347825],[111.55596,-7.347615],[111.55601,-7.34746],[111.55617,-7.347285],[111.556325,-7.34721],[111.55644,-7.347035],[111.55685,-7.346895],[111.557025,-7.346695],[111.557065,-7.346525],[111.55722,-7.34629],[111.55727,-7.34587],[111.557475,-7.34563],[111.55747,-7.345045],[111.55767,-7.34479],[111.557635,-7.34451],[111.557515,-7.344245],[111.557475,-7.34387],[111.5576,-7.343665],[111.557465,-7.34357],[111.557155,-7.34349],[111.55699,-7.343255],[111.55649,-7.34299],[111.556375,-7.342825],[111.556035,-7.342775],[111.555905,-7.342605],[111.55549,-7.34246],[111.55541,-7.34237],[111.55517,-7.342395],[111.55393,-7.34268],[111.553605,-7.342685],[111.55327,-7.342645],[111.55291,-7.342415],[111.55277,-7.342165],[111.55268,-7.34173],[111.552515,-7.341435],[111.55209,-7.341115],[111.55195,-7.34073],[111.551905,-7.340065],[111.552015,-7.339735],[111.55212,-7.33959],[111.55239,-7.33943],[111.55287,-7.33929],[111.553075,-7.33914],[111.553255,-7.33884],[111.553305,-7.338275],[111.553155,-7.33693],[111.553055,-7.336155],[111.553045,-7.33586],[111.55313,-7.335565],[111.553365,-7.33506],[111.55361,-7.334645],[111.554045,-7.33414],[111.554635,-7.33313],[111.554905,-7.332705],[111.555245,-7.332115],[111.55529,-7.331975],[111.55528,-7.331605],[111.5552,-7.33137],[111.555115,-7.33095],[111.55499,-7.33072],[111.554785,-7.33064],[111.553875,-7.3306],[111.55359,-7.33048],[111.55285,-7.329835],[111.552545,-7.329355],[111.552085,-7.32917],[111.551615,-7.32927],[111.551675,-7.32901],[111.55153,-7.32866],[111.55159,-7.32847],[111.55168,-7.327855],[111.55192,-7.32757],[111.55192,-7.327375],[111.551815,-7.327205],[111.55142,-7.326895],[111.55113,-7.32641],[111.551175,-7.326235],[111.55129,-7.32619],[111.5519,-7.32632],[111.55212,-7.326415],[111.55223,-7.32638],[111.55251,-7.326475],[111.55268,-7.326485],[111.553055,-7.32641],[111.5532,-7.32624],[111.553305,-7.32577],[111.553455,-7.325405],[111.55352,-7.32515],[111.55368,-7.32471],[111.55373,-7.32439],[111.55369,-7.32384],[111.553385,-7.32369],[111.553285,-7.323475],[111.55347,-7.32302],[111.553445,-7.322675],[111.55316,-7.32231],[111.553065,-7.32187],[111.55316,-7.321705],[111.553045,-7.32156],[111.552955,-7.321105],[111.552975,-7.32095],[111.552855,-7.32058],[111.55298,-7.32035],[111.55315,-7.32028],[111.554135,-7.32049],[111.55425,-7.320485],[111.55454,-7.320345],[111.55487,-7.320035],[111.554935,-7.319775],[111.554995,-7.319115],[111.5552,-7.318555],[111.555465,-7.317925],[111.555445,-7.31768],[111.55477,-7.316875],[111.554525,-7.31663],[111.554515,-7.31644],[111.55464,-7.315395],[111.55452,-7.31502],[111.55442,-7.31485],[111.55434,-7.314525],[111.554435,-7.314185],[111.55438,-7.313745],[111.554235,-7.313505],[111.55412,-7.313085],[111.55378,-7.312215],[111.5537,-7.311665],[111.55379,-7.311095],[111.55395,-7.31055],[111.55398,-7.31031],[111.553945,-7.31002],[111.553845,-7.309795],[111.553575,-7.309475],[111.55348,-7.30942],[111.553495,-7.308995],[111.55292,-7.30922],[111.5523,-7.309035],[111.55171,-7.3088],[111.550825,-7.30798],[111.550475,-7.307925],[111.54928,-7.308095],[111.54837,-7.30817],[111.54815,-7.30812],[111.54786,-7.307955],[111.54728,-7.30751],[111.54688,-7.307115],[111.546725,-7.307085],[111.54608,-7.307105],[111.54532,-7.306955],[111.54518,-7.30698],[111.544125,-7.30743],[111.543785,-7.307345],[111.543475,-7.307375],[111.542585,-7.307575],[111.54125,-7.307765],[111.54024,-7.30763],[111.539345,-7.307375],[111.538745,-7.30717],[111.53847,-7.307015],[111.53779,-7.3065],[111.537335,-7.30599],[111.53703,-7.30556],[111.536535,-7.30476],[111.536445,-7.30472],[111.53604,-7.304205],[111.53581,-7.303975],[111.535975,-7.303595],[111.535885,-7.30352],[111.535545,-7.303395],[111.535485,-7.30331],[111.53519,-7.30346],[111.53507,-7.30316],[111.534545,-7.302335],[111.53444,-7.30213],[111.53432,-7.301765],[111.53401,-7.3013],[111.533895,-7.300945],[111.53369,-7.30052],[111.533845,-7.300275],[111.534385,-7.29971],[111.53479,-7.299495],[111.535375,-7.29908],[111.53581,-7.29862],[111.536275,-7.297905],[111.53676,-7.2976],[111.53707,-7.29749],[111.537605,-7.29739],[111.538535,-7.297325],[111.53867,-7.29723],[111.5388,-7.29687],[111.53866,-7.29635],[111.53831,-7.29582],[111.538125,-7.29534],[111.53785,-7.294745],[111.53768,-7.2945],[111.53752,-7.29438],[111.537335,-7.294145],[111.53781,-7.293985],[111.53797,-7.293865],[111.538475,-7.293365],[111.538615,-7.293185],[111.538695,-7.29279],[111.538515,-7.29142],[111.538615,-7.291035],[111.53894,-7.29041],[111.53906,-7.290085],[111.53902,-7.28968],[111.53879,-7.289265],[111.538565,-7.28892],[111.538385,-7.288535],[111.538355,-7.28824],[111.538445,-7.288015],[111.538605,-7.28779],[111.538915,-7.28748],[111.539045,-7.28724],[111.53906,-7.286605],[111.539005,-7.286415],[111.538045,-7.2854],[111.537695,-7.284635],[111.53764,-7.28459],[111.537765,-7.28402],[111.538115,-7.28342],[111.538355,-7.28329],[111.538765,-7.28327],[111.538995,-7.283115],[111.53922,-7.283025],[111.539415,-7.28282],[111.540195,-7.28176],[111.5403,-7.281375],[111.54042,-7.28045],[111.540445,-7.2801],[111.54054,-7.279765],[111.540735,-7.27933],[111.54092,-7.278985],[111.541395,-7.278265],[111.541605,-7.27779],[111.54179,-7.27758],[111.541375,-7.2771],[111.541685,-7.27627],[111.54176,-7.27537],[111.541695,-7.275055],[111.54131,-7.274895],[111.540785,-7.27453],[111.540305,-7.27317],[111.5389,-7.27277],[111.538615,-7.272665],[111.538615,-7.27235],[111.53847,-7.27213],[111.538025,-7.271745],[111.53779,-7.27147],[111.537725,-7.27122],[111.537695,-7.27076],[111.537585,-7.270045],[111.53749,-7.26988],[111.53728,-7.26976],[111.53649,-7.269485],[111.535955,-7.269245],[111.53598,-7.2684],[111.535975,-7.26795],[111.53568,-7.26786],[111.53522,-7.267675],[111.534675,-7.267625],[111.53424,-7.267545],[111.53393,-7.26743],[111.53296,-7.266865],[111.532325,-7.266645],[111.5321,-7.26654],[111.5318,-7.26692],[111.53114,-7.2667],[111.53089,-7.266695],[111.530435,-7.266955],[111.530245,-7.266995],[111.529265,-7.26683],[111.528975,-7.26674],[111.528545,-7.266515],[111.5283,-7.26652],[111.52797,-7.26628],[111.52745,-7.2658],[111.527255,-7.265545],[111.526915,-7.26483],[111.52689,-7.26467],[111.526455,-7.26448],[111.52596,-7.26441],[111.52444,-7.263935],[111.52397,-7.26372],[111.52377,-7.263585],[111.523055,-7.263285],[111.522615,-7.26314],[111.52242,-7.263645],[111.52201,-7.26346],[111.5219,-7.263595],[111.521165,-7.263265],[111.521055,-7.26339],[111.520615,-7.263075],[111.520465,-7.26307],[111.51981,-7.263725],[111.51928,-7.26422],[111.518265,-7.265375],[111.517985,-7.26564],[111.517685,-7.26598],[111.51718,-7.266615],[111.51691,-7.2669],[111.516735,-7.26718],[111.516485,-7.267035],[111.516495,-7.266845],[111.51601,-7.26678],[111.515575,-7.26675],[111.515275,-7.266815],[111.515295,-7.267045],[111.51504,-7.26714],[111.51485,-7.26656],[111.51473,-7.266285],[111.514645,-7.265675],[111.514655,-7.265525],[111.51393,-7.265595],[111.513645,-7.26579],[111.51358,-7.26623],[111.51377,-7.266655],[111.513945,-7.266765],[111.514135,-7.267175],[111.514055,-7.26726],[111.513795,-7.26725],[111.51335,-7.267155],[111.512825,-7.26695],[111.51273,-7.267125],[111.51236,-7.26749],[111.51236,-7.26765],[111.512455,-7.26774],[111.512715,-7.26775],[111.51284,-7.267845],[111.513,-7.268295],[111.512935,-7.26861],[111.512815,-7.26875],[111.512585,-7.268825],[111.51251,-7.268945],[111.51264,-7.26915],[111.513,-7.269355],[111.51356,-7.269865],[111.51386,-7.26998],[111.51387,-7.270285],[111.513465,-7.27024],[111.51286,-7.26966],[111.51268,-7.26964],[111.51251,-7.2695],[111.51227,-7.269405],[111.51197,-7.269815],[111.51206,-7.270195],[111.512,-7.270335],[111.512375,-7.2705],[111.51257,-7.270695],[111.51263,-7.27084],[111.51247,-7.270885],[111.512195,-7.270795],[111.511765,-7.2708],[111.511895,-7.27123],[111.512195,-7.271985],[111.512475,-7.272595],[111.512035,-7.2731],[111.511605,-7.273505],[111.51091,-7.27409],[111.510695,-7.274225],[111.51027,-7.274605],[111.50991,-7.274795],[111.509625,-7.274875],[111.509135,-7.274965],[111.509,-7.275035],[111.508825,-7.27529],[111.508745,-7.27551],[111.50872,-7.27578],[111.50886,-7.276395],[111.509195,-7.276775],[111.509265,-7.27706],[111.50906,-7.2776],[111.508965,-7.27822],[111.5089,-7.27939],[111.50855,-7.280775],[111.50851,-7.281245],[111.50864,-7.28156],[111.508825,-7.28191],[111.509065,-7.282155],[111.509205,-7.28246],[111.509425,-7.282805],[111.509655,-7.283065],[111.51025,-7.28324],[111.510355,-7.283385],[111.51054,-7.28389],[111.510405,-7.283965],[111.509995,-7.28401],[111.509405,-7.283995],[111.50922,-7.28403],[111.50911,-7.284245],[111.508995,-7.28479],[111.50885,-7.285825],[111.50877,-7.28683],[111.50857,-7.28785],[111.508535,-7.288395],[111.50859,-7.29028],[111.50864,-7.29094],[111.50835,-7.291905],[111.508015,-7.29236],[111.50808,-7.293025],[111.50828,-7.293535],[111.509175,-7.29462],[111.50927,-7.29479],[111.509565,-7.294915],[111.509725,-7.29484],[111.51001,-7.294985],[111.51026,-7.295265],[111.51053,-7.295505],[111.51083,-7.29566],[111.51147,-7.295705],[111.511575,-7.29582],[111.511945,-7.29585],[111.51211,-7.295945],[111.51228,-7.29626],[111.513045,-7.29634],[111.513355,-7.296295],[111.513645,-7.296185],[111.51416,-7.2961],[111.514315,-7.29598],[111.514295,-7.29685],[111.51412,-7.29721],[111.514255,-7.297315],[111.5145,-7.297615],[111.51465,-7.29804],[111.514695,-7.29874],[111.514545,-7.299145],[111.514425,-7.299335],[111.51414,-7.299405],[111.513775,-7.299425],[111.513235,-7.299865],[111.513005,-7.30008],[111.51254,-7.300335],[111.512475,-7.30057],[111.512215,-7.300905],[111.51194,-7.30102],[111.51187,-7.301315],[111.51204,-7.301955],[111.51208,-7.30234],[111.512035,-7.30258],[111.511825,-7.302985],[111.511475,-7.303215],[111.51105,-7.303315],[111.51088,-7.30355],[111.510835,-7.30395],[111.510765,-7.30425],[111.510745,-7.304555],[111.510955,-7.305055],[111.510975,-7.3052],[111.51076,-7.3055],[111.510685,-7.305925],[111.510125,-7.306715],[111.510165,-7.3071],[111.510075,-7.307385],[111.50985,-7.30774],[111.51021,-7.30878],[111.510325,-7.309035],[111.510465,-7.309475],[111.510255,-7.30936],[111.50917,-7.30912],[111.50692,-7.30865],[111.50636,-7.30862],[111.506165,-7.308665],[111.50599,-7.30878],[111.505565,-7.309225],[111.505225,-7.309335],[111.504635,-7.309325],[111.504225,-7.309145],[111.503835,-7.30894],[111.502245,-7.30819],[111.501995,-7.308035],[111.501635,-7.307485],[111.50149,-7.307385],[111.50127,-7.30737],[111.499285,-7.307375],[111.49868,-7.307365],[111.49832,-7.30733],[111.49801,-7.30725],[111.49762,-7.3072],[111.49759,-7.306305],[111.49748,-7.306015],[111.49678,-7.30498],[111.496625,-7.304645],[111.496375,-7.30361],[111.496355,-7.303],[111.496545,-7.302745],[111.49704,-7.301955],[111.497135,-7.30156],[111.497155,-7.30124],[111.49708,-7.30086],[111.49634,-7.30062],[111.496145,-7.30046],[111.495915,-7.30038],[111.495505,-7.30031],[111.495295,-7.300335],[111.49461,-7.30034],[111.494295,-7.300255],[111.49388,-7.29993],[111.493555,-7.29979],[111.492835,-7.29965],[111.492095,-7.299695],[111.49178,-7.299585],[111.491555,-7.29942],[111.49124,-7.29906],[111.49021,-7.297985],[111.490035,-7.297815],[111.48972,-7.297635],[111.48933,-7.297495],[111.48874,-7.297475],[111.487935,-7.297565],[111.4876,-7.297665],[111.487075,-7.29789],[111.48633,-7.298065],[111.48605,-7.29802],[111.48548,-7.297855],[111.485265,-7.29744],[111.48511,-7.29726],[111.484375,-7.29713],[111.48403,-7.29725],[111.483525,-7.297375],[111.48331,-7.29711],[111.483005,-7.29635],[111.48266,-7.295705],[111.48254,-7.29524],[111.48158,-7.29399],[111.481055,-7.293235],[111.480445,-7.29244],[111.4802,-7.291945],[111.480095,-7.29143],[111.480245,-7.291],[111.480385,-7.29068],[111.48049,-7.290205],[111.480435,-7.29007],[111.48053,-7.2897],[111.480095,-7.289365],[111.480115,-7.289055],[111.47992,-7.288755],[111.47975,-7.289],[111.4796,-7.28885],[111.479485,-7.2883],[111.4795,-7.28818],[111.479165,-7.287925],[111.478755,-7.28782],[111.478855,-7.28758],[111.47877,-7.287405],[111.47852,-7.287265],[111.478795,-7.287095],[111.47882,-7.286935],[111.478445,-7.28668],[111.47822,-7.28649],[111.47814,-7.28623],[111.47825,-7.28613],[111.478565,-7.286185],[111.478625,-7.28607],[111.47855,-7.28585],[111.4783,-7.285715],[111.477945,-7.285605],[111.477735,-7.28531],[111.47745,-7.28537],[111.47739,-7.28524],[111.477465,-7.284935],[111.477295,-7.28463],[111.476875,-7.284525],[111.47661,-7.284585],[111.476485,-7.284395],[111.476595,-7.28396],[111.47649,-7.28368],[111.47617,-7.283505],[111.476235,-7.283445],[111.476475,-7.2828],[111.47665,-7.282645],[111.47691,-7.282495],[111.47722,-7.282035],[111.47729,-7.28183],[111.477425,-7.28166],[111.47768,-7.281495],[111.47808,-7.28085],[111.478765,-7.280555],[111.478855,-7.28045],[111.478975,-7.279995],[111.47943,-7.279455],[111.47966,-7.27914],[111.479855,-7.2788],[111.48016,-7.27807],[111.48022,-7.277855],[111.480375,-7.277025],[111.48045,-7.27595],[111.480735,-7.275195],[111.48076,-7.27499],[111.480705,-7.27425],[111.480535,-7.273605],[111.480245,-7.27278],[111.48003,-7.272365],[111.479725,-7.27187],[111.479175,-7.27134],[111.47908,-7.270935],[111.47906,-7.270405],[111.47867,-7.269895],[111.478275,-7.269485],[111.47782,-7.269165],[111.477615,-7.26906],[111.477015,-7.268845],[111.47606,-7.268555],[111.47561,-7.268295],[111.47524,-7.26802],[111.474905,-7.267645],[111.474585,-7.26712],[111.4742,-7.266615],[111.47415,-7.26643],[111.47384,-7.26572],[111.47363,-7.26542],[111.473255,-7.265045],[111.47301,-7.26485],[111.471805,-7.264295],[111.470865,-7.263765],[111.47037,-7.2635],[111.47003,-7.263225],[111.469835,-7.26294],[111.469475,-7.26256],[111.46904,-7.26219]]]}},{"type":"Feature","properties":{"nama":"Ngambon"},"geometry":{"type":"Polygon","coordinates":[[[111.758335,-7.34883],[111.758675,-7.34855],[111.75868,-7.348445],[111.758525,-7.348225],[111.758715,-7.3481],[111.75936,-7.348395],[111.75955,-7.348395],[111.759705,-7.34829],[111.75983,-7.34809],[111.75987,-7.347835],[111.759785,-7.347375],[111.759605,-7.347155],[111.759265,-7.34687],[111.758735,-7.346545],[111.75856,-7.34647],[111.7584,-7.34626],[111.7584,-7.34558],[111.75868,-7.344505],[111.75866,-7.34436],[111.75807,-7.344235],[111.757615,-7.3442],[111.75749,-7.34456],[111.75667,-7.34462],[111.75594,-7.34456],[111.75561,-7.34444],[111.75549,-7.34433],[111.75539,-7.34402],[111.75547,-7.34375],[111.75568,-7.34359],[111.75605,-7.34344],[111.7565,-7.3432],[111.75675,-7.34299],[111.75673,-7.34272],[111.75651,-7.34241],[111.75603,-7.34224],[111.75556,-7.34212],[111.75545,-7.34199],[111.75545,-7.34183],[111.75554,-7.34162],[111.75574,-7.34135],[111.75616,-7.34086],[111.75616,-7.34061],[111.75595,-7.34057],[111.75579,-7.34061],[111.75554,-7.34081],[111.75541,-7.340605],[111.755065,-7.340655],[111.75489,-7.3408],[111.754845,-7.341065],[111.75475,-7.341315],[111.75448,-7.34135],[111.75413,-7.34133],[111.75397,-7.3411],[111.753995,-7.340365],[111.754135,-7.340055],[111.75371,-7.33949],[111.75367,-7.33892],[111.753695,-7.338615],[111.75382,-7.33808],[111.75375,-7.33787],[111.75334,-7.337565],[111.753095,-7.33747],[111.75292,-7.33751],[111.752655,-7.33782],[111.7524,-7.337945],[111.75212,-7.337885],[111.75176,-7.337685],[111.751525,-7.33749],[111.751265,-7.337175],[111.751085,-7.336595],[111.751105,-7.336435],[111.75123,-7.33634],[111.751705,-7.33616],[111.7518,-7.33607],[111.752185,-7.335425],[111.752275,-7.335125],[111.752225,-7.334895],[111.752075,-7.3348],[111.75186,-7.33486],[111.75146,-7.33511],[111.75134,-7.33525],[111.751125,-7.335675],[111.75088,-7.335795],[111.750685,-7.335725],[111.75042,-7.33553],[111.750295,-7.33534],[111.75031,-7.335035],[111.75056,-7.33438],[111.750485,-7.333895],[111.750595,-7.333435],[111.75062,-7.333105],[111.75045,-7.332835],[111.75027,-7.332775],[111.74991,-7.332795],[111.74964,-7.3329],[111.74946,-7.33302],[111.74931,-7.3332],[111.74902,-7.33371],[111.74881,-7.33396],[111.74857,-7.33416],[111.74833,-7.33428],[111.74802,-7.33427],[111.74761,-7.33412],[111.74746,-7.33393],[111.74722,-7.33342],[111.74688,-7.33252],[111.74657,-7.33211],[111.74638,-7.33192],[111.74617,-7.33182],[111.74587,-7.33176],[111.74558,-7.3316],[111.74555,-7.33148],[111.74571,-7.33091],[111.74597,-7.33008],[111.74612,-7.32945],[111.74615,-7.32921],[111.74606,-7.32874],[111.74571,-7.32851],[111.74532,-7.32842],[111.74482,-7.32835],[111.74446,-7.32826],[111.744205,-7.328095],[111.743975,-7.32785],[111.74399,-7.327545],[111.74417,-7.327205],[111.744585,-7.32687],[111.744835,-7.32678],[111.745395,-7.32685],[111.745635,-7.326965],[111.746115,-7.327255],[111.74631,-7.327275],[111.746565,-7.3272],[111.746875,-7.327025],[111.747175,-7.32671],[111.74731,-7.32641],[111.747405,-7.32607],[111.74742,-7.325765],[111.74713,-7.325045],[111.747145,-7.32484],[111.74733,-7.324615],[111.74759,-7.324465],[111.74817,-7.324295],[111.748275,-7.32414],[111.748285,-7.32386],[111.748365,-7.323655],[111.748505,-7.32354],[111.748775,-7.32347],[111.748945,-7.323195],[111.748995,-7.32267],[111.748845,-7.3221],[111.74922,-7.32159],[111.74923,-7.32136],[111.749105,-7.321235],[111.74887,-7.32115],[111.748605,-7.32128],[111.7486,-7.32153],[111.748315,-7.32169],[111.74782,-7.32177],[111.74762,-7.32174],[111.747195,-7.32142],[111.747055,-7.321135],[111.74708,-7.320905],[111.747275,-7.32065],[111.747625,-7.32058],[111.74771,-7.32023],[111.747875,-7.32001],[111.74781,-7.3194],[111.74767,-7.31924],[111.747465,-7.319165],[111.74708,-7.319285],[111.74695,-7.3194],[111.746775,-7.31995],[111.74663,-7.32017],[111.74648,-7.32061],[111.746285,-7.32086],[111.74593,-7.32113],[111.745775,-7.321325],[111.745575,-7.32186],[111.74525,-7.322395],[111.744925,-7.322735],[111.74469,-7.3228],[111.744415,-7.32272],[111.74426,-7.32262],[111.743955,-7.3223],[111.743895,-7.322125],[111.743875,-7.32169],[111.743995,-7.32141],[111.744305,-7.32092],[111.74441,-7.320575],[111.74446,-7.320125],[111.7444,-7.31982],[111.7444,-7.31954],[111.74449,-7.3192],[111.74502,-7.31848],[111.74521,-7.31835],[111.74553,-7.3183],[111.74594,-7.3183],[111.74619,-7.31826],[111.74633,-7.31816],[111.747135,-7.317425],[111.747945,-7.31714],[111.748025,-7.316675],[111.747205,-7.31558],[111.746525,-7.314555],[111.745515,-7.314735],[111.745145,-7.31477],[111.744515,-7.314675],[111.74404,-7.315225],[111.74366,-7.31525],[111.74354,-7.31485],[111.74375,-7.31438],[111.744,-7.31417],[111.74439,-7.314085],[111.744495,-7.313895],[111.7445,-7.313675],[111.74443,-7.313515],[111.744085,-7.31304],[111.74381,-7.312835],[111.74359,-7.31257],[111.74307,-7.312165],[111.74268,-7.312],[111.74233,-7.311985],[111.74207,-7.312045],[111.741715,-7.312445],[111.741425,-7.312905],[111.741165,-7.313435],[111.74109,-7.313745],[111.740585,-7.31403],[111.740185,-7.314185],[111.739885,-7.31415],[111.739615,-7.31391],[111.73951,-7.31356],[111.739155,-7.31336],[111.73939,-7.31316],[111.73975,-7.31291],[111.739935,-7.312975],[111.74029,-7.31282],[111.740725,-7.312705],[111.74089,-7.312605],[111.74106,-7.31231],[111.741225,-7.311525],[111.741165,-7.31138],[111.741,-7.311255],[111.74052,-7.310735],[111.739985,-7.31022],[111.73912,-7.30988],[111.73897,-7.30975],[111.73892,-7.30961],[111.73897,-7.30945],[111.73928,-7.30915],[111.73952,-7.30899],[111.739705,-7.308625],[111.739685,-7.308385],[111.739435,-7.30801],[111.739135,-7.307675],[111.73907,-7.30753],[111.7389,-7.306965],[111.73892,-7.306805],[111.739235,-7.30654],[111.73945,-7.3064],[111.7396,-7.306205],[111.739665,-7.305955],[111.739625,-7.30577],[111.73948,-7.30543],[111.73945,-7.305205],[111.73957,-7.304675],[111.739465,-7.30421],[111.739455,-7.303755],[111.739515,-7.30353],[111.739505,-7.30311],[111.739395,-7.3028],[111.73901,-7.302175],[111.73902,-7.30186],[111.73909,-7.30166],[111.73933,-7.3013],[111.73963,-7.30097],[111.73983,-7.30066],[111.740035,-7.30043],[111.74016,-7.300105],[111.73992,-7.29967],[111.73931,-7.299075],[111.73898,-7.298865],[111.73853,-7.29876],[111.73785,-7.29889],[111.73756,-7.29897],[111.73718,-7.29913],[111.73692,-7.29932],[111.73682,-7.29948],[111.73672,-7.30011],[111.736605,-7.30037],[111.73633,-7.30062],[111.73583,-7.300655],[111.73561,-7.30059],[111.73555,-7.30038],[111.73555,-7.30014],[111.735735,-7.299315],[111.73608,-7.29844],[111.73608,-7.29829],[111.73584,-7.29803],[111.73549,-7.297975],[111.735465,-7.29779],[111.735275,-7.297585],[111.73503,-7.29781],[111.73464,-7.298025],[111.73418,-7.2981],[111.73381,-7.29811],[111.733595,-7.298165],[111.733475,-7.298305],[111.73337,-7.29877],[111.733155,-7.29902],[111.73295,-7.29918],[111.73164,-7.30032],[111.73092,-7.30096],[111.73051,-7.30127],[111.73029,-7.30134],[111.72992,-7.30121],[111.72802,-7.30039],[111.72764,-7.30007],[111.72752,-7.29972],[111.72752,-7.29953],[111.7276,-7.29904],[111.72778,-7.29847],[111.72781,-7.29795],[111.72764,-7.2974],[111.72731,-7.29697],[111.72712,-7.29679],[111.72663,-7.29642],[111.72648,-7.296215],[111.726405,-7.295345],[111.72622,-7.295355],[111.72628,-7.29503],[111.72668,-7.29477],[111.72699,-7.29451],[111.7272,-7.29429],[111.727475,-7.293855],[111.727645,-7.293635],[111.72765,-7.29339],[111.72759,-7.29319],[111.72733,-7.292775],[111.7271,-7.293035],[111.72645,-7.293135],[111.726095,-7.293335],[111.725365,-7.293335],[111.72531,-7.29366],[111.725595,-7.293805],[111.72598,-7.29375],[111.72661,-7.293435],[111.72624,-7.293775],[111.72595,-7.293975],[111.725255,-7.29405],[111.724895,-7.29416],[111.724525,-7.29412],[111.72427,-7.293775],[111.72421,-7.29352],[111.724295,-7.293235],[111.724595,-7.292475],[111.72478,-7.29235],[111.72534,-7.292405],[111.725965,-7.29279],[111.72714,-7.29265],[111.72681,-7.292],[111.726725,-7.29142],[111.726685,-7.290855],[111.72659,-7.290525],[111.726585,-7.290235],[111.72652,-7.29006],[111.72634,-7.28997],[111.72607,-7.28999],[111.72574,-7.28994],[111.725625,-7.28981],[111.72562,-7.289635],[111.725795,-7.28927],[111.72597,-7.28919],[111.726125,-7.289205],[111.726985,-7.28938],[111.727295,-7.289365],[111.72756,-7.289095],[111.727565,-7.28873],[111.727455,-7.28847],[111.727085,-7.28806],[111.727005,-7.28785],[111.727055,-7.28768],[111.72747,-7.287385],[111.728105,-7.287075],[111.728525,-7.28679],[111.728695,-7.28642],[111.72875,-7.285865],[111.728735,-7.285685],[111.72846,-7.284865],[111.72808,-7.284095],[111.727585,-7.283495],[111.727065,-7.282815],[111.726925,-7.28256],[111.726815,-7.282125],[111.72683,-7.28172],[111.726925,-7.281575],[111.727095,-7.28147],[111.727745,-7.28137],[111.72839,-7.281145],[111.72868,-7.281135],[111.728875,-7.280945],[111.72891,-7.28065],[111.728885,-7.28043],[111.728755,-7.27982],[111.72867,-7.27965],[111.728435,-7.27939],[111.72804,-7.27915],[111.7278,-7.27913],[111.727305,-7.27918],[111.726945,-7.27915],[111.726405,-7.27896],[111.726195,-7.278955],[111.72596,-7.27976],[111.725885,-7.27993],[111.725755,-7.28004],[111.725705,-7.28032],[111.72546,-7.2807],[111.725275,-7.28078],[111.72501,-7.280725],[111.724905,-7.28121],[111.724735,-7.28133],[111.7242,-7.281355],[111.72385,-7.28132],[111.72382,-7.281385],[111.723565,-7.28144],[111.72339,-7.28158],[111.72337,-7.281865],[111.72316,-7.28186],[111.722975,-7.28175],[111.722775,-7.281545],[111.722595,-7.28129],[111.72279,-7.2808],[111.722635,-7.28021],[111.722175,-7.280165],[111.72209,-7.27999],[111.72084,-7.28063],[111.72036,-7.28085],[111.72002,-7.28094],[111.71936,-7.28105],[111.71815,-7.28132],[111.71778,-7.28138],[111.71751,-7.28136],[111.71678,-7.28115],[111.71621,-7.28122],[111.71542,-7.28125],[111.71462,-7.28126],[111.71366,-7.28117],[111.71287,-7.28115],[111.71241,-7.28111],[111.71196,-7.28102],[111.71146,-7.28103],[111.71109,-7.28125],[111.71052,-7.28168],[111.70988,-7.28224],[111.70922,-7.2827],[111.70862,-7.28306],[111.7081,-7.28317],[111.708,-7.28325],[111.70773,-7.2838],[111.70718,-7.28376],[111.70628,-7.2839],[111.70623,-7.28408],[111.70603,-7.28452],[111.70618,-7.28473],[111.70585,-7.28507],[111.70548,-7.28538],[111.70511,-7.2858],[111.70476,-7.28648],[111.70474,-7.28662],[111.70512,-7.28696],[111.70519,-7.28708],[111.70515,-7.2874],[111.70521,-7.28758],[111.70498,-7.28784],[111.70444,-7.28809],[111.7039,-7.28837],[111.70324,-7.28857],[111.70295,-7.28901],[111.70189,-7.28915],[111.70138,-7.28937],[111.70113,-7.28945],[111.70033,-7.28928],[111.70022,-7.28928],[111.69994,-7.29001],[111.69996,-7.29063],[111.7001,-7.29102],[111.70013,-7.29144],[111.70031,-7.29176],[111.701,-7.29215],[111.70111,-7.29235],[111.70116,-7.29266],[111.70113,-7.29297],[111.701,-7.29319],[111.70059,-7.29369],[111.7005,-7.29384],[111.7004,-7.29446],[111.70025,-7.2947],[111.70013,-7.29517],[111.70004,-7.29533],[111.69986,-7.29541],[111.69959,-7.29544],[111.69917,-7.29563],[111.6989,-7.29596],[111.69895,-7.29608],[111.69937,-7.29647],[111.69942,-7.29667],[111.6994,-7.29686],[111.6992,-7.29717],[111.69847,-7.29726],[111.69808,-7.29779],[111.69774,-7.29782],[111.69739,-7.29804],[111.69728,-7.29854],[111.69711,-7.2988],[111.69673,-7.29964],[111.69683,-7.30005],[111.69672,-7.30018],[111.69652,-7.30028],[111.69643,-7.30047],[111.6963,-7.30054],[111.69615,-7.30092],[111.69607,-7.301],[111.69622,-7.30148],[111.69624,-7.302],[111.69655,-7.30225],[111.69672,-7.30277],[111.69803,-7.30322],[111.69834,-7.30375],[111.69866,-7.30483],[111.69879,-7.30535],[111.69888,-7.30609],[111.699,-7.30691],[111.69908,-7.30758],[111.69927,-7.30836],[111.69937,-7.30893],[111.69956,-7.31023],[111.69965,-7.31094],[111.69974,-7.31134],[111.69936,-7.31178],[111.69927,-7.31218],[111.69933,-7.31241],[111.69966,-7.3129],[111.69971,-7.31317],[111.69943,-7.31341],[111.69865,-7.31458],[111.69852,-7.3148],[111.69787,-7.31548],[111.69775,-7.31564],[111.69765,-7.31604],[111.69764,-7.31633],[111.69771,-7.3171],[111.69777,-7.31725],[111.69796,-7.31747],[111.6978,-7.31816],[111.69797,-7.31896],[111.69817,-7.31969],[111.69844,-7.32061],[111.69869,-7.32188],[111.69882,-7.32324],[111.69881,-7.32378],[111.69876,-7.32487],[111.69876,-7.32543],[111.6988,-7.32601],[111.69876,-7.32653],[111.69883,-7.32689],[111.69891,-7.32702],[111.69867,-7.32764],[111.69858,-7.32795],[111.69849,-7.32811],[111.69814,-7.32823],[111.69803,-7.32819],[111.69747,-7.32763],[111.69727,-7.32755],[111.69702,-7.32754],[111.69687,-7.32774],[111.69677,-7.32806],[111.69665,-7.32823],[111.69639,-7.32845],[111.69573,-7.32882],[111.69554,-7.32895],[111.69541,-7.32921],[111.69546,-7.32942],[111.69591,-7.32995],[111.69596,-7.33015],[111.69588,-7.33043],[111.69573,-7.33056],[111.69565,-7.33091],[111.69604,-7.33161],[111.69609,-7.33181],[111.69613,-7.33252],[111.69601,-7.33294],[111.69578,-7.33306],[111.69557,-7.33301],[111.69492,-7.33278],[111.69478,-7.33276],[111.69455,-7.33291],[111.69442,-7.33314],[111.69435,-7.33353],[111.69438,-7.33366],[111.69456,-7.33376],[111.69507,-7.33375],[111.69522,-7.33386],[111.69531,-7.33435],[111.69549,-7.33448],[111.69577,-7.3348],[111.69581,-7.33492],[111.69552,-7.33546],[111.69541,-7.33584],[111.69521,-7.3359],[111.69481,-7.33568],[111.69451,-7.3358],[111.69412,-7.33623],[111.69389,-7.33635],[111.69072,-7.33651],[111.68975,-7.3366],[111.68896,-7.33674],[111.68754,-7.33709],[111.68464,-7.33799],[111.68327,-7.33827],[111.68225,-7.33878],[111.68098,-7.33953],[111.68019,-7.33989],[111.68006,-7.33992],[111.67889,-7.3408],[111.67807,-7.34135],[111.67701,-7.34201],[111.67634,-7.34245],[111.67525,-7.34311],[111.67443,-7.34356],[111.67343,-7.34399],[111.67252,-7.34431],[111.67179,-7.3445],[111.67242,-7.34466],[111.67309,-7.3448],[111.67384,-7.34507],[111.67494,-7.3454],[111.6759,-7.34579],[111.67682,-7.3461],[111.67758,-7.34658],[111.67802,-7.34653],[111.6785,-7.34682],[111.67891,-7.34703],[111.67901,-7.34735],[111.67892,-7.34772],[111.67891,-7.34796],[111.67897,-7.34819],[111.67913,-7.34848],[111.67938,-7.34881],[111.67991,-7.34928],[111.68012,-7.34968],[111.6803,-7.35012],[111.68046,-7.35031],[111.68054,-7.35064],[111.68047,-7.35095],[111.68151,-7.35212],[111.68171,-7.35273],[111.68199,-7.35399],[111.68207,-7.35461],[111.68219,-7.35533],[111.68226,-7.35598],[111.68241,-7.35629],[111.68264,-7.35657],[111.68463,-7.35768],[111.68545,-7.35818],[111.6861,-7.35853],[111.68666,-7.3589],[111.68786,-7.3596],[111.68853,-7.3598],[111.68926,-7.35999],[111.69018,-7.3601],[111.691,-7.36009],[111.69193,-7.36015],[111.69234,-7.36032],[111.69276,-7.36066],[111.69321,-7.36119],[111.69354,-7.36172],[111.69388,-7.36244],[111.69413,-7.36306],[111.69457,-7.36422],[111.69477,-7.36487],[111.69501,-7.36548],[111.69538,-7.36652],[111.69591,-7.36765],[111.69658,-7.36839],[111.69691,-7.3688],[111.69746,-7.36936],[111.69813,-7.36984],[111.69885,-7.3703],[111.69963,-7.37068],[111.70065,-7.37126],[111.70181,-7.37177],[111.70276,-7.37227],[111.70321,-7.37238],[111.70364,-7.37242],[111.70523,-7.37214],[111.70653,-7.37199],[111.70757,-7.37181],[111.70883,-7.37149],[111.70953,-7.37129],[111.71102,-7.37065],[111.71256,-7.36985],[111.7133,-7.36948],[111.71391,-7.36907],[111.71476,-7.3683],[111.7162,-7.36713],[111.71687,-7.36662],[111.71828,-7.36539],[111.71877,-7.36491],[111.71978,-7.36369],[111.72004,-7.36316],[111.72008,-7.36241],[111.72057,-7.36165],[111.72067,-7.36146],[111.72089,-7.36127],[111.72132,-7.36106],[111.72209,-7.36094],[111.72222,-7.36085],[111.72234,-7.36064],[111.72251,-7.35972],[111.72266,-7.3594],[111.72287,-7.35925],[111.72333,-7.35913],[111.72349,-7.35904],[111.72368,-7.35878],[111.72441,-7.35855],[111.72499,-7.35775],[111.72549,-7.35732],[111.72599,-7.35662],[111.72637,-7.35599],[111.72665,-7.35543],[111.72698,-7.35487],[111.72743,-7.35432],[111.72801,-7.35373],[111.72929,-7.35262],[111.72924,-7.35216],[111.72958,-7.35189],[111.72987,-7.3517],[111.73085,-7.35209],[111.73186,-7.3532],[111.73235,-7.35357],[111.733,-7.35394],[111.73375,-7.35427],[111.73456,-7.35451],[111.73612,-7.35472],[111.73648,-7.35485],[111.7366,-7.35469],[111.73709,-7.35449],[111.73716,-7.35401],[111.73756,-7.35375],[111.73747,-7.35352],[111.73709,-7.35347],[111.73713,-7.35327],[111.73737,-7.35308],[111.73807,-7.35355],[111.73834,-7.35363],[111.73863,-7.35346],[111.73849,-7.35321],[111.73833,-7.35304],[111.73829,-7.35291],[111.73837,-7.35251],[111.7385,-7.35231],[111.73891,-7.3522],[111.739,-7.35202],[111.73886,-7.35184],[111.73859,-7.35171],[111.73846,-7.35158],[111.73845,-7.35145],[111.73866,-7.35129],[111.73893,-7.35138],[111.73934,-7.35164],[111.73957,-7.35151],[111.73971,-7.35133],[111.73947,-7.3511],[111.73959,-7.35075],[111.74029,-7.35055],[111.74028,-7.35047],[111.73983,-7.35028],[111.73987,-7.35006],[111.73998,-7.35001],[111.74033,-7.35016],[111.74061,-7.34999],[111.74064,-7.34956],[111.74081,-7.34948],[111.74105,-7.34961],[111.74114,-7.35023],[111.74123,-7.35029],[111.74139,-7.35],[111.74152,-7.3493],[111.74165,-7.34909],[111.74187,-7.3489],[111.74381,-7.34772],[111.74426,-7.3475],[111.74502,-7.34731],[111.74586,-7.34713],[111.7467,-7.34693],[111.74779,-7.34679],[111.74886,-7.34671],[111.75,-7.34667],[111.75058,-7.3469],[111.75141,-7.34736],[111.75238,-7.34777],[111.75413,-7.3482],[111.75531,-7.34831],[111.75731,-7.34854],[111.75768,-7.34855],[111.75798,-7.3487],[111.758335,-7.34883]]]}},{"type":"Feature","properties":{"nama":"Ngasem"},"geometry":{"type":"Polygon","coordinates":[[[111.80364,-7.26836],[111.80378,-7.26828],[111.80392,-7.268],[111.80402,-7.26763],[111.804,-7.26745],[111.80365,-7.26694],[111.80362,-7.2668],[111.80368,-7.26661],[111.80428,-7.26601],[111.803,-7.26447],[111.80226,-7.26386],[111.80151,-7.26337],[111.80099,-7.26315],[111.8001,-7.2623],[111.79953,-7.26162],[111.79932,-7.26129],[111.79892,-7.26045],[111.79876,-7.25972],[111.79841,-7.25872],[111.79753,-7.25715],[111.79745,-7.25648],[111.79727,-7.25566],[111.79704,-7.25495],[111.79699,-7.25413],[111.79682,-7.25338],[111.79674,-7.25251],[111.79723,-7.25122],[111.79723,-7.25042],[111.79713,-7.25],[111.79685,-7.24946],[111.79529,-7.24709],[111.7948,-7.24631],[111.79348,-7.24396],[111.79307,-7.24311],[111.7927,-7.24239],[111.79215,-7.24138],[111.79172,-7.24045],[111.79151,-7.23986],[111.79127,-7.23883],[111.79122,-7.23835],[111.79122,-7.23805],[111.79129,-7.23742],[111.79143,-7.23692],[111.7915,-7.23653],[111.79191,-7.23477],[111.79207,-7.23413],[111.79224,-7.23354],[111.79239,-7.23319],[111.79299,-7.23163],[111.79347,-7.23044],[111.79358,-7.23008],[111.7937,-7.22951],[111.79389,-7.22895],[111.79431,-7.22818],[111.79439,-7.2279],[111.79445,-7.22747],[111.79452,-7.22661],[111.79461,-7.22597],[111.79472,-7.22574],[111.79502,-7.22491],[111.79524,-7.2238],[111.79529,-7.2234],[111.79565,-7.22264],[111.79589,-7.22202],[111.79621,-7.22073],[111.7963,-7.21992],[111.7964,-7.2195],[111.79708,-7.21877],[111.79717,-7.21857],[111.79738,-7.21785],[111.79787,-7.21708],[111.79783,-7.21681],[111.79838,-7.2157],[111.79854,-7.21525],[111.79878,-7.21405],[111.79906,-7.21345],[111.79914,-7.21315],[111.79895,-7.21266],[111.7989,-7.21238],[111.79893,-7.21179],[111.79879,-7.21144],[111.79885,-7.21105],[111.79868,-7.21017],[111.79873,-7.20992],[111.79875,-7.20942],[111.79889,-7.20871],[111.79901,-7.20723],[111.79929,-7.20689],[111.79957,-7.20664],[111.79979,-7.20651],[111.79998,-7.20647],[111.80044,-7.20648],[111.80131,-7.20673],[111.80162,-7.20672],[111.80173,-7.20667],[111.80199,-7.20604],[111.80212,-7.20588],[111.80231,-7.20576],[111.80298,-7.20565],[111.80391,-7.20574],[111.80415,-7.20544],[111.80458,-7.20519],[111.80473,-7.20507],[111.80482,-7.20438],[111.80486,-7.20422],[111.80543,-7.2032],[111.80556,-7.20257],[111.80567,-7.20233],[111.80583,-7.20214],[111.80624,-7.20195],[111.80623,-7.20169],[111.80637,-7.20143],[111.80681,-7.20143],[111.80693,-7.20136],[111.80719,-7.20067],[111.80721,-7.20046],[111.80753,-7.19969],[111.807545,-7.19947],[111.807385,-7.19942],[111.807035,-7.19923],[111.80673,-7.19917],[111.80613,-7.19899],[111.805055,-7.19891],[111.80447,-7.19891],[111.803755,-7.19901],[111.8032,-7.19905],[111.802925,-7.199105],[111.8022,-7.19908],[111.801785,-7.19894],[111.801265,-7.198815],[111.801025,-7.19879],[111.80061,-7.198645],[111.799975,-7.198475],[111.799355,-7.19817],[111.799145,-7.19797],[111.798525,-7.19747],[111.798245,-7.197205],[111.797785,-7.19671],[111.79761,-7.19657],[111.796765,-7.19601],[111.796555,-7.19574],[111.79619,-7.1954],[111.79549,-7.19499],[111.79461,-7.194725],[111.79431,-7.19465],[111.794205,-7.19458],[111.79337,-7.194145],[111.79322,-7.193935],[111.792905,-7.19361],[111.792065,-7.192865],[111.791505,-7.19253],[111.790905,-7.192215],[111.79012,-7.1917],[111.789585,-7.19112],[111.789165,-7.190605],[111.789015,-7.190325],[111.788815,-7.19018],[111.788475,-7.18945],[111.78837,-7.189],[111.78832,-7.1884],[111.78874,-7.187715],[111.7887,-7.18737],[111.78844,-7.187235],[111.788425,-7.187065],[111.78852,-7.18678],[111.788685,-7.186615],[111.788925,-7.186485],[111.788985,-7.186375],[111.788625,-7.18618],[111.78851,-7.18595],[111.788535,-7.18579],[111.788715,-7.18546],[111.78846,-7.185165],[111.788475,-7.185025],[111.788695,-7.18484],[111.788905,-7.184825],[111.789115,-7.185035],[111.78939,-7.18516],[111.78963,-7.18502],[111.789925,-7.184905],[111.790295,-7.18492],[111.790425,-7.184765],[111.79036,-7.184405],[111.79039,-7.18409],[111.79053,-7.183185],[111.79041,-7.182535],[111.79042,-7.182275],[111.790725,-7.182115],[111.790995,-7.18202],[111.7912,-7.181645],[111.7913,-7.181345],[111.79128,-7.18113],[111.791165,-7.18097],[111.79098,-7.180535],[111.7912,-7.180285],[111.79136,-7.179985],[111.7912,-7.179695],[111.791195,-7.179265],[111.791135,-7.17915],[111.79096,-7.179095],[111.79078,-7.178265],[111.79049,-7.177545],[111.790525,-7.17733],[111.79132,-7.176705],[111.79169,-7.176345],[111.79231,-7.175895],[111.792335,-7.175775],[111.792215,-7.175575],[111.792035,-7.17542],[111.79193,-7.1752],[111.79192,-7.175055],[111.79204,-7.174775],[111.792195,-7.17429],[111.792275,-7.173565],[111.79242,-7.17275],[111.792645,-7.1727],[111.793155,-7.17271],[111.793465,-7.17281],[111.793685,-7.17278],[111.794145,-7.172805],[111.79477,-7.17258],[111.79533,-7.17225],[111.79562,-7.17204],[111.796105,-7.17183],[111.7969,-7.171295],[111.797385,-7.17095],[111.797855,-7.17056],[111.798305,-7.17013],[111.79799,-7.16992],[111.798145,-7.169655],[111.79826,-7.169285],[111.79839,-7.169105],[111.79809,-7.168825],[111.79838,-7.16794],[111.797965,-7.167745],[111.79766,-7.167665],[111.797455,-7.16723],[111.7973,-7.167175],[111.797335,-7.16685],[111.797155,-7.16638],[111.79719,-7.1659],[111.797295,-7.16531],[111.79735,-7.1647],[111.79704,-7.16443],[111.796955,-7.164215],[111.796535,-7.16422],[111.796395,-7.16405],[111.79657,-7.16391],[111.796575,-7.163745],[111.79649,-7.16346],[111.796485,-7.162615],[111.79652,-7.162315],[111.79642,-7.1623],[111.796455,-7.162015],[111.79623,-7.162025],[111.79665,-7.160885],[111.796765,-7.16071],[111.796615,-7.160235],[111.796665,-7.15995],[111.7961,-7.16012],[111.79554,-7.16014],[111.79506,-7.16008],[111.79406,-7.1601],[111.79303,-7.16008],[111.79233,-7.16002],[111.79186,-7.1599],[111.79166,-7.15963],[111.79175,-7.15932],[111.79187,-7.15919],[111.79223,-7.15893],[111.79237,-7.15827],[111.79215,-7.15809],[111.79161,-7.15774],[111.79103,-7.15743],[111.79041,-7.15714],[111.78952,-7.15679],[111.78898,-7.15669],[111.78842,-7.15664],[111.78818,-7.15794],[111.78783,-7.15907],[111.78777,-7.15979],[111.78778,-7.160565],[111.78633,-7.16069],[111.78551,-7.16079],[111.783325,-7.16108],[111.78189,-7.16094],[111.7814,-7.16088],[111.78113,-7.16089],[111.78079,-7.16096],[111.78025,-7.16111],[111.77969,-7.16121],[111.77927,-7.16117],[111.77889,-7.16108],[111.77859,-7.16097],[111.77848,-7.16082],[111.77834,-7.16022],[111.778,-7.15964],[111.77718,-7.15847],[111.77666,-7.15784],[111.77622,-7.15741],[111.77591,-7.15721],[111.77425,-7.15674],[111.77366,-7.1566],[111.7733,-7.15647],[111.77337,-7.15741],[111.77351,-7.15796],[111.77375,-7.15858],[111.77393,-7.15894],[111.77398,-7.15933],[111.77392,-7.15976],[111.7738,-7.16024],[111.7732,-7.16193],[111.77302,-7.16251],[111.77292,-7.16293],[111.77257,-7.165],[111.77227,-7.1656],[111.77209,-7.16576],[111.77183,-7.16581],[111.77126,-7.16565],[111.77067,-7.16545],[111.76906,-7.16488],[111.76851,-7.16465],[111.76813,-7.16437],[111.76767,-7.16382],[111.76727,-7.1634],[111.76695,-7.16323],[111.76651,-7.16304],[111.76553,-7.16266],[111.76389,-7.16209],[111.76307,-7.16182],[111.76219,-7.16149],[111.76131,-7.16118],[111.76059,-7.1609],[111.75977,-7.1606],[111.75866,-7.16042],[111.75861,-7.1611],[111.7586,-7.16233],[111.75783,-7.16215],[111.75733,-7.16213],[111.75679,-7.16215],[111.75576,-7.16184],[111.75571,-7.161635],[111.75551,-7.16114],[111.75554,-7.161015],[111.75576,-7.16071],[111.75591,-7.16041],[111.756035,-7.16026],[111.75629,-7.160295],[111.75655,-7.160165],[111.756645,-7.15998],[111.75654,-7.159575],[111.75599,-7.15867],[111.75609,-7.15794],[111.75436,-7.15799],[111.754275,-7.157835],[111.753645,-7.15777],[111.75314,-7.15767],[111.75307,-7.15783],[111.752475,-7.15803],[111.752335,-7.158],[111.75231,-7.15827],[111.75202,-7.15822],[111.751625,-7.15895],[111.750805,-7.15875],[111.750265,-7.15854],[111.75014,-7.15874],[111.750015,-7.15872],[111.74964,-7.158525],[111.74912,-7.158365],[111.747595,-7.158085],[111.746285,-7.157715],[111.74633,-7.15764],[111.744345,-7.157205],[111.74303,-7.15709],[111.74289,-7.157135],[111.74189,-7.15671],[111.74072,-7.15615],[111.738525,-7.15551],[111.73852,-7.15598],[111.738475,-7.157125],[111.73853,-7.15754],[111.738515,-7.158175],[111.738115,-7.15941],[111.737565,-7.16137],[111.73689,-7.16348],[111.73659,-7.165175],[111.73631,-7.166415],[111.73611,-7.16808],[111.73633,-7.1682],[111.736235,-7.168755],[111.73629,-7.16889],[111.736225,-7.169905],[111.736015,-7.170695],[111.735965,-7.171975],[111.736035,-7.17394],[111.73801,-7.177785],[111.73804,-7.178905],[111.73732,-7.17888],[111.73694,-7.178935],[111.73703,-7.179165],[111.737395,-7.17991],[111.737595,-7.18051],[111.7379,-7.18114],[111.737925,-7.181365],[111.73787,-7.18347],[111.737555,-7.184775],[111.7373,-7.185335],[111.7371,-7.186715],[111.73696,-7.188375],[111.73703,-7.189515],[111.7376,-7.1906],[111.73926,-7.191895],[111.7395,-7.19252],[111.739685,-7.19373],[111.74008,-7.194565],[111.740835,-7.195345],[111.742365,-7.196895],[111.742515,-7.197315],[111.7425,-7.198325],[111.742165,-7.198885],[111.74126,-7.200475],[111.74068,-7.201325],[111.74056,-7.20175],[111.74063,-7.20238],[111.74058,-7.20291],[111.740435,-7.20362],[111.74047,-7.20393],[111.740735,-7.204265],[111.74151,-7.205145],[111.74173,-7.20582],[111.74179,-7.206385],[111.741785,-7.20688],[111.741935,-7.207485],[111.74218,-7.20806],[111.74223,-7.20847],[111.742015,-7.208455],[111.74089,-7.21123],[111.74073,-7.211795],[111.74041,-7.21267],[111.739795,-7.213555],[111.73974,-7.21394],[111.74003,-7.21491],[111.73991,-7.21553],[111.739875,-7.216755],[111.739535,-7.21774],[111.73845,-7.219625],[111.73749,-7.21952],[111.73709,-7.21934],[111.736675,-7.21922],[111.736345,-7.219055],[111.7359,-7.21891],[111.73479,-7.21887],[111.734305,-7.218715],[111.733885,-7.21848],[111.73354,-7.218205],[111.733055,-7.217635],[111.73274,-7.217145],[111.732455,-7.216905],[111.73204,-7.2168],[111.731395,-7.21674],[111.730755,-7.21674],[111.730315,-7.216635],[111.72991,-7.216635],[111.72885,-7.216525],[111.727995,-7.216335],[111.727685,-7.21605],[111.726775,-7.21499],[111.72628,-7.214585],[111.72516,-7.213525],[111.724855,-7.213075],[111.724655,-7.212945],[111.724265,-7.21281],[111.72397,-7.212775],[111.72312,-7.21293],[111.72248,-7.21296],[111.721805,-7.21295],[111.721515,-7.212915],[111.720835,-7.21383],[111.720265,-7.214215],[111.720135,-7.21436],[111.71918,-7.214085],[111.718895,-7.213815],[111.718415,-7.21325],[111.71793,-7.212815],[111.7175,-7.212815],[111.716245,-7.213235],[111.715845,-7.21344],[111.715415,-7.213585],[111.714855,-7.21366],[111.714445,-7.213825],[111.714075,-7.21393],[111.713285,-7.21428],[111.713045,-7.21442],[111.713455,-7.214865],[111.71273,-7.214895],[111.71265,-7.21493],[111.71258,-7.215165],[111.712565,-7.21546],[111.7126,-7.21579],[111.71234,-7.216425],[111.71246,-7.218485],[111.71316,-7.219955],[111.7133,-7.220295],[111.713315,-7.22068],[111.7131,-7.22114],[111.71295,-7.221225],[111.713425,-7.22154],[111.71354,-7.22171],[111.71357,-7.222085],[111.713435,-7.222655],[111.71332,-7.223375],[111.713325,-7.223705],[111.713235,-7.224075],[111.712995,-7.22473],[111.71286,-7.225515],[111.71283,-7.225835],[111.712955,-7.226135],[111.713145,-7.226235],[111.713485,-7.226515],[111.713635,-7.226595],[111.714185,-7.226735],[111.71448,-7.226855],[111.71499,-7.227505],[111.715085,-7.22769],[111.715125,-7.227925],[111.71498,-7.22843],[111.71486,-7.22865],[111.71463,-7.22878],[111.714155,-7.22886],[111.71395,-7.22885],[111.71351,-7.228765],[111.71286,-7.228545],[111.71242,-7.22855],[111.712155,-7.228665],[111.71185,-7.228945],[111.71177,-7.229175],[111.711745,-7.229615],[111.711535,-7.229915],[111.71132,-7.23006],[111.71102,-7.230175],[111.710735,-7.23023],[111.7103,-7.23024],[111.709855,-7.23009],[111.70939,-7.22972],[111.709105,-7.22958],[111.70888,-7.229615],[111.708435,-7.229875],[111.708335,-7.229995],[111.70829,-7.230225],[111.70832,-7.23046],[111.708455,-7.23076],[111.708555,-7.23084],[111.709195,-7.231195],[111.7096,-7.231385],[111.70995,-7.23159],[111.7102,-7.231875],[111.710225,-7.232025],[111.71006,-7.23231],[111.70992,-7.23241],[111.7095,-7.23243],[111.708875,-7.23226],[111.708465,-7.23223],[111.70828,-7.23229],[111.70812,-7.23245],[111.7081,-7.23267],[111.70832,-7.23296],[111.708665,-7.233335],[111.70925,-7.23383],[111.709455,-7.23391],[111.70964,-7.233875],[111.710275,-7.233585],[111.71073,-7.23373],[111.710965,-7.233875],[111.71112,-7.23408],[111.71119,-7.23429],[111.711145,-7.234675],[111.710945,-7.234965],[111.710705,-7.23509],[111.710275,-7.2352],[111.709905,-7.235225],[111.708955,-7.23514],[111.708445,-7.235125],[111.707855,-7.235205],[111.707505,-7.23514],[111.70699,-7.2348],[111.70663,-7.23476],[111.7064,-7.23496],[111.70634,-7.235135],[111.70642,-7.235455],[111.70682,-7.235815],[111.70743,-7.23612],[111.707575,-7.236295],[111.70777,-7.236855],[111.70778,-7.23713],[111.70763,-7.23814],[111.707665,-7.238465],[111.70781,-7.2387],[111.70808,-7.23886],[111.70824,-7.23889],[111.70865,-7.238865],[111.709175,-7.23857],[111.70954,-7.238575],[111.709875,-7.23875],[111.71029,-7.239125],[111.71032,-7.23934],[111.71006,-7.239575],[111.709815,-7.23956],[111.709255,-7.23938],[111.70878,-7.2394],[111.70848,-7.23957],[111.708255,-7.240055],[111.70833,-7.24024],[111.70821,-7.24051],[111.707805,-7.240805],[111.707735,-7.24095],[111.707835,-7.241505],[111.707815,-7.24181],[111.707935,-7.242015],[111.708285,-7.242005],[111.708655,-7.241835],[111.70915,-7.241545],[111.70942,-7.241425],[111.709755,-7.241185],[111.71013,-7.241125],[111.71078,-7.240905],[111.71103,-7.240875],[111.711195,-7.24094],[111.711375,-7.241185],[111.71146,-7.24151],[111.711445,-7.241615],[111.71124,-7.241935],[111.711225,-7.242165],[111.711315,-7.24235],[111.71159,-7.24266],[111.711655,-7.24304],[111.711635,-7.24327],[111.711515,-7.2435],[111.711225,-7.24372],[111.710945,-7.24377],[111.710415,-7.243705],[111.709665,-7.24341],[111.70948,-7.243265],[111.70944,-7.24284],[111.709255,-7.2427],[111.709065,-7.24275],[111.70883,-7.24309],[111.70865,-7.243485],[111.70861,-7.243985],[111.70865,-7.244735],[111.70882,-7.2451],[111.708865,-7.24531],[111.709405,-7.246755],[111.709455,-7.24707],[111.70949,-7.24801],[111.709595,-7.248305],[111.70948,-7.24865],[111.70879,-7.249515],[111.70863,-7.24975],[111.70854,-7.249995],[111.70854,-7.25029],[111.7086,-7.25051],[111.70883,-7.250755],[111.70908,-7.25086],[111.7094,-7.25081],[111.70995,-7.250575],[111.71017,-7.250665],[111.710295,-7.25087],[111.71038,-7.251205],[111.710425,-7.25172],[111.71055,-7.252225],[111.710575,-7.252625],[111.71054,-7.252895],[111.710475,-7.25297],[111.710205,-7.25304],[111.70913,-7.25362],[111.708945,-7.253755],[111.708735,-7.254],[111.708575,-7.254345],[111.70857,-7.254595],[111.708715,-7.2549],[111.70891,-7.255135],[111.70922,-7.255375],[111.70945,-7.25544],[111.7105,-7.255425],[111.710875,-7.25546],[111.71144,-7.25564],[111.711665,-7.255815],[111.71198,-7.25635],[111.7122,-7.256795],[111.71231,-7.257095],[111.712345,-7.257335],[111.71224,-7.258545],[111.712135,-7.25873],[111.71081,-7.25993],[111.710505,-7.26046],[111.71056,-7.26083],[111.710695,-7.26114],[111.710955,-7.26116],[111.71114,-7.26101],[111.711595,-7.26097],[111.71181,-7.26083],[111.71213,-7.260265],[111.71223,-7.260165],[111.71251,-7.260055],[111.713105,-7.26004],[111.713535,-7.259925],[111.713815,-7.25972],[111.713925,-7.25953],[111.714005,-7.259155],[111.71422,-7.2589],[111.714295,-7.25866],[111.71428,-7.25844],[111.7141,-7.2581],[111.714105,-7.25795],[111.71422,-7.257765],[111.714375,-7.25767],[111.71472,-7.257715],[111.714905,-7.257815],[111.715045,-7.25816],[111.715135,-7.25826],[111.71549,-7.258345],[111.715765,-7.258525],[111.71619,-7.258375],[111.71634,-7.25836],[111.717,-7.258415],[111.717155,-7.258525],[111.71724,-7.258685],[111.717575,-7.258795],[111.7177,-7.258905],[111.7178,-7.25917],[111.717615,-7.25943],[111.717045,-7.259445],[111.716695,-7.259595],[111.716395,-7.25967],[111.71581,-7.26015],[111.715675,-7.26031],[111.71549,-7.26063],[111.715515,-7.260895],[111.715775,-7.26108],[111.71602,-7.261135],[111.716755,-7.261],[111.716915,-7.261015],[111.71704,-7.261125],[111.71708,-7.26142],[111.71689,-7.261985],[111.716925,-7.262225],[111.717055,-7.262445],[111.7173,-7.26259],[111.7174,-7.262705],[111.717575,-7.26342],[111.71755,-7.26356],[111.717315,-7.26387],[111.71705,-7.263995],[111.716865,-7.26417],[111.71677,-7.26435],[111.716815,-7.26464],[111.7171,-7.264815],[111.717755,-7.26455],[111.717985,-7.26459],[111.7183,-7.264755],[111.718555,-7.26472],[111.718685,-7.26482],[111.718785,-7.265405],[111.71879,-7.266335],[111.718765,-7.26679],[111.71881,-7.26694],[111.718985,-7.267145],[111.71908,-7.267415],[111.719075,-7.267675],[111.719165,-7.26791],[111.71912,-7.268095],[111.719005,-7.26819],[111.718825,-7.268195],[111.71861,-7.26837],[111.718625,-7.268485],[111.718845,-7.26857],[111.719445,-7.268425],[111.719865,-7.268435],[111.720085,-7.26851],[111.72023,-7.268665],[111.72028,-7.268875],[111.71996,-7.26939],[111.7198,-7.269725],[111.719765,-7.269955],[111.719845,-7.270115],[111.72014,-7.270195],[111.720445,-7.27019],[111.720805,-7.270075],[111.721005,-7.269935],[111.72111,-7.269695],[111.72102,-7.269205],[111.721115,-7.26908],[111.721515,-7.26885],[111.721845,-7.26891],[111.722105,-7.2689],[111.72252,-7.26901],[111.722945,-7.269235],[111.723225,-7.2693],[111.72354,-7.269315],[111.723725,-7.26945],[111.72373,-7.26984],[111.723615,-7.27053],[111.723355,-7.270865],[111.72315,-7.27089],[111.72292,-7.270815],[111.722345,-7.270495],[111.72201,-7.270345],[111.72138,-7.270175],[111.721055,-7.270345],[111.721045,-7.27045],[111.72123,-7.2711],[111.72133,-7.27164],[111.72139,-7.27174],[111.721765,-7.271955],[111.7222,-7.27208],[111.722445,-7.27209],[111.722865,-7.27203],[111.723185,-7.271935],[111.723645,-7.271705],[111.723855,-7.271635],[111.72439,-7.27156],[111.724535,-7.271575],[111.724615,-7.271725],[111.724675,-7.272055],[111.725855,-7.27286],[111.72608,-7.27325],[111.72607,-7.273855],[111.725885,-7.274275],[111.72581,-7.27456],[111.72578,-7.274925],[111.725785,-7.27552],[111.72566,-7.27579],[111.72569,-7.276315],[111.725855,-7.276865],[111.725855,-7.277035],[111.72574,-7.27738],[111.72528,-7.27802],[111.725085,-7.278195],[111.724775,-7.278365],[111.72476,-7.27855],[111.72488,-7.278705],[111.725205,-7.27886],[111.72549,-7.278905],[111.726195,-7.278955],[111.726405,-7.27896],[111.726945,-7.27915],[111.727305,-7.27918],[111.7278,-7.27913],[111.72804,-7.27915],[111.728435,-7.27939],[111.72867,-7.27965],[111.728755,-7.27982],[111.728885,-7.28043],[111.72891,-7.28065],[111.728875,-7.280945],[111.72868,-7.281135],[111.72839,-7.281145],[111.727745,-7.28137],[111.727095,-7.28147],[111.726925,-7.281575],[111.72683,-7.28172],[111.726815,-7.282125],[111.726925,-7.28256],[111.727065,-7.282815],[111.727585,-7.283495],[111.72808,-7.284095],[111.72846,-7.284865],[111.728735,-7.285685],[111.72875,-7.285865],[111.728695,-7.28642],[111.728525,-7.28679],[111.728105,-7.287075],[111.72747,-7.287385],[111.727055,-7.28768],[111.727005,-7.28785],[111.727085,-7.28806],[111.727455,-7.28847],[111.727565,-7.28873],[111.72756,-7.289095],[111.727295,-7.289365],[111.726985,-7.28938],[111.726125,-7.289205],[111.72597,-7.28919],[111.725795,-7.28927],[111.72562,-7.289635],[111.725625,-7.28981],[111.72574,-7.28994],[111.72607,-7.28999],[111.72634,-7.28997],[111.72652,-7.29006],[111.726585,-7.290235],[111.72659,-7.290525],[111.726685,-7.290855],[111.726725,-7.29142],[111.72681,-7.292],[111.72714,-7.29265],[111.725965,-7.29279],[111.72534,-7.292405],[111.72478,-7.29235],[111.724595,-7.292475],[111.724295,-7.293235],[111.72421,-7.29352],[111.72427,-7.293775],[111.724525,-7.29412],[111.724895,-7.29416],[111.725255,-7.29405],[111.72595,-7.293975],[111.72624,-7.293775],[111.72661,-7.293435],[111.72598,-7.29375],[111.725595,-7.293805],[111.72531,-7.29366],[111.725365,-7.293335],[111.726095,-7.293335],[111.72645,-7.293135],[111.7271,-7.293035],[111.72733,-7.292775],[111.72759,-7.29319],[111.72765,-7.29339],[111.727645,-7.293635],[111.727475,-7.293855],[111.7272,-7.29429],[111.72699,-7.29451],[111.72668,-7.29477],[111.72628,-7.29503],[111.72622,-7.295355],[111.726405,-7.295345],[111.72648,-7.296215],[111.72663,-7.29642],[111.72712,-7.29679],[111.72731,-7.29697],[111.72764,-7.2974],[111.72781,-7.29795],[111.72778,-7.29847],[111.7276,-7.29904],[111.72752,-7.29953],[111.72752,-7.29972],[111.72764,-7.30007],[111.72802,-7.30039],[111.72992,-7.30121],[111.73029,-7.30134],[111.73051,-7.30127],[111.73092,-7.30096],[111.73164,-7.30032],[111.73295,-7.29918],[111.733155,-7.29902],[111.73337,-7.29877],[111.733475,-7.298305],[111.733595,-7.298165],[111.73381,-7.29811],[111.73418,-7.2981],[111.73464,-7.298025],[111.73503,-7.29781],[111.735275,-7.297585],[111.735465,-7.29779],[111.73549,-7.297975],[111.73584,-7.29803],[111.73608,-7.29829],[111.73608,-7.29844],[111.735735,-7.299315],[111.73555,-7.30014],[111.73555,-7.30038],[111.73561,-7.30059],[111.73583,-7.300655],[111.73633,-7.30062],[111.736605,-7.30037],[111.73672,-7.30011],[111.73682,-7.29948],[111.73692,-7.29932],[111.73718,-7.29913],[111.73756,-7.29897],[111.73785,-7.29889],[111.73853,-7.29876],[111.73898,-7.298865],[111.73931,-7.299075],[111.73992,-7.29967],[111.74016,-7.300105],[111.740035,-7.30043],[111.73983,-7.30066],[111.73963,-7.30097],[111.73933,-7.3013],[111.73909,-7.30166],[111.73902,-7.30186],[111.73901,-7.302175],[111.739395,-7.3028],[111.739505,-7.30311],[111.739515,-7.30353],[111.739455,-7.303755],[111.739465,-7.30421],[111.73957,-7.304675],[111.73945,-7.305205],[111.73948,-7.30543],[111.739625,-7.30577],[111.739665,-7.305955],[111.7396,-7.306205],[111.73945,-7.3064],[111.739235,-7.30654],[111.73892,-7.306805],[111.7389,-7.306965],[111.73907,-7.30753],[111.739135,-7.307675],[111.739435,-7.30801],[111.739685,-7.308385],[111.739705,-7.308625],[111.73952,-7.30899],[111.73928,-7.30915],[111.73897,-7.30945],[111.73892,-7.30961],[111.73897,-7.30975],[111.73912,-7.30988],[111.739985,-7.31022],[111.74052,-7.310735],[111.741,-7.311255],[111.741165,-7.31138],[111.741225,-7.311525],[111.74106,-7.31231],[111.74089,-7.312605],[111.740725,-7.312705],[111.74029,-7.31282],[111.739935,-7.312975],[111.73975,-7.31291],[111.73939,-7.31316],[111.739155,-7.31336],[111.73951,-7.31356],[111.739615,-7.31391],[111.739885,-7.31415],[111.740185,-7.314185],[111.740585,-7.31403],[111.74109,-7.313745],[111.741165,-7.313435],[111.741425,-7.312905],[111.741715,-7.312445],[111.74207,-7.312045],[111.74233,-7.311985],[111.74268,-7.312],[111.74307,-7.312165],[111.74359,-7.31257],[111.74381,-7.312835],[111.744085,-7.31304],[111.74443,-7.313515],[111.7445,-7.313675],[111.744495,-7.313895],[111.74439,-7.314085],[111.744,-7.31417],[111.74375,-7.31438],[111.74354,-7.31485],[111.74366,-7.31525],[111.74404,-7.315225],[111.744515,-7.314675],[111.745145,-7.31477],[111.745515,-7.314735],[111.746525,-7.314555],[111.747205,-7.31558],[111.748025,-7.316675],[111.747945,-7.31714],[111.747135,-7.317425],[111.74633,-7.31816],[111.74619,-7.31826],[111.74594,-7.3183],[111.74553,-7.3183],[111.74521,-7.31835],[111.74502,-7.31848],[111.74449,-7.3192],[111.7444,-7.31954],[111.7444,-7.31982],[111.74446,-7.320125],[111.74441,-7.320575],[111.744305,-7.32092],[111.743995,-7.32141],[111.743875,-7.32169],[111.743895,-7.322125],[111.743955,-7.3223],[111.74426,-7.32262],[111.744415,-7.32272],[111.74469,-7.3228],[111.744925,-7.322735],[111.74525,-7.322395],[111.745575,-7.32186],[111.745775,-7.321325],[111.74593,-7.32113],[111.746285,-7.32086],[111.74648,-7.32061],[111.74663,-7.32017],[111.746775,-7.31995],[111.74695,-7.3194],[111.74708,-7.319285],[111.747465,-7.319165],[111.74767,-7.31924],[111.74781,-7.3194],[111.747875,-7.32001],[111.74771,-7.32023],[111.747625,-7.32058],[111.747275,-7.32065],[111.74708,-7.320905],[111.747055,-7.321135],[111.747195,-7.32142],[111.74762,-7.32174],[111.74782,-7.32177],[111.748315,-7.32169],[111.7486,-7.32153],[111.748605,-7.32128],[111.74887,-7.32115],[111.749105,-7.321235],[111.74923,-7.32136],[111.74922,-7.32159],[111.748845,-7.3221],[111.748995,-7.32267],[111.748945,-7.323195],[111.748775,-7.32347],[111.748505,-7.32354],[111.748365,-7.323655],[111.748285,-7.32386],[111.748275,-7.32414],[111.74817,-7.324295],[111.74759,-7.324465],[111.74733,-7.324615],[111.747145,-7.32484],[111.74713,-7.325045],[111.74742,-7.325765],[111.747405,-7.32607],[111.74731,-7.32641],[111.747175,-7.32671],[111.746875,-7.327025],[111.746565,-7.3272],[111.74631,-7.327275],[111.746115,-7.327255],[111.745635,-7.326965],[111.745395,-7.32685],[111.744835,-7.32678],[111.744585,-7.32687],[111.74417,-7.327205],[111.74399,-7.327545],[111.743975,-7.32785],[111.744205,-7.328095],[111.74446,-7.32826],[111.74482,-7.32835],[111.74532,-7.32842],[111.74571,-7.32851],[111.74606,-7.32874],[111.74615,-7.32921],[111.74612,-7.32945],[111.74597,-7.33008],[111.74571,-7.33091],[111.74555,-7.33148],[111.74558,-7.3316],[111.74587,-7.33176],[111.74617,-7.33182],[111.74638,-7.33192],[111.74657,-7.33211],[111.74688,-7.33252],[111.74722,-7.33342],[111.74746,-7.33393],[111.74761,-7.33412],[111.74802,-7.33427],[111.74833,-7.33428],[111.74857,-7.33416],[111.74881,-7.33396],[111.74902,-7.33371],[111.74931,-7.3332],[111.74946,-7.33302],[111.74964,-7.3329],[111.74991,-7.332795],[111.75027,-7.332775],[111.75045,-7.332835],[111.75062,-7.333105],[111.750595,-7.333435],[111.750485,-7.333895],[111.75056,-7.33438],[111.75031,-7.335035],[111.750295,-7.33534],[111.75042,-7.33553],[111.750685,-7.335725],[111.75088,-7.335795],[111.751125,-7.335675],[111.75134,-7.33525],[111.75146,-7.33511],[111.75186,-7.33486],[111.752075,-7.3348],[111.752225,-7.334895],[111.752275,-7.335125],[111.752185,-7.335425],[111.7518,-7.33607],[111.751705,-7.33616],[111.75123,-7.33634],[111.751105,-7.336435],[111.751085,-7.336595],[111.751265,-7.337175],[111.751525,-7.33749],[111.75176,-7.337685],[111.75212,-7.337885],[111.7524,-7.337945],[111.752655,-7.33782],[111.75292,-7.33751],[111.753095,-7.33747],[111.75334,-7.337565],[111.75375,-7.33787],[111.75382,-7.33808],[111.753695,-7.338615],[111.75367,-7.33892],[111.75371,-7.33949],[111.754135,-7.340055],[111.753995,-7.340365],[111.75397,-7.3411],[111.75413,-7.34133],[111.75448,-7.34135],[111.75475,-7.341315],[111.754845,-7.341065],[111.75489,-7.3408],[111.755065,-7.340655],[111.75541,-7.340605],[111.75554,-7.34081],[111.75579,-7.34061],[111.75595,-7.34057],[111.75616,-7.34061],[111.75616,-7.34086],[111.75574,-7.34135],[111.75554,-7.34162],[111.75545,-7.34183],[111.75545,-7.34199],[111.75556,-7.34212],[111.75603,-7.34224],[111.75651,-7.34241],[111.75673,-7.34272],[111.75675,-7.34299],[111.7565,-7.3432],[111.75605,-7.34344],[111.75568,-7.34359],[111.75547,-7.34375],[111.75539,-7.34402],[111.75549,-7.34433],[111.75561,-7.34444],[111.75594,-7.34456],[111.75667,-7.34462],[111.75749,-7.34456],[111.757615,-7.3442],[111.75807,-7.344235],[111.75866,-7.34436],[111.75868,-7.344505],[111.7584,-7.34558],[111.7584,-7.34626],[111.75856,-7.34647],[111.758735,-7.346545],[111.759265,-7.34687],[111.759605,-7.347155],[111.759785,-7.347375],[111.75987,-7.347835],[111.75983,-7.34809],[111.759705,-7.34829],[111.75955,-7.348395],[111.75936,-7.348395],[111.758715,-7.3481],[111.758525,-7.348225],[111.75868,-7.348445],[111.758675,-7.34855],[111.758335,-7.34883],[111.75818,-7.34897],[111.757735,-7.349215],[111.75763,-7.34954],[111.75774,-7.35025],[111.757865,-7.35067],[111.757825,-7.351],[111.757515,-7.351385],[111.757365,-7.351485],[111.75715,-7.35148],[111.756585,-7.3514],[111.755885,-7.351525],[111.7558,-7.351585],[111.755675,-7.35186],[111.755695,-7.35225],[111.755835,-7.35251],[111.756,-7.352695],[111.756465,-7.353025],[111.756665,-7.352965],[111.75679,-7.35265],[111.757035,-7.35246],[111.75759,-7.352295],[111.75796,-7.352275],[111.758225,-7.352535],[111.75829,-7.35276],[111.75823,-7.353165],[111.75811,-7.353325],[111.757275,-7.3538],[111.756745,-7.35414],[111.75659,-7.354285],[111.756365,-7.35458],[111.756355,-7.35475],[111.75646,-7.354925],[111.756885,-7.355105],[111.757115,-7.355235],[111.75725,-7.35544],[111.757155,-7.355665],[111.75665,-7.3557],[111.75639,-7.35577],[111.756245,-7.355965],[111.756295,-7.35614],[111.756625,-7.35652],[111.75674,-7.356725],[111.75672,-7.356855],[111.756415,-7.35728],[111.75639,-7.357405],[111.75658,-7.35795],[111.756745,-7.358075],[111.757005,-7.35809],[111.757245,-7.35797],[111.75761,-7.35734],[111.75782,-7.35706],[111.75816,-7.356755],[111.75815,-7.3566],[111.758025,-7.35636],[111.758,-7.3561],[111.758095,-7.355935],[111.758375,-7.355675],[111.758505,-7.355505],[111.758655,-7.35518],[111.758875,-7.35507],[111.75904,-7.355205],[111.75908,-7.35564],[111.759035,-7.35588],[111.758775,-7.35649],[111.7587,-7.356785],[111.758725,-7.35691],[111.75895,-7.357035],[111.759105,-7.357055],[111.759315,-7.3569],[111.7594,-7.35674],[111.75953,-7.35622],[111.75968,-7.35588],[111.7599,-7.35584],[111.75986,-7.3556],[111.76003,-7.35528],[111.76027,-7.35522],[111.76076,-7.35545],[111.76121,-7.35532],[111.76144,-7.3554],[111.76149,-7.35569],[111.7617,-7.35577],[111.76205,-7.35564],[111.76246,-7.35564],[111.76351,-7.35581],[111.76372,-7.35586],[111.76397,-7.3561],[111.76386,-7.35661],[111.76387,-7.35693],[111.76399,-7.35735],[111.76446,-7.35829],[111.76461,-7.35851],[111.76487,-7.35875],[111.76513,-7.35889],[111.76536,-7.35895],[111.76616,-7.35894],[111.76718,-7.35927],[111.76824,-7.35949],[111.77015,-7.35889],[111.7718,-7.3589],[111.77207,-7.35909],[111.77288,-7.35946],[111.77325,-7.35978],[111.77401,-7.36074],[111.774105,-7.360755],[111.774215,-7.360435],[111.774355,-7.360155],[111.774685,-7.35986],[111.77493,-7.359775],[111.77511,-7.3598],[111.775265,-7.359925],[111.775565,-7.35992],[111.775655,-7.35963],[111.775455,-7.359275],[111.775415,-7.35914],[111.775515,-7.35896],[111.77574,-7.358905],[111.77598,-7.358945],[111.776485,-7.35925],[111.776655,-7.35929],[111.776855,-7.359245],[111.77689,-7.359045],[111.77776,-7.35827],[111.77785,-7.35804],[111.777835,-7.357825],[111.77766,-7.357565],[111.77763,-7.35744],[111.777745,-7.35719],[111.778295,-7.356745],[111.778355,-7.356595],[111.77831,-7.356405],[111.778115,-7.356355],[111.77695,-7.357055],[111.77676,-7.35703],[111.776525,-7.35684],[111.776375,-7.35652],[111.776365,-7.356395],[111.776465,-7.356165],[111.776565,-7.35611],[111.777025,-7.356055],[111.777225,-7.355905],[111.777325,-7.35556],[111.777315,-7.35538],[111.777045,-7.35495],[111.77706,-7.354685],[111.77743,-7.354515],[111.77767,-7.35403],[111.77784,-7.354025],[111.77807,-7.354175],[111.778505,-7.35435],[111.77881,-7.354275],[111.77888,-7.354075],[111.778805,-7.35381],[111.778535,-7.35366],[111.778155,-7.353515],[111.778125,-7.353375],[111.778645,-7.35316],[111.778685,-7.3529],[111.77862,-7.352765],[111.77832,-7.352755],[111.77762,-7.352965],[111.77751,-7.35311],[111.77751,-7.353475],[111.77724,-7.353515],[111.77685,-7.35319],[111.7765,-7.352975],[111.776495,-7.352775],[111.776655,-7.352575],[111.77689,-7.35247],[111.777125,-7.35231],[111.77721,-7.351935],[111.77736,-7.351615],[111.777285,-7.35142],[111.77664,-7.351275],[111.776585,-7.351075],[111.776805,-7.35087],[111.777025,-7.350845],[111.77722,-7.35092],[111.777385,-7.350875],[111.777575,-7.350635],[111.77773,-7.35057],[111.77795,-7.35057],[111.77831,-7.35079],[111.7785,-7.350765],[111.778625,-7.350585],[111.77867,-7.350175],[111.77884,-7.349975],[111.779215,-7.349845],[111.77982,-7.349455],[111.77987,-7.349205],[111.779785,-7.349055],[111.77941,-7.34877],[111.779225,-7.348325],[111.778955,-7.34809],[111.778955,-7.347985],[111.779115,-7.347855],[111.7795,-7.3479],[111.779655,-7.347845],[111.779685,-7.34768],[111.77961,-7.347395],[111.779555,-7.346995],[111.779635,-7.346775],[111.77984,-7.34661],[111.77973,-7.346335],[111.77938,-7.34609],[111.7792,-7.34584],[111.779205,-7.34558],[111.77949,-7.3454],[111.779405,-7.345125],[111.779295,-7.34508],[111.77893,-7.345135],[111.778845,-7.344875],[111.77897,-7.34469],[111.77932,-7.344375],[111.779505,-7.344415],[111.77968,-7.344585],[111.78016,-7.344535],[111.78039,-7.34423],[111.78052,-7.3438],[111.78066,-7.34372],[111.780815,-7.343885],[111.78099,-7.344245],[111.781215,-7.344335],[111.781475,-7.344355],[111.78184,-7.344505],[111.78201,-7.344475],[111.782305,-7.34406],[111.78254,-7.34386],[111.782605,-7.34372],[111.7826,-7.34356],[111.781605,-7.34274],[111.78142,-7.342485],[111.78141,-7.342335],[111.78155,-7.34212],[111.781745,-7.342015],[111.781945,-7.34201],[111.78217,-7.342135],[111.78219,-7.34245],[111.782355,-7.34271],[111.78269,-7.34291],[111.782865,-7.34292],[111.78316,-7.34272],[111.78327,-7.34254],[111.783275,-7.342325],[111.78316,-7.34206],[111.782655,-7.34134],[111.782625,-7.341165],[111.78268,-7.34096],[111.782645,-7.340795],[111.78222,-7.34063],[111.781275,-7.340485],[111.78105,-7.340435],[111.780745,-7.340135],[111.78063,-7.3397],[111.7808,-7.33934],[111.78074,-7.33899],[111.780665,-7.33891],[111.78044,-7.33887],[111.78006,-7.33905],[111.779595,-7.338885],[111.77906,-7.33883],[111.778825,-7.338985],[111.77883,-7.339465],[111.778655,-7.34009],[111.77861,-7.340495],[111.77843,-7.340615],[111.778255,-7.34065],[111.777935,-7.340545],[111.77757,-7.340485],[111.777515,-7.3403],[111.77778,-7.340045],[111.77796,-7.33995],[111.77815,-7.33969],[111.778155,-7.339475],[111.777905,-7.33896],[111.777645,-7.33872],[111.77741,-7.33861],[111.77712,-7.338625],[111.77689,-7.338795],[111.776565,-7.339225],[111.776315,-7.339355],[111.77606,-7.33927],[111.77605,-7.339025],[111.77611,-7.338925],[111.77642,-7.33867],[111.776695,-7.338325],[111.77672,-7.33808],[111.77651,-7.337705],[111.77642,-7.337115],[111.77632,-7.337005],[111.77597,-7.33683],[111.77587,-7.336615],[111.775995,-7.336425],[111.77627,-7.336445],[111.77649,-7.33657],[111.77679,-7.336885],[111.777205,-7.33693],[111.77729,-7.3368],[111.77739,-7.33639],[111.77734,-7.3362],[111.777225,-7.336035],[111.77722,-7.335845],[111.77747,-7.33548],[111.777635,-7.335165],[111.778225,-7.334495],[111.778325,-7.3343],[111.778305,-7.33407],[111.778155,-7.333955],[111.77805,-7.333725],[111.778175,-7.33348],[111.778455,-7.333515],[111.778755,-7.33339],[111.778805,-7.333085],[111.77861,-7.33253],[111.77846,-7.332205],[111.778455,-7.332085],[111.778605,-7.33198],[111.778975,-7.33195],[111.779715,-7.331715],[111.780055,-7.331555],[111.78135,-7.330695],[111.78149,-7.33054],[111.781745,-7.330535],[111.78231,-7.33016],[111.78289,-7.32963],[111.78393,-7.3286],[111.78505,-7.32734],[111.78619,-7.32674],[111.78623,-7.32653],[111.78644,-7.32625],[111.7869,-7.32631],[111.78696,-7.32626],[111.78691,-7.32498],[111.78709,-7.3239],[111.78733,-7.32262],[111.78744,-7.32209],[111.78747,-7.32164],[111.78769,-7.32022],[111.78789,-7.31926],[111.78798,-7.31871],[111.78823,-7.31796],[111.78843,-7.31759],[111.78812,-7.31695],[111.78826,-7.31589],[111.78832,-7.3147],[111.78833,-7.3133],[111.7884,-7.31255],[111.78879,-7.31071],[111.7888,-7.30975],[111.78906,-7.30798],[111.78924,-7.30708],[111.78932,-7.3063],[111.78953,-7.30561],[111.78975,-7.30504],[111.78999,-7.30431],[111.79031,-7.30382],[111.79054,-7.3025],[111.791,-7.30235],[111.79234,-7.30205],[111.79308,-7.30204],[111.79305,-7.30189],[111.79358,-7.30179],[111.79429,-7.30178],[111.79559,-7.30187],[111.7959,-7.29837],[111.79612,-7.2957],[111.79626,-7.29532],[111.7963,-7.29496],[111.79642,-7.29355],[111.79656,-7.29309],[111.79661,-7.2928],[111.79658,-7.29251],[111.79637,-7.29181],[111.79622,-7.29101],[111.79587,-7.29028],[111.79591,-7.29011],[111.79629,-7.28952],[111.796495,-7.288465],[111.79783,-7.28423],[111.79786,-7.28398],[111.7978,-7.28384],[111.7973,-7.28362],[111.79729,-7.28351],[111.79751,-7.28311],[111.79729,-7.28221],[111.79732,-7.28193],[111.79744,-7.28155],[111.79778,-7.28073],[111.79843,-7.27892],[111.79864,-7.27886],[111.79866,-7.27792],[111.79869,-7.27765],[111.7991,-7.27667],[111.79915,-7.27648],[111.79949,-7.27616],[111.79953,-7.27526],[111.79985,-7.27492],[111.80026,-7.27418],[111.80083,-7.27352],[111.8013,-7.27237],[111.80171,-7.27184],[111.80186,-7.2716],[111.80199,-7.27149],[111.80236,-7.27138],[111.80265,-7.27136],[111.80298,-7.27115],[111.80318,-7.27096],[111.80326,-7.27076],[111.80324,-7.26995],[111.80307,-7.26926],[111.80304,-7.26893],[111.80308,-7.26871],[111.80318,-7.26853],[111.80333,-7.26842],[111.80364,-7.26836]]]}},{"type":"Feature","properties":{"nama":"Ngraho"},"geometry":{"type":"Polygon","coordinates":[[[111.553495,-7.308995],[111.55356,-7.30892],[111.55401,-7.308715],[111.554565,-7.308495],[111.555405,-7.308125],[111.555565,-7.308005],[111.555845,-7.307555],[111.555975,-7.307205],[111.55614,-7.30654],[111.55652,-7.30521],[111.556695,-7.304965],[111.55704,-7.30499],[111.557805,-7.305395],[111.55815,-7.305525],[111.55845,-7.305515],[111.55932,-7.30528],[111.559635,-7.305155],[111.5597,-7.305075],[111.55974,-7.304615],[111.55986,-7.304115],[111.559995,-7.30399],[111.56084,-7.304065],[111.56124,-7.30406],[111.56204,-7.304115],[111.562215,-7.304065],[111.562495,-7.30386],[111.56277,-7.303385],[111.562935,-7.30328],[111.56376,-7.30316],[111.564,-7.303105],[111.56457,-7.302675],[111.564735,-7.30247],[111.56501,-7.30222],[111.56514,-7.30154],[111.56556,-7.3],[111.56577,-7.29981],[111.56579,-7.29955],[111.56592,-7.29916],[111.56667,-7.29728],[111.5667,-7.29714],[111.56668,-7.29678],[111.56658,-7.29624],[111.56652,-7.2962],[111.56646,-7.29572],[111.56639,-7.29559],[111.56616,-7.2954],[111.56615,-7.29529],[111.56632,-7.29485],[111.56652,-7.29483],[111.56695,-7.29432],[111.56718,-7.29396],[111.56728,-7.29354],[111.56749,-7.29356],[111.56737,-7.2931],[111.56765,-7.29242],[111.56777,-7.29202],[111.56793,-7.29136],[111.56828,-7.29107],[111.56839,-7.29105],[111.56895,-7.29113],[111.56949,-7.29124],[111.56973,-7.29111],[111.56982,-7.29089],[111.57003,-7.29068],[111.57021,-7.2904],[111.57043,-7.29014],[111.5708,-7.28991],[111.57112,-7.28989],[111.57138,-7.28965],[111.57161,-7.28906],[111.57132,-7.28835],[111.57134,-7.28825],[111.57167,-7.2877],[111.57175,-7.2875],[111.57147,-7.28662],[111.57116,-7.28649],[111.57092,-7.28633],[111.57056,-7.28582],[111.57008,-7.2857],[111.56992,-7.28555],[111.5696,-7.28512],[111.5694,-7.2848],[111.56913,-7.2843],[111.56879,-7.28401],[111.56816,-7.2834],[111.56763,-7.28307],[111.5676,-7.28296],[111.56733,-7.28265],[111.56708,-7.28227],[111.5668,-7.282],[111.56635,-7.28164],[111.56613,-7.28138],[111.56609,-7.28076],[111.56596,-7.28017],[111.56581,-7.27981],[111.56535,-7.27926],[111.5652,-7.27899],[111.565,-7.27872],[111.56466,-7.27818],[111.56454,-7.27792],[111.56443,-7.2774],[111.56436,-7.27662],[111.56444,-7.27651],[111.56487,-7.27638],[111.5652,-7.2762],[111.56615,-7.27447],[111.5667,-7.27374],[111.56685,-7.27364],[111.56681,-7.27334],[111.56713,-7.27228],[111.56729,-7.27188],[111.56734,-7.27141],[111.5673,-7.27122],[111.56731,-7.27084],[111.56713,-7.26991],[111.56709,-7.2696],[111.5669,-7.26918],[111.56663,-7.26888],[111.56612,-7.26871],[111.56597,-7.26856],[111.5658,-7.26826],[111.56558,-7.26798],[111.56596,-7.2676],[111.56644,-7.26693],[111.56663,-7.26705],[111.566965,-7.267025],[111.567335,-7.26688],[111.5677,-7.26664],[111.56813,-7.266035],[111.56865,-7.265],[111.56884,-7.26453],[111.568885,-7.264185],[111.569135,-7.26394],[111.569335,-7.263515],[111.569305,-7.263085],[111.56961,-7.26277],[111.5702,-7.26321],[111.57034,-7.26315],[111.57048,-7.26288],[111.57071,-7.26283],[111.57123,-7.26227],[111.57142,-7.26213],[111.57183,-7.262],[111.57187,-7.26183],[111.57255,-7.262],[111.57355,-7.26233],[111.57398,-7.2625],[111.57476,-7.26303],[111.57509,-7.26313],[111.57541,-7.26337],[111.57527,-7.26445],[111.57526,-7.26468],[111.57534,-7.26541],[111.57612,-7.26574],[111.57669,-7.26582],[111.57809,-7.26566],[111.57926,-7.26561],[111.57996,-7.2658],[111.58067,-7.26605],[111.58141,-7.26636],[111.58221,-7.26664],[111.583,-7.26697],[111.58315,-7.26677],[111.58333,-7.26665],[111.58366,-7.26651],[111.58385,-7.26638],[111.58398,-7.26621],[111.5841,-7.26591],[111.58443,-7.26541],[111.58489,-7.26493],[111.58532,-7.26454],[111.5858,-7.26423],[111.5861,-7.26399],[111.58646,-7.26395],[111.5867,-7.26377],[111.58724,-7.26349],[111.58741,-7.26337],[111.58759,-7.26333],[111.58804,-7.26334],[111.58875,-7.26268],[111.5893,-7.26235],[111.59002,-7.26139],[111.59043,-7.26096],[111.59051,-7.26075],[111.59085,-7.25954],[111.59103,-7.25876],[111.59143,-7.25795],[111.59171,-7.25745],[111.59213,-7.25647],[111.59231,-7.25626],[111.59246,-7.25619],[111.59289,-7.25609],[111.593,-7.25588],[111.59331,-7.25514],[111.59353,-7.25477],[111.59354,-7.25463],[111.5929,-7.253355],[111.59266,-7.253115],[111.59264,-7.25292],[111.59268,-7.25253],[111.59278,-7.25218],[111.592265,-7.251985],[111.59178,-7.251745],[111.59108,-7.25144],[111.590015,-7.25084],[111.58953,-7.25048],[111.58959,-7.25],[111.58955,-7.249455],[111.5894,-7.248915],[111.589225,-7.24838],[111.589115,-7.247815],[111.588955,-7.24657],[111.58905,-7.245665],[111.589015,-7.244515],[111.58907,-7.24394],[111.58923,-7.24336],[111.589695,-7.24216],[111.58999,-7.24151],[111.590395,-7.240885],[111.59077,-7.24036],[111.5909,-7.240015],[111.59122,-7.239475],[111.591265,-7.23915],[111.59088,-7.238995],[111.59082,-7.23854],[111.590895,-7.238455],[111.591285,-7.238215],[111.59153,-7.237815],[111.59128,-7.236025],[111.59122,-7.23589],[111.591215,-7.23549],[111.591065,-7.23522],[111.591015,-7.23495],[111.590965,-7.234265],[111.59097,-7.23395],[111.591015,-7.23377],[111.59118,-7.23355],[111.590835,-7.23298],[111.59087,-7.232815],[111.5908,-7.232525],[111.59135,-7.23187],[111.59125,-7.23174],[111.590445,-7.231125],[111.589675,-7.230685],[111.58918,-7.2306],[111.589265,-7.228555],[111.58948,-7.22857],[111.58975,-7.22878],[111.59001,-7.22911],[111.59049,-7.22998],[111.59081,-7.23009],[111.59092,-7.2299],[111.59102,-7.22914],[111.59115,-7.22904],[111.59145,-7.22899],[111.591665,-7.22906],[111.592055,-7.22946],[111.592165,-7.22969],[111.59231,-7.230265],[111.59256,-7.230315],[111.59295,-7.23024],[111.593105,-7.230245],[111.5935,-7.23039],[111.593895,-7.230295],[111.59435,-7.23011],[111.5946,-7.230045],[111.59558,-7.228925],[111.59607,-7.228535],[111.596735,-7.228185],[111.597025,-7.227825],[111.59723,-7.22744],[111.59743,-7.227175],[111.597775,-7.22684],[111.599995,-7.22616],[111.60018,-7.226145],[111.60076,-7.225745],[111.60089,-7.22525],[111.600955,-7.22454],[111.600955,-7.22414],[111.600855,-7.223265],[111.60066,-7.22279],[111.600625,-7.222165],[111.60052,-7.22185],[111.60038,-7.22157],[111.60017,-7.221365],[111.59989,-7.22091],[111.599855,-7.22067],[111.59975,-7.22039],[111.599925,-7.22025],[111.600305,-7.220215],[111.60118,-7.220285],[111.60226,-7.220385],[111.60549,-7.21993],[111.60557,-7.21988],[111.606505,-7.219735],[111.60798,-7.219675],[111.60863,-7.21968],[111.608915,-7.219715],[111.609645,-7.21968],[111.610515,-7.21887],[111.610755,-7.21871],[111.610925,-7.21839],[111.611235,-7.21771],[111.61156,-7.217235],[111.611805,-7.21654],[111.60944,-7.214035],[111.608985,-7.214155],[111.607795,-7.2142],[111.60682,-7.21418],[111.606295,-7.213895],[111.60551,-7.21351],[111.60418,-7.213655],[111.60143,-7.214355],[111.60116,-7.21432],[111.59956,-7.21395],[111.599145,-7.21373],[111.59861,-7.2138],[111.59845,-7.21385],[111.59821,-7.21402],[111.59813,-7.214135],[111.59771,-7.214395],[111.596945,-7.2147],[111.59636,-7.214685],[111.59576,-7.21461],[111.59535,-7.214655],[111.593695,-7.21473],[111.592225,-7.214645],[111.591475,-7.21462],[111.59088,-7.214725],[111.59031,-7.21479],[111.58981,-7.214765],[111.589135,-7.214595],[111.587725,-7.21421],[111.58492,-7.213635],[111.583215,-7.21333],[111.58231,-7.21315],[111.581865,-7.212945],[111.581405,-7.212665],[111.57958,-7.211475],[111.57912,-7.211155],[111.576295,-7.20935],[111.576115,-7.209215],[111.575425,-7.209045],[111.574845,-7.20902],[111.57389,-7.20839],[111.57326,-7.209005],[111.57294,-7.20885],[111.5727,-7.20857],[111.572365,-7.20827],[111.572335,-7.208195],[111.57204,-7.208155],[111.57174,-7.208255],[111.57164,-7.208405],[111.57151,-7.20841],[111.57152,-7.20792],[111.5713,-7.20797],[111.570785,-7.207945],[111.57025,-7.207825],[111.57003,-7.20767],[111.569995,-7.207305],[111.56972,-7.207305],[111.568995,-7.207195],[111.56884,-7.20742],[111.568425,-7.207355],[111.566815,-7.2065],[111.566095,-7.207255],[111.564305,-7.20751],[111.56278,-7.20741],[111.56074,-7.20687],[111.55892,-7.20611],[111.5583,-7.20535],[111.557425,-7.203825],[111.556385,-7.20241],[111.555655,-7.20172],[111.55507,-7.201755],[111.554455,-7.201865],[111.55387,-7.202195],[111.55267,-7.202665],[111.551255,-7.203795],[111.549765,-7.20463],[111.548745,-7.205575],[111.54802,-7.206845],[111.54704,-7.209025],[111.546125,-7.21061],[111.544565,-7.21239],[111.543035,-7.21381],[111.541475,-7.214245],[111.53918,-7.214865],[111.537435,-7.2153],[111.536675,-7.21592],[111.53671,-7.217225],[111.537155,-7.218665],[111.53883,-7.220405],[111.540395,-7.221965],[111.543055,-7.2241],[111.543275,-7.225155],[111.54291,-7.226495],[111.54164,-7.227515],[111.5392,-7.227845],[111.536485,-7.227385],[111.53319,-7.22672],[111.5315,-7.22645],[111.529865,-7.22634],[111.52801,-7.227145],[111.52646,-7.22849],[111.525175,-7.2307],[111.523565,-7.234465],[111.52244,-7.237045],[111.521205,-7.2377],[111.51997,-7.238065],[111.518405,-7.2381],[111.51731,-7.23825],[111.51626,-7.23854],[111.513785,-7.238615],[111.51278,-7.239355],[111.51202,-7.239935],[111.510635,-7.24117],[111.509295,-7.242805],[111.506745,-7.245255],[111.50446,-7.247055],[111.50275,-7.248255],[111.500495,-7.248805],[111.49839,-7.248035],[111.497265,-7.24718],[111.496165,-7.2464],[111.49517,-7.245715],[111.49239,-7.24399],[111.49034,-7.24303],[111.489255,-7.24271],[111.487835,-7.24293],[111.486695,-7.24436],[111.48624,-7.245275],[111.48573,-7.246425],[111.485735,-7.251155],[111.48604,-7.25254],[111.486665,-7.2536],[111.487575,-7.254575],[111.4892,-7.25601],[111.49053,-7.25714],[111.491065,-7.25877],[111.49029,-7.26043],[111.488805,-7.260965],[111.487585,-7.26094],[111.486385,-7.2603],[111.48556,-7.259595],[111.48485,-7.258865],[111.48378,-7.257715],[111.482895,-7.25674],[111.48185,-7.255745],[111.48096,-7.25466],[111.4801,-7.25359],[111.4792,-7.25295],[111.47841,-7.25208],[111.477255,-7.251905],[111.475675,-7.25237],[111.4747,-7.253255],[111.47377,-7.254475],[111.473015,-7.255605],[111.4723,-7.25717],[111.47148,-7.25912],[111.47012,-7.261215],[111.46904,-7.26219],[111.469475,-7.26256],[111.469835,-7.26294],[111.47003,-7.263225],[111.47037,-7.2635],[111.470865,-7.263765],[111.471805,-7.264295],[111.47301,-7.26485],[111.473255,-7.265045],[111.47363,-7.26542],[111.47384,-7.26572],[111.47415,-7.26643],[111.4742,-7.266615],[111.474585,-7.26712],[111.474905,-7.267645],[111.47524,-7.26802],[111.47561,-7.268295],[111.47606,-7.268555],[111.477015,-7.268845],[111.477615,-7.26906],[111.47782,-7.269165],[111.478275,-7.269485],[111.47867,-7.269895],[111.47906,-7.270405],[111.47908,-7.270935],[111.479175,-7.27134],[111.479725,-7.27187],[111.48003,-7.272365],[111.480245,-7.27278],[111.480535,-7.273605],[111.480705,-7.27425],[111.48076,-7.27499],[111.480735,-7.275195],[111.48045,-7.27595],[111.480375,-7.277025],[111.48022,-7.277855],[111.48016,-7.27807],[111.479855,-7.2788],[111.47966,-7.27914],[111.47943,-7.279455],[111.478975,-7.279995],[111.478855,-7.28045],[111.478765,-7.280555],[111.47808,-7.28085],[111.47768,-7.281495],[111.477425,-7.28166],[111.47729,-7.28183],[111.47722,-7.282035],[111.47691,-7.282495],[111.47665,-7.282645],[111.476475,-7.2828],[111.476235,-7.283445],[111.47617,-7.283505],[111.47649,-7.28368],[111.476595,-7.28396],[111.476485,-7.284395],[111.47661,-7.284585],[111.476875,-7.284525],[111.477295,-7.28463],[111.477465,-7.284935],[111.47739,-7.28524],[111.47745,-7.28537],[111.477735,-7.28531],[111.477945,-7.285605],[111.4783,-7.285715],[111.47855,-7.28585],[111.478625,-7.28607],[111.478565,-7.286185],[111.47825,-7.28613],[111.47814,-7.28623],[111.47822,-7.28649],[111.478445,-7.28668],[111.47882,-7.286935],[111.478795,-7.287095],[111.47852,-7.287265],[111.47877,-7.287405],[111.478855,-7.28758],[111.478755,-7.28782],[111.479165,-7.287925],[111.4795,-7.28818],[111.479485,-7.2883],[111.4796,-7.28885],[111.47975,-7.289],[111.47992,-7.288755],[111.480115,-7.289055],[111.480095,-7.289365],[111.48053,-7.2897],[111.480435,-7.29007],[111.48049,-7.290205],[111.480385,-7.29068],[111.480245,-7.291],[111.480095,-7.29143],[111.4802,-7.291945],[111.480445,-7.29244],[111.481055,-7.293235],[111.48158,-7.29399],[111.48254,-7.29524],[111.48266,-7.295705],[111.483005,-7.29635],[111.48331,-7.29711],[111.483525,-7.297375],[111.48403,-7.29725],[111.484375,-7.29713],[111.48511,-7.29726],[111.485265,-7.29744],[111.48548,-7.297855],[111.48605,-7.29802],[111.48633,-7.298065],[111.487075,-7.29789],[111.4876,-7.297665],[111.487935,-7.297565],[111.48874,-7.297475],[111.48933,-7.297495],[111.48972,-7.297635],[111.490035,-7.297815],[111.49021,-7.297985],[111.49124,-7.29906],[111.491555,-7.29942],[111.49178,-7.299585],[111.492095,-7.299695],[111.492835,-7.29965],[111.493555,-7.29979],[111.49388,-7.29993],[111.494295,-7.300255],[111.49461,-7.30034],[111.495295,-7.300335],[111.495505,-7.30031],[111.495915,-7.30038],[111.496145,-7.30046],[111.49634,-7.30062],[111.49708,-7.30086],[111.497155,-7.30124],[111.497135,-7.30156],[111.49704,-7.301955],[111.496545,-7.302745],[111.496355,-7.303],[111.496375,-7.30361],[111.496625,-7.304645],[111.49678,-7.30498],[111.49748,-7.306015],[111.49759,-7.306305],[111.49762,-7.3072],[111.49801,-7.30725],[111.49832,-7.30733],[111.49868,-7.307365],[111.499285,-7.307375],[111.50127,-7.30737],[111.50149,-7.307385],[111.501635,-7.307485],[111.501995,-7.308035],[111.502245,-7.30819],[111.503835,-7.30894],[111.504225,-7.309145],[111.504635,-7.309325],[111.505225,-7.309335],[111.505565,-7.309225],[111.50599,-7.30878],[111.506165,-7.308665],[111.50636,-7.30862],[111.50692,-7.30865],[111.50917,-7.30912],[111.510255,-7.30936],[111.510465,-7.309475],[111.510325,-7.309035],[111.51021,-7.30878],[111.50985,-7.30774],[111.510075,-7.307385],[111.510165,-7.3071],[111.510125,-7.306715],[111.510685,-7.305925],[111.51076,-7.3055],[111.510975,-7.3052],[111.510955,-7.305055],[111.510745,-7.304555],[111.510765,-7.30425],[111.510835,-7.30395],[111.51088,-7.30355],[111.51105,-7.303315],[111.511475,-7.303215],[111.511825,-7.302985],[111.512035,-7.30258],[111.51208,-7.30234],[111.51204,-7.301955],[111.51187,-7.301315],[111.51194,-7.30102],[111.512215,-7.300905],[111.512475,-7.30057],[111.51254,-7.300335],[111.513005,-7.30008],[111.513235,-7.299865],[111.513775,-7.299425],[111.51414,-7.299405],[111.514425,-7.299335],[111.514545,-7.299145],[111.514695,-7.29874],[111.51465,-7.29804],[111.5145,-7.297615],[111.514255,-7.297315],[111.51412,-7.29721],[111.514295,-7.29685],[111.514315,-7.29598],[111.51416,-7.2961],[111.513645,-7.296185],[111.513355,-7.296295],[111.513045,-7.29634],[111.51228,-7.29626],[111.51211,-7.295945],[111.511945,-7.29585],[111.511575,-7.29582],[111.51147,-7.295705],[111.51083,-7.29566],[111.51053,-7.295505],[111.51026,-7.295265],[111.51001,-7.294985],[111.509725,-7.29484],[111.509565,-7.294915],[111.50927,-7.29479],[111.509175,-7.29462],[111.50828,-7.293535],[111.50808,-7.293025],[111.508015,-7.29236],[111.50835,-7.291905],[111.50864,-7.29094],[111.50859,-7.29028],[111.508535,-7.288395],[111.50857,-7.28785],[111.50877,-7.28683],[111.50885,-7.285825],[111.508995,-7.28479],[111.50911,-7.284245],[111.50922,-7.28403],[111.509405,-7.283995],[111.509995,-7.28401],[111.510405,-7.283965],[111.51054,-7.28389],[111.510355,-7.283385],[111.51025,-7.28324],[111.509655,-7.283065],[111.509425,-7.282805],[111.509205,-7.28246],[111.509065,-7.282155],[111.508825,-7.28191],[111.50864,-7.28156],[111.50851,-7.281245],[111.50855,-7.280775],[111.5089,-7.27939],[111.508965,-7.27822],[111.50906,-7.2776],[111.509265,-7.27706],[111.509195,-7.276775],[111.50886,-7.276395],[111.50872,-7.27578],[111.508745,-7.27551],[111.508825,-7.27529],[111.509,-7.275035],[111.509135,-7.274965],[111.509625,-7.274875],[111.50991,-7.274795],[111.51027,-7.274605],[111.510695,-7.274225],[111.51091,-7.27409],[111.511605,-7.273505],[111.512035,-7.2731],[111.512475,-7.272595],[111.512195,-7.271985],[111.511895,-7.27123],[111.511765,-7.2708],[111.512195,-7.270795],[111.51247,-7.270885],[111.51263,-7.27084],[111.51257,-7.270695],[111.512375,-7.2705],[111.512,-7.270335],[111.51206,-7.270195],[111.51197,-7.269815],[111.51227,-7.269405],[111.51251,-7.2695],[111.51268,-7.26964],[111.51286,-7.26966],[111.513465,-7.27024],[111.51387,-7.270285],[111.51386,-7.26998],[111.51356,-7.269865],[111.513,-7.269355],[111.51264,-7.26915],[111.51251,-7.268945],[111.512585,-7.268825],[111.512815,-7.26875],[111.512935,-7.26861],[111.513,-7.268295],[111.51284,-7.267845],[111.512715,-7.26775],[111.512455,-7.26774],[111.51236,-7.26765],[111.51236,-7.26749],[111.51273,-7.267125],[111.512825,-7.26695],[111.51335,-7.267155],[111.513795,-7.26725],[111.514055,-7.26726],[111.514135,-7.267175],[111.513945,-7.266765],[111.51377,-7.266655],[111.51358,-7.26623],[111.513645,-7.26579],[111.51393,-7.265595],[111.514655,-7.265525],[111.514645,-7.265675],[111.51473,-7.266285],[111.51485,-7.26656],[111.51504,-7.26714],[111.515295,-7.267045],[111.515275,-7.266815],[111.515575,-7.26675],[111.51601,-7.26678],[111.516495,-7.266845],[111.516485,-7.267035],[111.516735,-7.26718],[111.51691,-7.2669],[111.51718,-7.266615],[111.517685,-7.26598],[111.517985,-7.26564],[111.518265,-7.265375],[111.51928,-7.26422],[111.51981,-7.263725],[111.520465,-7.26307],[111.520615,-7.263075],[111.521055,-7.26339],[111.521165,-7.263265],[111.5219,-7.263595],[111.52201,-7.26346],[111.52242,-7.263645],[111.522615,-7.26314],[111.523055,-7.263285],[111.52377,-7.263585],[111.52397,-7.26372],[111.52444,-7.263935],[111.52596,-7.26441],[111.526455,-7.26448],[111.52689,-7.26467],[111.526915,-7.26483],[111.527255,-7.265545],[111.52745,-7.2658],[111.52797,-7.26628],[111.5283,-7.26652],[111.528545,-7.266515],[111.528975,-7.26674],[111.529265,-7.26683],[111.530245,-7.266995],[111.530435,-7.266955],[111.53089,-7.266695],[111.53114,-7.2667],[111.5318,-7.26692],[111.5321,-7.26654],[111.532325,-7.266645],[111.53296,-7.266865],[111.53393,-7.26743],[111.53424,-7.267545],[111.534675,-7.267625],[111.53522,-7.267675],[111.53568,-7.26786],[111.535975,-7.26795],[111.53598,-7.2684],[111.535955,-7.269245],[111.53649,-7.269485],[111.53728,-7.26976],[111.53749,-7.26988],[111.537585,-7.270045],[111.537695,-7.27076],[111.537725,-7.27122],[111.53779,-7.27147],[111.538025,-7.271745],[111.53847,-7.27213],[111.538615,-7.27235],[111.538615,-7.272665],[111.5389,-7.27277],[111.540305,-7.27317],[111.540785,-7.27453],[111.54131,-7.274895],[111.541695,-7.275055],[111.54176,-7.27537],[111.541685,-7.27627],[111.541375,-7.2771],[111.54179,-7.27758],[111.541605,-7.27779],[111.541395,-7.278265],[111.54092,-7.278985],[111.540735,-7.27933],[111.54054,-7.279765],[111.540445,-7.2801],[111.54042,-7.28045],[111.5403,-7.281375],[111.540195,-7.28176],[111.539415,-7.28282],[111.53922,-7.283025],[111.538995,-7.283115],[111.538765,-7.28327],[111.538355,-7.28329],[111.538115,-7.28342],[111.537765,-7.28402],[111.53764,-7.28459],[111.537695,-7.284635],[111.538045,-7.2854],[111.539005,-7.286415],[111.53906,-7.286605],[111.539045,-7.28724],[111.538915,-7.28748],[111.538605,-7.28779],[111.538445,-7.288015],[111.538355,-7.28824],[111.538385,-7.288535],[111.538565,-7.28892],[111.53879,-7.289265],[111.53902,-7.28968],[111.53906,-7.290085],[111.53894,-7.29041],[111.538615,-7.291035],[111.538515,-7.29142],[111.538695,-7.29279],[111.538615,-7.293185],[111.538475,-7.293365],[111.53797,-7.293865],[111.53781,-7.293985],[111.537335,-7.294145],[111.53752,-7.29438],[111.53768,-7.2945],[111.53785,-7.294745],[111.538125,-7.29534],[111.53831,-7.29582],[111.53866,-7.29635],[111.5388,-7.29687],[111.53867,-7.29723],[111.538535,-7.297325],[111.537605,-7.29739],[111.53707,-7.29749],[111.53676,-7.2976],[111.536275,-7.297905],[111.53581,-7.29862],[111.535375,-7.29908],[111.53479,-7.299495],[111.534385,-7.29971],[111.533845,-7.300275],[111.53369,-7.30052],[111.533895,-7.300945],[111.53401,-7.3013],[111.53432,-7.301765],[111.53444,-7.30213],[111.534545,-7.302335],[111.53507,-7.30316],[111.53519,-7.30346],[111.535485,-7.30331],[111.535545,-7.303395],[111.535885,-7.30352],[111.535975,-7.303595],[111.53581,-7.303975],[111.53604,-7.304205],[111.536445,-7.30472],[111.536535,-7.30476],[111.53703,-7.30556],[111.537335,-7.30599],[111.53779,-7.3065],[111.53847,-7.307015],[111.538745,-7.30717],[111.539345,-7.307375],[111.54024,-7.30763],[111.54125,-7.307765],[111.542585,-7.307575],[111.543475,-7.307375],[111.543785,-7.307345],[111.544125,-7.30743],[111.54518,-7.30698],[111.54532,-7.306955],[111.54608,-7.307105],[111.546725,-7.307085],[111.54688,-7.307115],[111.54728,-7.30751],[111.54786,-7.307955],[111.54815,-7.30812],[111.54837,-7.30817],[111.54928,-7.308095],[111.550475,-7.307925],[111.550825,-7.30798],[111.55171,-7.3088],[111.5523,-7.309035],[111.55292,-7.30922],[111.553495,-7.308995]]]}},{"type":"Feature","properties":{"nama":"Padangan"},"geometry":{"type":"Polygon","coordinates":[[[111.607285,-7.14666],[111.607095,-7.146825],[111.60592,-7.14662],[111.60495,-7.146315],[111.60375,-7.145735],[111.602625,-7.14537],[111.60142,-7.14483],[111.60033,-7.14472],[111.599675,-7.14483],[111.59935,-7.14498],[111.59866,-7.14534],[111.598295,-7.145815],[111.597895,-7.147155],[111.5979,-7.148425],[111.598365,-7.15008],[111.598875,-7.151315],[111.59899,-7.15331],[111.59881,-7.154945],[111.597975,-7.15603],[111.59648,-7.156835],[111.5954,-7.15769],[111.594085,-7.15836],[111.59346,-7.158965],[111.59193,-7.160055],[111.59095,-7.16096],[111.58979,-7.161835],[111.58779,-7.16398],[111.58662,-7.165815],[111.58568,-7.1678],[111.584155,-7.170715],[111.583645,-7.173325],[111.583505,-7.17502],[111.58376,-7.17676],[111.58454,-7.17828],[111.585365,-7.17995],[111.58608,-7.18122],[111.586595,-7.18275],[111.587075,-7.18378],[111.58733,-7.184395],[111.58722,-7.185555],[111.58653,-7.185595],[111.585765,-7.18585],[111.58471,-7.185885],[111.583765,-7.185815],[111.58264,-7.186035],[111.58104,-7.186365],[111.57969,-7.18691],[111.5786,-7.18738],[111.57722,-7.187855],[111.57591,-7.18822],[111.574045,-7.187625],[111.57247,-7.187285],[111.57094,-7.18674],[111.56941,-7.186235],[111.56763,-7.1862],[111.566575,-7.18664],[111.565775,-7.18733],[111.56501,-7.18813],[111.564105,-7.189325],[111.563895,-7.190515],[111.564215,-7.191395],[111.564835,-7.192625],[111.565695,-7.193705],[111.567275,-7.1949],[111.56837,-7.19577],[111.568775,-7.197155],[111.569285,-7.19878],[111.569175,-7.1994],[111.568775,-7.201235],[111.568485,-7.20276],[111.56772,-7.204065],[111.566815,-7.2065],[111.568425,-7.207355],[111.56884,-7.20742],[111.568995,-7.207195],[111.56972,-7.207305],[111.569995,-7.207305],[111.57003,-7.20767],[111.57025,-7.207825],[111.570785,-7.207945],[111.5713,-7.20797],[111.57152,-7.20792],[111.57151,-7.20841],[111.57164,-7.208405],[111.57174,-7.208255],[111.57204,-7.208155],[111.572335,-7.208195],[111.572365,-7.20827],[111.5727,-7.20857],[111.57294,-7.20885],[111.57326,-7.209005],[111.57389,-7.20839],[111.574845,-7.20902],[111.575425,-7.209045],[111.576115,-7.209215],[111.576295,-7.20935],[111.57912,-7.211155],[111.57958,-7.211475],[111.581405,-7.212665],[111.581865,-7.212945],[111.58231,-7.21315],[111.583215,-7.21333],[111.58492,-7.213635],[111.587725,-7.21421],[111.589135,-7.214595],[111.58981,-7.214765],[111.59031,-7.21479],[111.59088,-7.214725],[111.591475,-7.21462],[111.592225,-7.214645],[111.593695,-7.21473],[111.59535,-7.214655],[111.59576,-7.21461],[111.59636,-7.214685],[111.596945,-7.2147],[111.59771,-7.214395],[111.59813,-7.214135],[111.59821,-7.21402],[111.59845,-7.21385],[111.59861,-7.2138],[111.599145,-7.21373],[111.59956,-7.21395],[111.60116,-7.21432],[111.60143,-7.214355],[111.60418,-7.213655],[111.60551,-7.21351],[111.606295,-7.213895],[111.60682,-7.21418],[111.607795,-7.2142],[111.608985,-7.214155],[111.60944,-7.214035],[111.611805,-7.21654],[111.61201,-7.21656],[111.61246,-7.21645],[111.613315,-7.216185],[111.614465,-7.215735],[111.61581,-7.21527],[111.616115,-7.21518],[111.6166,-7.21516],[111.61684,-7.21519],[111.6181,-7.21544],[111.619,-7.21574],[111.61985,-7.21599],[111.62068,-7.21627],[111.62073,-7.21673],[111.62097,-7.21616],[111.62098,-7.21599],[111.62083,-7.21561],[111.62088,-7.21553],[111.62129,-7.21526],[111.62144,-7.21504],[111.62143,-7.21459],[111.621375,-7.21449],[111.62118,-7.21452],[111.6211,-7.21429],[111.621135,-7.21418],[111.62142,-7.21396],[111.62153,-7.21377],[111.62146,-7.21344],[111.621155,-7.21313],[111.620855,-7.212885],[111.62092,-7.212705],[111.62125,-7.212635],[111.621435,-7.2125],[111.621565,-7.21251],[111.621665,-7.212675],[111.62197,-7.212975],[111.62191,-7.213225],[111.62222,-7.21336],[111.62262,-7.21327],[111.62293,-7.213],[111.62304,-7.212815],[111.623565,-7.212695],[111.623755,-7.21254],[111.623545,-7.21203],[111.62361,-7.21187],[111.62353,-7.21148],[111.62335,-7.21119],[111.62333,-7.21071],[111.62351,-7.2106],[111.623515,-7.210345],[111.623135,-7.20977],[111.62289,-7.209],[111.62273,-7.208865],[111.622255,-7.20867],[111.621935,-7.208405],[111.62152,-7.2079],[111.62167,-7.20734],[111.62189,-7.206955],[111.62231,-7.206445],[111.622175,-7.2061],[111.621845,-7.205805],[111.62134,-7.205475],[111.62107,-7.205235],[111.62088,-7.20475],[111.62091,-7.204405],[111.62075,-7.204275],[111.620115,-7.20401],[111.61996,-7.203695],[111.620015,-7.20308],[111.62026,-7.20261],[111.6203,-7.202365],[111.620175,-7.20208],[111.619715,-7.201595],[111.619645,-7.201195],[111.6195,-7.200695],[111.61943,-7.20011],[111.61929,-7.19934],[111.619885,-7.19867],[111.620785,-7.19857],[111.6216,-7.19844],[111.62227,-7.19871],[111.62251,-7.19883],[111.622465,-7.19806],[111.62268,-7.197915],[111.622935,-7.197885],[111.624205,-7.198435],[111.62436,-7.19849],[111.625,-7.19863],[111.6254,-7.198585],[111.626035,-7.198435],[111.627245,-7.198555],[111.628085,-7.198385],[111.6285,-7.19825],[111.62875,-7.19822],[111.62945,-7.198385],[111.63005,-7.19818],[111.63043,-7.19799],[111.63095,-7.197605],[111.631365,-7.1971],[111.633045,-7.196975],[111.63341,-7.19685],[111.634215,-7.196665],[111.634575,-7.19654],[111.634785,-7.196365],[111.637035,-7.195815],[111.638005,-7.195795],[111.638855,-7.19583],[111.64004,-7.195825],[111.64097,-7.19589],[111.641775,-7.19612],[111.64244,-7.1964],[111.64363,-7.196925],[111.64488,-7.19759],[111.64562,-7.198065],[111.64693,-7.19884],[111.64785,-7.19934],[111.64889,-7.199995],[111.649985,-7.200735],[111.651085,-7.201245],[111.65138,-7.201325],[111.65147,-7.201425],[111.651725,-7.20193],[111.65171,-7.201375],[111.65137,-7.200175],[111.651295,-7.19956],[111.65129,-7.19909],[111.651335,-7.19864],[111.651665,-7.198195],[111.651875,-7.197695],[111.65203,-7.197165],[111.652235,-7.19632],[111.65236,-7.195665],[111.65242,-7.19562],[111.65313,-7.19465],[111.653435,-7.194655],[111.65394,-7.194365],[111.654445,-7.194035],[111.65503,-7.193905],[111.655305,-7.193765],[111.656165,-7.19349],[111.656515,-7.193235],[111.657175,-7.19253],[111.65742,-7.19235],[111.65753,-7.19212],[111.65755,-7.191925],[111.657675,-7.191665],[111.657895,-7.19168],[111.657925,-7.191095],[111.658025,-7.19055],[111.657945,-7.19034],[111.657905,-7.19002],[111.658215,-7.18997],[111.658445,-7.189265],[111.658415,-7.189145],[111.65793,-7.189055],[111.657865,-7.188775],[111.65786,-7.18826],[111.657805,-7.187765],[111.65785,-7.18728],[111.6576,-7.186465],[111.65766,-7.18579],[111.657755,-7.185345],[111.65756,-7.185005],[111.657395,-7.18483],[111.657425,-7.184615],[111.657265,-7.18436],[111.65699,-7.184085],[111.657045,-7.18344],[111.65681,-7.18298],[111.656465,-7.182565],[111.65639,-7.182335],[111.65617,-7.182055],[111.656065,-7.181785],[111.65602,-7.181505],[111.656075,-7.18134],[111.6562,-7.181285],[111.65625,-7.181135],[111.656275,-7.18077],[111.65652,-7.180455],[111.65652,-7.18027],[111.65668,-7.18004],[111.656555,-7.17982],[111.656545,-7.179355],[111.656335,-7.17904],[111.65592,-7.178755],[111.655885,-7.178435],[111.656115,-7.17833],[111.656265,-7.17809],[111.656215,-7.17785],[111.656465,-7.177705],[111.656485,-7.177555],[111.65619,-7.17733],[111.655965,-7.176995],[111.65606,-7.17684],[111.6562,-7.176835],[111.65621,-7.176445],[111.6564,-7.176325],[111.656545,-7.176455],[111.65657,-7.1766],[111.65671,-7.176695],[111.65693,-7.176605],[111.65711,-7.176285],[111.65703,-7.17607],[111.65686,-7.175775],[111.65668,-7.175545],[111.65671,-7.175165],[111.65679,-7.17504],[111.657125,-7.174965],[111.657315,-7.17476],[111.657265,-7.174365],[111.6573,-7.174085],[111.65747,-7.173435],[111.657335,-7.172905],[111.657355,-7.1727],[111.657295,-7.17189],[111.65698,-7.17111],[111.657025,-7.17077],[111.6573,-7.17056],[111.65748,-7.170295],[111.65747,-7.17011],[111.657255,-7.16997],[111.657,-7.17006],[111.65669,-7.170105],[111.656375,-7.170375],[111.656135,-7.17026],[111.656175,-7.17],[111.656,-7.169675],[111.65582,-7.169565],[111.655645,-7.169555],[111.655235,-7.169305],[111.655275,-7.168675],[111.65538,-7.168445],[111.655505,-7.168295],[111.655575,-7.16804],[111.6555,-7.167605],[111.655435,-7.167085],[111.65447,-7.167015],[111.653705,-7.16699],[111.652925,-7.166895],[111.651805,-7.166675],[111.65067,-7.16641],[111.64965,-7.165985],[111.6493,-7.165805],[111.648835,-7.16564],[111.648495,-7.165465],[111.64774,-7.16523],[111.64672,-7.164865],[111.64623,-7.16472],[111.645905,-7.1647],[111.645445,-7.1644],[111.645215,-7.164345],[111.644975,-7.164185],[111.644355,-7.16387],[111.64385,-7.16336],[111.643685,-7.163285],[111.643255,-7.16288],[111.642615,-7.162025],[111.642505,-7.161715],[111.642305,-7.161465],[111.64231,-7.16132],[111.6421,-7.16113],[111.64198,-7.161165],[111.64096,-7.160415],[111.639975,-7.158935],[111.639625,-7.15835],[111.638435,-7.15595],[111.63814,-7.15436],[111.6381,-7.152035],[111.638045,-7.149875],[111.637705,-7.14839],[111.63724,-7.14715],[111.636885,-7.14672],[111.63646,-7.14626],[111.63576,-7.145875],[111.634985,-7.145685],[111.634205,-7.1458],[111.633315,-7.146265],[111.63242,-7.147235],[111.6313,-7.149095],[111.630685,-7.149965],[111.627735,-7.15417],[111.626995,-7.154885],[111.626435,-7.155225],[111.62559,-7.15539],[111.622645,-7.15539],[111.62024,-7.155085],[111.61783,-7.15366],[111.616035,-7.152255],[111.614675,-7.151235],[111.608775,-7.1472],[111.608455,-7.14707],[111.607285,-7.14666]]]}},{"type":"Feature","properties":{"nama":"Purwosari"},"geometry":{"type":"Polygon","coordinates":[[[111.6622,-7.16457],[111.661045,-7.16542],[111.65966,-7.16613],[111.65893,-7.16651],[111.65648,-7.167305],[111.6555,-7.167605],[111.655575,-7.16804],[111.655505,-7.168295],[111.65538,-7.168445],[111.655275,-7.168675],[111.655235,-7.169305],[111.655645,-7.169555],[111.65582,-7.169565],[111.656,-7.169675],[111.656175,-7.17],[111.656135,-7.17026],[111.656375,-7.170375],[111.65669,-7.170105],[111.657,-7.17006],[111.657255,-7.16997],[111.65747,-7.17011],[111.65748,-7.170295],[111.6573,-7.17056],[111.657025,-7.17077],[111.65698,-7.17111],[111.657295,-7.17189],[111.657355,-7.1727],[111.657335,-7.172905],[111.65747,-7.173435],[111.6573,-7.174085],[111.657265,-7.174365],[111.657315,-7.17476],[111.657125,-7.174965],[111.65679,-7.17504],[111.65671,-7.175165],[111.65668,-7.175545],[111.65686,-7.175775],[111.65703,-7.17607],[111.65711,-7.176285],[111.65693,-7.176605],[111.65671,-7.176695],[111.65657,-7.1766],[111.656545,-7.176455],[111.6564,-7.176325],[111.65621,-7.176445],[111.6562,-7.176835],[111.65606,-7.17684],[111.655965,-7.176995],[111.65619,-7.17733],[111.656485,-7.177555],[111.656465,-7.177705],[111.656215,-7.17785],[111.656265,-7.17809],[111.656115,-7.17833],[111.655885,-7.178435],[111.65592,-7.178755],[111.656335,-7.17904],[111.656545,-7.179355],[111.656555,-7.17982],[111.65668,-7.18004],[111.65652,-7.18027],[111.65652,-7.180455],[111.656275,-7.18077],[111.65625,-7.181135],[111.6562,-7.181285],[111.656075,-7.18134],[111.65602,-7.181505],[111.656065,-7.181785],[111.65617,-7.182055],[111.65639,-7.182335],[111.656465,-7.182565],[111.65681,-7.18298],[111.657045,-7.18344],[111.65699,-7.184085],[111.657265,-7.18436],[111.657425,-7.184615],[111.657395,-7.18483],[111.65756,-7.185005],[111.657755,-7.185345],[111.65766,-7.18579],[111.6576,-7.186465],[111.65785,-7.18728],[111.657805,-7.187765],[111.65786,-7.18826],[111.657865,-7.188775],[111.65793,-7.189055],[111.658415,-7.189145],[111.658445,-7.189265],[111.658215,-7.18997],[111.657905,-7.19002],[111.657945,-7.19034],[111.658025,-7.19055],[111.657925,-7.191095],[111.657895,-7.19168],[111.657675,-7.191665],[111.65755,-7.191925],[111.65753,-7.19212],[111.65742,-7.19235],[111.657175,-7.19253],[111.656515,-7.193235],[111.656165,-7.19349],[111.655305,-7.193765],[111.65503,-7.193905],[111.654445,-7.194035],[111.65394,-7.194365],[111.653435,-7.194655],[111.65313,-7.19465],[111.65242,-7.19562],[111.65236,-7.195665],[111.652235,-7.19632],[111.65203,-7.197165],[111.651875,-7.197695],[111.651665,-7.198195],[111.651335,-7.19864],[111.65129,-7.19909],[111.651295,-7.19956],[111.65137,-7.200175],[111.65171,-7.201375],[111.651725,-7.20193],[111.65147,-7.201425],[111.65138,-7.201325],[111.651085,-7.201245],[111.649985,-7.200735],[111.64889,-7.199995],[111.64785,-7.19934],[111.64693,-7.19884],[111.64562,-7.198065],[111.64488,-7.19759],[111.64363,-7.196925],[111.64244,-7.1964],[111.641775,-7.19612],[111.64097,-7.19589],[111.64004,-7.195825],[111.638855,-7.19583],[111.638005,-7.195795],[111.637035,-7.195815],[111.634785,-7.196365],[111.634575,-7.19654],[111.634215,-7.196665],[111.63341,-7.19685],[111.633045,-7.196975],[111.631365,-7.1971],[111.63095,-7.197605],[111.63043,-7.19799],[111.63005,-7.19818],[111.62945,-7.198385],[111.62875,-7.19822],[111.6285,-7.19825],[111.628085,-7.198385],[111.627245,-7.198555],[111.626035,-7.198435],[111.6254,-7.198585],[111.625,-7.19863],[111.62436,-7.19849],[111.624205,-7.198435],[111.622935,-7.197885],[111.62268,-7.197915],[111.622465,-7.19806],[111.62251,-7.19883],[111.62227,-7.19871],[111.6216,-7.19844],[111.620785,-7.19857],[111.619885,-7.19867],[111.61929,-7.19934],[111.61943,-7.20011],[111.6195,-7.200695],[111.619645,-7.201195],[111.619715,-7.201595],[111.620175,-7.20208],[111.6203,-7.202365],[111.62026,-7.20261],[111.620015,-7.20308],[111.61996,-7.203695],[111.620115,-7.20401],[111.62075,-7.204275],[111.62091,-7.204405],[111.62088,-7.20475],[111.62107,-7.205235],[111.62134,-7.205475],[111.621845,-7.205805],[111.622175,-7.2061],[111.62231,-7.206445],[111.62189,-7.206955],[111.62167,-7.20734],[111.62152,-7.2079],[111.621935,-7.208405],[111.622255,-7.20867],[111.62273,-7.208865],[111.62289,-7.209],[111.623135,-7.20977],[111.623515,-7.210345],[111.62351,-7.2106],[111.62369,-7.21094],[111.62388,-7.21062],[111.62424,-7.21061],[111.62452,-7.21079],[111.62512,-7.21148],[111.62604,-7.21247],[111.62612,-7.21276],[111.62624,-7.21302],[111.62627,-7.21333],[111.62675,-7.21371],[111.62708,-7.21413],[111.62721,-7.214195],[111.62746,-7.213995],[111.62811,-7.213985],[111.62832,-7.2142],[111.628445,-7.2146],[111.629165,-7.214795],[111.629595,-7.21501],[111.62963,-7.21536],[111.629485,-7.21542],[111.62934,-7.215385],[111.62907,-7.2157],[111.62944,-7.21618],[111.62943,-7.21629],[111.62925,-7.21678],[111.62902,-7.21731],[111.62914,-7.21767],[111.62952,-7.21807],[111.62949,-7.21887],[111.62963,-7.21965],[111.62958,-7.21977],[111.62921,-7.22023],[111.62916,-7.22039],[111.6293,-7.22079],[111.62945,-7.22099],[111.62969,-7.22143],[111.63007,-7.22177],[111.63015,-7.22194],[111.6299,-7.22244],[111.62992,-7.22261],[111.63015,-7.22292],[111.63016,-7.223255],[111.63033,-7.223305],[111.630365,-7.22358],[111.63058,-7.22355],[111.63069,-7.22363],[111.63072,-7.22401],[111.6311,-7.22407],[111.63115,-7.22434],[111.630995,-7.22449],[111.63095,-7.225125],[111.63159,-7.22525],[111.63195,-7.22517],[111.63206,-7.22519],[111.6322,-7.22535],[111.63256,-7.22542],[111.63275,-7.22564],[111.63271,-7.22575],[111.63192,-7.22602],[111.63172,-7.22631],[111.63152,-7.2265],[111.63145,-7.22664],[111.63143,-7.22698],[111.63146,-7.22714],[111.63172,-7.22748],[111.63173,-7.22769],[111.63201,-7.22854],[111.63184,-7.22893],[111.63179,-7.22914],[111.632,-7.22964],[111.63205,-7.23019],[111.632,-7.23131],[111.63152,-7.23205],[111.63146,-7.23248],[111.63109,-7.23268],[111.631,-7.23307],[111.63149,-7.23347],[111.63152,-7.23386],[111.63157,-7.23395],[111.63198,-7.23395],[111.63208,-7.23405],[111.63213,-7.23445],[111.63233,-7.23475],[111.63233,-7.23526],[111.63248,-7.23572],[111.63338,-7.23591],[111.63395,-7.23606],[111.63421,-7.2361],[111.63463,-7.23602],[111.635,-7.23605],[111.63538,-7.23613],[111.63592,-7.23618],[111.63733,-7.23642],[111.63822,-7.23636],[111.63871,-7.23659],[111.63906,-7.23761],[111.63909,-7.23836],[111.63907,-7.23943],[111.63909,-7.24057],[111.63918,-7.2428],[111.6393,-7.24364],[111.6395,-7.24454],[111.63999,-7.24544],[111.64048,-7.24613],[111.64087,-7.24654],[111.64116,-7.24679],[111.6417,-7.24711],[111.64248,-7.24738],[111.64273,-7.24742],[111.64292,-7.24737],[111.64322,-7.24722],[111.64384,-7.24681],[111.64429,-7.24667],[111.64507,-7.24669],[111.6454,-7.24659],[111.64662,-7.24608],[111.64692,-7.24603],[111.64722,-7.24607],[111.64796,-7.24587],[111.64893,-7.24556],[111.649575,-7.24505],[111.650315,-7.24449],[111.652185,-7.24283],[111.652895,-7.242515],[111.653485,-7.24229],[111.65425,-7.242235],[111.654825,-7.2423],[111.65588,-7.24262],[111.65714,-7.24304],[111.65841,-7.24353],[111.65919,-7.24381],[111.65939,-7.24399],[111.65972,-7.24415],[111.66154,-7.24467],[111.66185,-7.24468],[111.66327,-7.24507],[111.66421,-7.24545],[111.66518,-7.24606],[111.66613,-7.24685],[111.66684,-7.24748],[111.66738,-7.24813],[111.66781,-7.24874],[111.6676,-7.25],[111.66725,-7.25201],[111.6672,-7.25256],[111.66723,-7.25293],[111.66749,-7.2535],[111.66777,-7.25395],[111.66811,-7.2544],[111.66857,-7.25505],[111.66877,-7.25554],[111.66888,-7.25604],[111.66901,-7.25697],[111.66931,-7.25751],[111.6695,-7.25778],[111.67001,-7.2586],[111.67043,-7.2591],[111.6707,-7.25933],[111.67121,-7.25966],[111.67136,-7.25994],[111.67141,-7.26015],[111.67133,-7.26068],[111.67117,-7.26099],[111.67059,-7.26186],[111.67036,-7.26241],[111.67034,-7.26281],[111.67043,-7.26341],[111.67079,-7.26488],[111.67089,-7.26519],[111.67105,-7.26552],[111.67123,-7.26568],[111.6717,-7.26586],[111.67301,-7.26617],[111.67335,-7.26654],[111.67344,-7.26684],[111.67341,-7.26714],[111.67332,-7.26744],[111.67309,-7.26794],[111.67288,-7.26847],[111.67278,-7.26893],[111.67279,-7.26926],[111.67701,-7.26899],[111.68,-7.26811],[111.68571,-7.26623],[111.68621,-7.266],[111.68667,-7.26567],[111.68694,-7.26553],[111.68742,-7.26535],[111.68721,-7.26394],[111.68702,-7.26331],[111.687,-7.26291],[111.68688,-7.26269],[111.68656,-7.26243],[111.68654,-7.26196],[111.68644,-7.26171],[111.68645,-7.26152],[111.68656,-7.26105],[111.68651,-7.26086],[111.68617,-7.25996],[111.68624,-7.25955],[111.68621,-7.2593],[111.6864,-7.25891],[111.68638,-7.25877],[111.68615,-7.2582],[111.68622,-7.25797],[111.68635,-7.2578],[111.68668,-7.25751],[111.68683,-7.25727],[111.68681,-7.25715],[111.68663,-7.25682],[111.68663,-7.25657],[111.68687,-7.25612],[111.68702,-7.25535],[111.68716,-7.25516],[111.68741,-7.25496],[111.68752,-7.25478],[111.68748,-7.25424],[111.68757,-7.25397],[111.68792,-7.25373],[111.68825,-7.25327],[111.68854,-7.25306],[111.68884,-7.25279],[111.6893,-7.25231],[111.68949,-7.25176],[111.68962,-7.25165],[111.69012,-7.25164],[111.69034,-7.25149],[111.69127,-7.25072],[111.69126,-7.25048],[111.69077,-7.25033],[111.69066,-7.25014],[111.69077,-7.24977],[111.69077,-7.24951],[111.69136,-7.2492],[111.69157,-7.24899],[111.69162,-7.24868],[111.69172,-7.24842],[111.69224,-7.24819],[111.69249,-7.24803],[111.69255,-7.24789],[111.69406,-7.24813],[111.69498,-7.24802],[111.6961,-7.24793],[111.6976,-7.24768],[111.69915,-7.2475],[111.70066,-7.24738],[111.702,-7.24725],[111.70522,-7.24756],[111.70637,-7.24759],[111.70754,-7.24755],[111.70835,-7.24772],[111.70949,-7.24801],[111.709455,-7.24707],[111.709405,-7.246755],[111.708865,-7.24531],[111.70882,-7.2451],[111.70865,-7.244735],[111.70861,-7.243985],[111.70865,-7.243485],[111.70883,-7.24309],[111.709065,-7.24275],[111.709255,-7.2427],[111.70944,-7.24284],[111.70948,-7.243265],[111.709665,-7.24341],[111.710415,-7.243705],[111.710945,-7.24377],[111.711225,-7.24372],[111.711515,-7.2435],[111.711635,-7.24327],[111.711655,-7.24304],[111.71159,-7.24266],[111.711315,-7.24235],[111.711225,-7.242165],[111.71124,-7.241935],[111.711445,-7.241615],[111.71146,-7.24151],[111.711375,-7.241185],[111.711195,-7.24094],[111.71103,-7.240875],[111.71078,-7.240905],[111.71013,-7.241125],[111.709755,-7.241185],[111.70942,-7.241425],[111.70915,-7.241545],[111.708655,-7.241835],[111.708285,-7.242005],[111.707935,-7.242015],[111.707815,-7.24181],[111.707835,-7.241505],[111.707735,-7.24095],[111.707805,-7.240805],[111.70821,-7.24051],[111.70833,-7.24024],[111.708255,-7.240055],[111.70848,-7.23957],[111.70878,-7.2394],[111.709255,-7.23938],[111.709815,-7.23956],[111.71006,-7.239575],[111.71032,-7.23934],[111.71029,-7.239125],[111.709875,-7.23875],[111.70954,-7.238575],[111.709175,-7.23857],[111.70865,-7.238865],[111.70824,-7.23889],[111.70808,-7.23886],[111.70781,-7.2387],[111.707665,-7.238465],[111.70763,-7.23814],[111.70778,-7.23713],[111.70777,-7.236855],[111.707575,-7.236295],[111.70743,-7.23612],[111.70682,-7.235815],[111.70642,-7.235455],[111.70634,-7.235135],[111.7064,-7.23496],[111.70663,-7.23476],[111.70699,-7.2348],[111.707505,-7.23514],[111.707855,-7.235205],[111.708445,-7.235125],[111.708955,-7.23514],[111.709905,-7.235225],[111.710275,-7.2352],[111.710705,-7.23509],[111.710945,-7.234965],[111.711145,-7.234675],[111.71119,-7.23429],[111.71112,-7.23408],[111.710965,-7.233875],[111.71073,-7.23373],[111.710275,-7.233585],[111.70964,-7.233875],[111.709455,-7.23391],[111.70925,-7.23383],[111.708665,-7.233335],[111.70832,-7.23296],[111.7081,-7.23267],[111.70812,-7.23245],[111.70828,-7.23229],[111.708465,-7.23223],[111.708875,-7.23226],[111.7095,-7.23243],[111.70992,-7.23241],[111.71006,-7.23231],[111.710225,-7.232025],[111.7102,-7.231875],[111.70995,-7.23159],[111.7096,-7.231385],[111.709195,-7.231195],[111.708555,-7.23084],[111.708455,-7.23076],[111.70832,-7.23046],[111.70829,-7.230225],[111.708335,-7.229995],[111.708435,-7.229875],[111.70888,-7.229615],[111.709105,-7.22958],[111.70939,-7.22972],[111.709855,-7.23009],[111.7103,-7.23024],[111.710735,-7.23023],[111.71102,-7.230175],[111.71132,-7.23006],[111.711535,-7.229915],[111.711745,-7.229615],[111.71177,-7.229175],[111.71185,-7.228945],[111.712155,-7.228665],[111.71242,-7.22855],[111.71286,-7.228545],[111.71351,-7.228765],[111.71395,-7.22885],[111.714155,-7.22886],[111.71463,-7.22878],[111.71486,-7.22865],[111.71498,-7.22843],[111.715125,-7.227925],[111.715085,-7.22769],[111.71499,-7.227505],[111.71448,-7.226855],[111.714185,-7.226735],[111.713635,-7.226595],[111.713485,-7.226515],[111.713145,-7.226235],[111.712955,-7.226135],[111.71283,-7.225835],[111.71286,-7.225515],[111.712995,-7.22473],[111.713235,-7.224075],[111.713325,-7.223705],[111.71332,-7.223375],[111.713435,-7.222655],[111.71357,-7.222085],[111.71354,-7.22171],[111.713425,-7.22154],[111.71295,-7.221225],[111.712575,-7.22099],[111.712075,-7.2206],[111.712,-7.22002],[111.712075,-7.2196],[111.712015,-7.21928],[111.711835,-7.21889],[111.71164,-7.21863],[111.71131,-7.218595],[111.71095,-7.218675],[111.710835,-7.21877],[111.7106,-7.21918],[111.71043,-7.219315],[111.71019,-7.21938],[111.70977,-7.2193],[111.70953,-7.219],[111.70942,-7.2182],[111.709265,-7.217925],[111.70886,-7.217385],[111.708435,-7.21709],[111.708375,-7.21674],[111.708435,-7.216395],[111.708595,-7.215925],[111.70833,-7.21496],[111.708335,-7.21475],[111.70858,-7.2144],[111.708925,-7.21404],[111.709075,-7.213455],[111.709225,-7.21322],[111.709405,-7.21306],[111.709665,-7.212935],[111.71013,-7.21279],[111.710335,-7.212525],[111.71028,-7.212335],[111.71002,-7.21207],[111.709575,-7.21207],[111.70921,-7.212165],[111.70875,-7.212415],[111.708005,-7.212335],[111.70743,-7.212355],[111.707165,-7.21242],[111.706695,-7.21262],[111.70609,-7.21272],[111.70578,-7.21291],[111.705515,-7.21313],[111.70549,-7.213405],[111.70583,-7.213675],[111.706105,-7.214005],[111.70633,-7.21421],[111.70651,-7.214545],[111.70653,-7.21474],[111.70646,-7.214985],[111.70627,-7.21523],[111.706105,-7.21537],[111.70584,-7.215365],[111.70565,-7.21526],[111.705545,-7.215105],[111.70537,-7.2146],[111.70532,-7.214035],[111.70515,-7.21367],[111.70488,-7.213385],[111.704705,-7.21332],[111.70435,-7.213285],[111.70374,-7.21353],[111.70358,-7.21352],[111.70341,-7.213385],[111.70318,-7.2133],[111.703115,-7.21308],[111.703165,-7.21289],[111.703035,-7.212405],[111.703075,-7.212185],[111.70298,-7.212055],[111.70289,-7.21156],[111.70289,-7.2114],[111.702735,-7.21109],[111.70241,-7.210675],[111.702265,-7.21055],[111.70184,-7.210435],[111.701255,-7.210525],[111.70092,-7.21048],[111.700725,-7.210345],[111.700645,-7.21022],[111.700665,-7.209915],[111.70078,-7.209755],[111.70109,-7.20965],[111.701245,-7.209655],[111.70171,-7.209245],[111.70188,-7.20906],[111.7019,-7.208945],[111.701775,-7.208715],[111.701245,-7.20843],[111.70073,-7.20783],[111.700435,-7.20761],[111.700015,-7.20754],[111.69886,-7.20785],[111.698595,-7.207745],[111.698405,-7.20775],[111.698165,-7.20765],[111.69807,-7.20743],[111.69873,-7.206965],[111.698895,-7.20692],[111.699205,-7.20692],[111.69964,-7.2067],[111.699525,-7.206175],[111.69923,-7.205585],[111.699185,-7.205345],[111.699045,-7.20542],[111.698795,-7.205735],[111.69865,-7.206405],[111.69852,-7.20672],[111.69839,-7.20687],[111.698235,-7.206905],[111.698115,-7.20709],[111.697925,-7.207185],[111.697735,-7.206845],[111.69767,-7.206555],[111.69733,-7.2059],[111.69705,-7.205695],[111.697185,-7.205275],[111.697295,-7.20521],[111.69783,-7.205445],[111.698435,-7.20542],[111.69871,-7.205325],[111.69888,-7.20522],[111.69913,-7.2052],[111.699255,-7.2051],[111.699355,-7.20468],[111.699405,-7.20432],[111.69934,-7.204115],[111.69922,-7.204105],[111.69893,-7.204235],[111.698615,-7.204255],[111.698345,-7.20412],[111.69784,-7.203335],[111.6977,-7.20307],[111.697505,-7.203115],[111.69736,-7.202975],[111.697045,-7.202975],[111.696755,-7.20319],[111.6964,-7.20368],[111.69599,-7.203835],[111.69562,-7.20392],[111.695225,-7.203675],[111.6955,-7.202395],[111.69565,-7.20243],[111.695735,-7.20199],[111.695515,-7.20191],[111.69558,-7.201665],[111.69543,-7.20159],[111.6952,-7.201575],[111.69518,-7.20108],[111.695125,-7.200435],[111.69491,-7.20012],[111.69455,-7.19999],[111.6943,-7.200015],[111.69405,-7.20012],[111.69396,-7.200575],[111.693855,-7.2008],[111.69388,-7.20121],[111.69398,-7.20127],[111.694035,-7.202125],[111.693595,-7.20305],[111.69312,-7.20284],[111.692915,-7.20269],[111.69238,-7.202035],[111.69228,-7.201805],[111.69182,-7.201225],[111.691465,-7.20108],[111.690665,-7.201085],[111.689995,-7.201035],[111.689875,-7.201085],[111.689445,-7.20147],[111.689295,-7.20154],[111.68907,-7.201515],[111.688765,-7.201405],[111.688655,-7.2013],[111.688625,-7.20098],[111.68871,-7.200755],[111.68893,-7.200515],[111.68944,-7.20006],[111.68951,-7.199905],[111.689445,-7.199405],[111.689165,-7.198825],[111.68894,-7.198545],[111.68886,-7.198385],[111.688735,-7.19832],[111.68848,-7.19831],[111.688175,-7.198715],[111.68798,-7.198825],[111.68735,-7.198885],[111.686865,-7.19886],[111.686085,-7.198995],[111.6858,-7.19903],[111.685245,-7.198915],[111.68496,-7.198615],[111.684835,-7.198415],[111.68479,-7.197975],[111.68493,-7.197305],[111.685145,-7.19694],[111.68538,-7.19685],[111.68563,-7.19698],[111.686175,-7.197065],[111.686405,-7.19704],[111.686475,-7.19673],[111.68642,-7.196485],[111.685685,-7.19596],[111.685365,-7.195585],[111.685065,-7.195285],[111.68539,-7.195235],[111.685915,-7.19525],[111.68611,-7.19519],[111.686395,-7.19499],[111.68652,-7.19468],[111.686555,-7.194405],[111.68642,-7.194015],[111.6862,-7.193905],[111.685805,-7.19382],[111.685695,-7.19407],[111.685165,-7.19409],[111.68501,-7.19416],[111.684655,-7.194205],[111.68468,-7.194],[111.68452,-7.193425],[111.68454,-7.19296],[111.68479,-7.192765],[111.685565,-7.192735],[111.68602,-7.19307],[111.68652,-7.193375],[111.68702,-7.193435],[111.687255,-7.193385],[111.687495,-7.193055],[111.68754,-7.192835],[111.68753,-7.19259],[111.68736,-7.192385],[111.68704,-7.192185],[111.686765,-7.1921],[111.68634,-7.19217],[111.686295,-7.192045],[111.68594,-7.191955],[111.68574,-7.1918],[111.6855,-7.191485],[111.68543,-7.19099],[111.685735,-7.190695],[111.68593,-7.19045],[111.68606,-7.18984],[111.68593,-7.18957],[111.685705,-7.189415],[111.685485,-7.189475],[111.68527,-7.189615],[111.68498,-7.18987],[111.684665,-7.18988],[111.683845,-7.18969],[111.6835,-7.18952],[111.682805,-7.189455],[111.682495,-7.18966],[111.682415,-7.189815],[111.6825,-7.19032],[111.68251,-7.19062],[111.682445,-7.190775],[111.682145,-7.19098],[111.68182,-7.19093],[111.6816,-7.190745],[111.681505,-7.19059],[111.681475,-7.190405],[111.681495,-7.189965],[111.68164,-7.189595],[111.681675,-7.18924],[111.681565,-7.18884],[111.68137,-7.188475],[111.680955,-7.18809],[111.680225,-7.187685],[111.680045,-7.18754],[111.679495,-7.187295],[111.679215,-7.18706],[111.67913,-7.18693],[111.67872,-7.186635],[111.678575,-7.18648],[111.67846,-7.18568],[111.67851,-7.185245],[111.678865,-7.184745],[111.678865,-7.1845],[111.678705,-7.184195],[111.67796,-7.184],[111.67764,-7.18362],[111.677,-7.18323],[111.67671,-7.18318],[111.676585,-7.1833],[111.676145,-7.18392],[111.675805,-7.184185],[111.67557,-7.18428],[111.675105,-7.184325],[111.67469,-7.18433],[111.67448,-7.184305],[111.67427,-7.18417],[111.67397,-7.183905],[111.673765,-7.18366],[111.67379,-7.18331],[111.67385,-7.183125],[111.674075,-7.18291],[111.674595,-7.182775],[111.674975,-7.18281],[111.675155,-7.182785],[111.675595,-7.18227],[111.675695,-7.1821],[111.67573,-7.1819],[111.67559,-7.18157],[111.67525,-7.181465],[111.67475,-7.18161],[111.67429,-7.18201],[111.67375,-7.182555],[111.673275,-7.183195],[111.672815,-7.183685],[111.67222,-7.183915],[111.67181,-7.18392],[111.67132,-7.18379],[111.671125,-7.183595],[111.670905,-7.18313],[111.670885,-7.182805],[111.67091,-7.182405],[111.670985,-7.18222],[111.671345,-7.18191],[111.671795,-7.181805],[111.67209,-7.181675],[111.67224,-7.18147],[111.67226,-7.181045],[111.67215,-7.1805],[111.671875,-7.180135],[111.671485,-7.179925],[111.671025,-7.17991],[111.669785,-7.17976],[111.669545,-7.17967],[111.669205,-7.179625],[111.669095,-7.179525],[111.66883,-7.17915],[111.6688,-7.17882],[111.66899,-7.17846],[111.66902,-7.17796],[111.66896,-7.177445],[111.668795,-7.177175],[111.668615,-7.17714],[111.668055,-7.177255],[111.667825,-7.177265],[111.66726,-7.17701],[111.666865,-7.176735],[111.66669,-7.17618],[111.666305,-7.175745],[111.665975,-7.17551],[111.66559,-7.17533],[111.66535,-7.17512],[111.664805,-7.174825],[111.664615,-7.174765],[111.664585,-7.174545],[111.664385,-7.17406],[111.664215,-7.173775],[111.664045,-7.17358],[111.663775,-7.173395],[111.663625,-7.173375],[111.66346,-7.17352],[111.66324,-7.173595],[111.66329,-7.173205],[111.663125,-7.172885],[111.66314,-7.17262],[111.66334,-7.17154],[111.6637,-7.170645],[111.663795,-7.170045],[111.663985,-7.169155],[111.663965,-7.168925],[111.66378,-7.16841],[111.66379,-7.16812],[111.663885,-7.16738],[111.66399,-7.16674],[111.664245,-7.16687],[111.664845,-7.166805],[111.66537,-7.16664],[111.665615,-7.16643],[111.66569,-7.166115],[111.665695,-7.165855],[111.665575,-7.165615],[111.665735,-7.16547],[111.665615,-7.165195],[111.6654,-7.165],[111.664895,-7.164775],[111.66469,-7.165295],[111.66458,-7.16536],[111.664155,-7.1659],[111.663855,-7.166055],[111.663645,-7.165625],[111.66345,-7.16542],[111.66299,-7.165075],[111.6629,-7.16488],[111.662505,-7.164345],[111.6622,-7.16457]]]}},{"type":"Feature","properties":{"nama":"Sekar"},"geometry":{"type":"Polygon","coordinates":[[[111.7599,-7.35584],[111.75968,-7.35588],[111.75953,-7.35622],[111.7594,-7.35674],[111.759315,-7.3569],[111.759105,-7.357055],[111.75895,-7.357035],[111.758725,-7.35691],[111.7587,-7.356785],[111.758775,-7.35649],[111.759035,-7.35588],[111.75908,-7.35564],[111.75904,-7.355205],[111.758875,-7.35507],[111.758655,-7.35518],[111.758505,-7.355505],[111.758375,-7.355675],[111.758095,-7.355935],[111.758,-7.3561],[111.758025,-7.35636],[111.75815,-7.3566],[111.75816,-7.356755],[111.75782,-7.35706],[111.75761,-7.35734],[111.757245,-7.35797],[111.757005,-7.35809],[111.756745,-7.358075],[111.75658,-7.35795],[111.75639,-7.357405],[111.756415,-7.35728],[111.75672,-7.356855],[111.75674,-7.356725],[111.756625,-7.35652],[111.756295,-7.35614],[111.756245,-7.355965],[111.75639,-7.35577],[111.75665,-7.3557],[111.757155,-7.355665],[111.75725,-7.35544],[111.757115,-7.355235],[111.756885,-7.355105],[111.75646,-7.354925],[111.756355,-7.35475],[111.756365,-7.35458],[111.75659,-7.354285],[111.756745,-7.35414],[111.757275,-7.3538],[111.75811,-7.353325],[111.75823,-7.353165],[111.75829,-7.35276],[111.758225,-7.352535],[111.75796,-7.352275],[111.75759,-7.352295],[111.757035,-7.35246],[111.75679,-7.35265],[111.756665,-7.352965],[111.756465,-7.353025],[111.756,-7.352695],[111.755835,-7.35251],[111.755695,-7.35225],[111.755675,-7.35186],[111.7558,-7.351585],[111.755885,-7.351525],[111.756585,-7.3514],[111.75715,-7.35148],[111.757365,-7.351485],[111.757515,-7.351385],[111.757825,-7.351],[111.757865,-7.35067],[111.75774,-7.35025],[111.75763,-7.34954],[111.757735,-7.349215],[111.75818,-7.34897],[111.758335,-7.34883],[111.75798,-7.3487],[111.75768,-7.34855],[111.75731,-7.34854],[111.75531,-7.34831],[111.75413,-7.3482],[111.75238,-7.34777],[111.75141,-7.34736],[111.75058,-7.3469],[111.75,-7.34667],[111.74886,-7.34671],[111.74779,-7.34679],[111.7467,-7.34693],[111.74586,-7.34713],[111.74502,-7.34731],[111.74426,-7.3475],[111.74381,-7.34772],[111.74187,-7.3489],[111.74165,-7.34909],[111.74152,-7.3493],[111.74139,-7.35],[111.74123,-7.35029],[111.74114,-7.35023],[111.74105,-7.34961],[111.74081,-7.34948],[111.74064,-7.34956],[111.74061,-7.34999],[111.74033,-7.35016],[111.73998,-7.35001],[111.73987,-7.35006],[111.73983,-7.35028],[111.74028,-7.35047],[111.74029,-7.35055],[111.73959,-7.35075],[111.73947,-7.3511],[111.73971,-7.35133],[111.73957,-7.35151],[111.73934,-7.35164],[111.73893,-7.35138],[111.73866,-7.35129],[111.73845,-7.35145],[111.73846,-7.35158],[111.73859,-7.35171],[111.73886,-7.35184],[111.739,-7.35202],[111.73891,-7.3522],[111.7385,-7.35231],[111.73837,-7.35251],[111.73829,-7.35291],[111.73833,-7.35304],[111.73849,-7.35321],[111.73863,-7.35346],[111.73834,-7.35363],[111.73807,-7.35355],[111.73737,-7.35308],[111.73713,-7.35327],[111.73709,-7.35347],[111.73747,-7.35352],[111.73756,-7.35375],[111.73716,-7.35401],[111.73709,-7.35449],[111.7366,-7.35469],[111.73648,-7.35485],[111.73612,-7.35472],[111.73456,-7.35451],[111.73375,-7.35427],[111.733,-7.35394],[111.73235,-7.35357],[111.73186,-7.3532],[111.73085,-7.35209],[111.72987,-7.3517],[111.72958,-7.35189],[111.72924,-7.35216],[111.72929,-7.35262],[111.72801,-7.35373],[111.72743,-7.35432],[111.72698,-7.35487],[111.72665,-7.35543],[111.72637,-7.35599],[111.72599,-7.35662],[111.72549,-7.35732],[111.72499,-7.35775],[111.72441,-7.35855],[111.72368,-7.35878],[111.72349,-7.35904],[111.72333,-7.35913],[111.72287,-7.35925],[111.72266,-7.3594],[111.72251,-7.35972],[111.72234,-7.36064],[111.72222,-7.36085],[111.72209,-7.36094],[111.72132,-7.36106],[111.72089,-7.36127],[111.72067,-7.36146],[111.72057,-7.36165],[111.72008,-7.36241],[111.72004,-7.36316],[111.71978,-7.36369],[111.71877,-7.36491],[111.71828,-7.36539],[111.71687,-7.36662],[111.7162,-7.36713],[111.71476,-7.3683],[111.71391,-7.36907],[111.7133,-7.36948],[111.71256,-7.36985],[111.71102,-7.37065],[111.70953,-7.37129],[111.70883,-7.37149],[111.70757,-7.37181],[111.70653,-7.37199],[111.70523,-7.37214],[111.70364,-7.37242],[111.70321,-7.37238],[111.70276,-7.37227],[111.70181,-7.37177],[111.70065,-7.37126],[111.69963,-7.37068],[111.69885,-7.3703],[111.69813,-7.36984],[111.69746,-7.36936],[111.69691,-7.3688],[111.69658,-7.36839],[111.69591,-7.36765],[111.69538,-7.36652],[111.69501,-7.36548],[111.69477,-7.36487],[111.69457,-7.36422],[111.69413,-7.36306],[111.69388,-7.36244],[111.69354,-7.36172],[111.69321,-7.36119],[111.69276,-7.36066],[111.69234,-7.36032],[111.69193,-7.36015],[111.691,-7.36009],[111.69018,-7.3601],[111.68926,-7.35999],[111.68853,-7.3598],[111.68786,-7.3596],[111.68666,-7.3589],[111.6861,-7.35853],[111.68545,-7.35818],[111.68463,-7.35768],[111.68264,-7.35657],[111.68241,-7.35629],[111.68226,-7.35598],[111.68219,-7.35533],[111.68207,-7.35461],[111.68199,-7.35399],[111.68171,-7.35273],[111.68151,-7.35212],[111.68047,-7.35095],[111.68054,-7.35064],[111.68046,-7.35031],[111.6803,-7.35012],[111.68012,-7.34968],[111.67991,-7.34928],[111.67938,-7.34881],[111.67913,-7.34848],[111.67897,-7.34819],[111.67891,-7.34796],[111.67892,-7.34772],[111.67901,-7.34735],[111.67891,-7.34703],[111.6785,-7.34682],[111.67802,-7.34653],[111.67758,-7.34658],[111.67682,-7.3461],[111.6759,-7.34579],[111.67494,-7.3454],[111.67384,-7.34507],[111.67309,-7.3448],[111.67242,-7.34466],[111.67179,-7.3445],[111.6711,-7.34485],[111.67028,-7.34539],[111.66768,-7.34714],[111.66694,-7.34781],[111.6657,-7.34852],[111.66556,-7.34856],[111.66502,-7.34892],[111.66454,-7.34927],[111.66227,-7.35041],[111.66124,-7.35096],[111.66017,-7.35158],[111.65949,-7.35194],[111.65812,-7.35251],[111.65567,-7.35338],[111.65482,-7.35379],[111.654,-7.35412],[111.65329,-7.35429],[111.65226,-7.35441],[111.65099,-7.35468],[111.64964,-7.35508],[111.6479,-7.35578],[111.64673,-7.35615],[111.64559,-7.35637],[111.64457,-7.35669],[111.64248,-7.35744],[111.6412,-7.35797],[111.64007,-7.35822],[111.63912,-7.35845],[111.6383,-7.35851],[111.63742,-7.35851],[111.63548,-7.35847],[111.63437,-7.35846],[111.63394,-7.35852],[111.634005,-7.358675],[111.63386,-7.359455],[111.633835,-7.359685],[111.6337,-7.360215],[111.63363,-7.36081],[111.63356,-7.361035],[111.633425,-7.361195],[111.632725,-7.36177],[111.63243,-7.36182],[111.63213,-7.36202],[111.63164,-7.36207],[111.631235,-7.361925],[111.63109,-7.361805],[111.63093,-7.36151],[111.630795,-7.36144],[111.629995,-7.36127],[111.629285,-7.36182],[111.62906,-7.36207],[111.6289,-7.36242],[111.628935,-7.36272],[111.62873,-7.363035],[111.62842,-7.363215],[111.62813,-7.36352],[111.627945,-7.36355],[111.62762,-7.363745],[111.627215,-7.36409],[111.627,-7.364145],[111.62672,-7.364065],[111.62626,-7.364165],[111.625825,-7.364435],[111.625635,-7.3645],[111.6255,-7.36466],[111.625435,-7.364865],[111.62525,-7.36508],[111.62517,-7.365325],[111.6252,-7.36543],[111.62509,-7.36571],[111.62516,-7.36593],[111.62518,-7.366375],[111.62503,-7.366755],[111.625045,-7.367105],[111.625025,-7.36751],[111.624975,-7.36769],[111.625015,-7.368025],[111.62514,-7.368255],[111.625225,-7.36869],[111.62522,-7.368875],[111.62513,-7.369175],[111.62489,-7.36926],[111.624275,-7.36929],[111.624055,-7.369275],[111.623505,-7.369005],[111.62314,-7.368565],[111.623025,-7.368515],[111.62232,-7.3683],[111.621275,-7.36822],[111.62055,-7.36818],[111.619645,-7.36809],[111.61911,-7.368095],[111.618065,-7.368245],[111.617685,-7.36826],[111.616865,-7.367965],[111.616505,-7.367885],[111.616075,-7.36795],[111.615775,-7.36816],[111.615615,-7.368365],[111.61536,-7.368805],[111.61512,-7.369105],[111.6148,-7.36933],[111.614045,-7.36964],[111.613785,-7.369805],[111.61396,-7.37042],[111.614015,-7.370725],[111.614,-7.370935],[111.61454,-7.371035],[111.61496,-7.371365],[111.615175,-7.37172],[111.615305,-7.372],[111.615325,-7.37219],[111.61525,-7.37234],[111.61492,-7.37265],[111.614785,-7.3735],[111.614685,-7.37395],[111.61447,-7.37463],[111.61426,-7.375],[111.614385,-7.3758],[111.614965,-7.37688],[111.615495,-7.378015],[111.61628,-7.3794],[111.61686,-7.37941],[111.61733,-7.379505],[111.617705,-7.379755],[111.6184,-7.380315],[111.619165,-7.38079],[111.619605,-7.380965],[111.620375,-7.38142],[111.620605,-7.381515],[111.620865,-7.381685],[111.621355,-7.38186],[111.62178,-7.381945],[111.62214,-7.381965],[111.62248,-7.38207],[111.62311,-7.382115],[111.62352,-7.38223],[111.62459,-7.38341],[111.625,-7.383985],[111.625635,-7.385095],[111.62687,-7.386855],[111.62747,-7.38755],[111.62896,-7.388585],[111.629965,-7.38922],[111.63072,-7.38974],[111.63109,-7.389885],[111.632645,-7.390445],[111.633505,-7.39073],[111.634095,-7.3909],[111.635835,-7.39144],[111.637185,-7.39196],[111.637635,-7.39217],[111.63854,-7.392695],[111.63923,-7.39303],[111.63993,-7.3933],[111.640455,-7.39362],[111.64096,-7.39409],[111.642095,-7.394515],[111.642975,-7.39472],[111.64364,-7.39494],[111.644225,-7.395085],[111.64476,-7.39534],[111.6466,-7.396275],[111.648275,-7.39696],[111.6494,-7.397475],[111.650255,-7.39783],[111.651815,-7.398345],[111.65471,-7.39913],[111.656205,-7.400605],[111.657425,-7.400955],[111.659105,-7.402025],[111.660095,-7.40251],[111.660975,-7.402895],[111.66227,-7.4037],[111.66323,-7.40425],[111.6639,-7.404665],[111.664735,-7.405465],[111.665185,-7.4058],[111.665705,-7.406245],[111.66633,-7.40675],[111.66703,-7.40711],[111.6677,-7.407425],[111.66896,-7.408145],[111.669145,-7.408265],[111.67122,-7.409545],[111.672355,-7.41009],[111.67322,-7.410445],[111.674055,-7.41091],[111.676115,-7.41181],[111.676445,-7.411935],[111.677305,-7.412455],[111.67787,-7.41283],[111.679275,-7.41368],[111.680185,-7.414285],[111.680885,-7.414595],[111.681695,-7.41499],[111.68232,-7.41533],[111.682915,-7.415725],[111.68454,-7.416615],[111.685815,-7.417745],[111.68672,-7.41834],[111.68824,-7.41973],[111.68892,-7.42039],[111.69017,-7.421425],[111.691485,-7.422605],[111.692695,-7.423405],[111.693955,-7.42428],[111.694695,-7.424785],[111.69581,-7.42559],[111.697065,-7.426545],[111.69795,-7.4272],[111.698555,-7.42769],[111.699905,-7.428885],[111.7007,-7.42948],[111.701395,-7.429915],[111.701965,-7.430305],[111.70326,-7.43137],[111.704145,-7.43199],[111.704885,-7.432545],[111.705515,-7.43308],[111.706245,-7.43359],[111.707635,-7.434465],[111.708375,-7.43499],[111.70862,-7.435125],[111.708825,-7.43532],[111.710325,-7.43622],[111.71086,-7.436645],[111.71118,-7.43699],[111.71238,-7.43813],[111.712875,-7.438645],[111.713355,-7.439175],[111.713385,-7.439165],[111.71372,-7.439685],[111.714585,-7.44071],[111.71488,-7.441105],[111.715195,-7.44158],[111.715715,-7.442495],[111.716185,-7.44289],[111.716705,-7.443215],[111.717775,-7.443695],[111.71881,-7.444085],[111.719445,-7.444425],[111.720115,-7.444685],[111.72059,-7.444945],[111.72097,-7.445275],[111.721695,-7.44554],[111.722765,-7.446],[111.72361,-7.446415],[111.724325,-7.446915],[111.7249,-7.4474],[111.725435,-7.44782],[111.72611,-7.44831],[111.726705,-7.448635],[111.72718,-7.44885],[111.7277,-7.449045],[111.72835,-7.44924],[111.729165,-7.449345],[111.7297,-7.449345],[111.73178,-7.449585],[111.73361,-7.449845],[111.734465,-7.450095],[111.735235,-7.450385],[111.735975,-7.450545],[111.736535,-7.45068],[111.73731,-7.450905],[111.7398,-7.45222],[111.74044,-7.4527],[111.740965,-7.453135],[111.741355,-7.453485],[111.74218,-7.45389],[111.742685,-7.45411],[111.743605,-7.45429],[111.744675,-7.454395],[111.74524,-7.454535],[111.745855,-7.454765],[111.74629,-7.454985],[111.746775,-7.455365],[111.747565,-7.455915],[111.74853,-7.45672],[111.749015,-7.457025],[111.75,-7.458505],[111.75025,-7.458455],[111.750475,-7.45853],[111.750765,-7.45883],[111.75112,-7.45929],[111.75131,-7.459385],[111.751745,-7.459435],[111.752525,-7.45935],[111.75305,-7.459535],[111.753585,-7.45987],[111.753715,-7.459975],[111.75399,-7.46048],[111.754125,-7.460655],[111.754515,-7.46085],[111.75511,-7.460775],[111.75528,-7.460875],[111.755335,-7.461325],[111.75544,-7.4615],[111.75577,-7.461655],[111.75631,-7.46166],[111.756575,-7.461845],[111.75672,-7.46188],[111.757135,-7.461805],[111.75746,-7.46195],[111.75783,-7.46246],[111.75808,-7.462575],[111.759085,-7.464065],[111.760705,-7.465195],[111.761795,-7.465755],[111.76284,-7.465885],[111.762985,-7.46613],[111.763045,-7.46635],[111.763345,-7.46683],[111.763505,-7.4669],[111.76401,-7.466795],[111.764135,-7.46685],[111.764365,-7.467045],[111.764755,-7.46723],[111.76529,-7.46729],[111.765365,-7.46784],[111.765875,-7.46771],[111.76612,-7.46775],[111.766465,-7.46792],[111.766615,-7.468045],[111.76697,-7.468505],[111.76731,-7.468755],[111.769775,-7.4695],[111.77046,-7.46964],[111.77108,-7.469625],[111.77192,-7.46954],[111.77294,-7.46949],[111.773725,-7.46933],[111.774665,-7.46902],[111.775415,-7.468675],[111.776885,-7.46805],[111.778075,-7.46749],[111.78124,-7.466765],[111.782305,-7.46646],[111.783065,-7.46621],[111.783785,-7.46591],[111.78585,-7.465125],[111.78688,-7.464905],[111.788,-7.46459],[111.78783,-7.46271],[111.78778,-7.46154],[111.7878,-7.46097],[111.78789,-7.46003],[111.78806,-7.45911],[111.78833,-7.45842],[111.78888,-7.45749],[111.78923,-7.45707],[111.7896,-7.45676],[111.79009,-7.45641],[111.79093,-7.45566],[111.79119,-7.45533],[111.79171,-7.45474],[111.79192,-7.4546],[111.79217,-7.45416],[111.79255,-7.45386],[111.79267,-7.45347],[111.79318,-7.45293],[111.79377,-7.45224],[111.79418,-7.4518],[111.79439,-7.45142],[111.79455,-7.45085],[111.79482,-7.45029],[111.79509,-7.44984],[111.79561,-7.44905],[111.79605,-7.44843],[111.79634,-7.44788],[111.79649,-7.44742],[111.79658,-7.44694],[111.79664,-7.44634],[111.79683,-7.44533],[111.79699,-7.44489],[111.79721,-7.44447],[111.79785,-7.44367],[111.79835,-7.44284],[111.79847,-7.44239],[111.79854,-7.44195],[111.79848,-7.44139],[111.79831,-7.44084],[111.79814,-7.44048],[111.79785,-7.44025],[111.79704,-7.43985],[111.79648,-7.43993],[111.79622,-7.43988],[111.79593,-7.43976],[111.79585,-7.43965],[111.79577,-7.43932],[111.7955,-7.43912],[111.7954,-7.43891],[111.79507,-7.43881],[111.79499,-7.43861],[111.7948,-7.43856],[111.79229,-7.43863],[111.79171,-7.43852],[111.79112,-7.43824],[111.79075,-7.43776],[111.79045,-7.43723],[111.79017,-7.43691],[111.78987,-7.4367],[111.7894,-7.43652],[111.78841,-7.43618],[111.78789,-7.43602],[111.78673,-7.43546],[111.78653,-7.43533],[111.78593,-7.43516],[111.78578,-7.43506],[111.78547,-7.4347],[111.78529,-7.43461],[111.78466,-7.43463],[111.78454,-7.43458],[111.78428,-7.43432],[111.78406,-7.43425],[111.78385,-7.43435],[111.78335,-7.43437],[111.78279,-7.43462],[111.78222,-7.43447],[111.78184,-7.43446],[111.78169,-7.43438],[111.7812,-7.43393],[111.78055,-7.43348],[111.78004,-7.43334],[111.78005,-7.43308],[111.77995,-7.4329],[111.77982,-7.43284],[111.77955,-7.43283],[111.77916,-7.43256],[111.77896,-7.43229],[111.77879,-7.43216],[111.77857,-7.4321],[111.77831,-7.43169],[111.778,-7.43141],[111.77786,-7.43124],[111.77783,-7.43103],[111.77766,-7.43041],[111.77745,-7.43024],[111.77698,-7.43018],[111.77669,-7.43011],[111.77641,-7.42997],[111.77624,-7.42983],[111.77608,-7.42952],[111.77582,-7.42873],[111.77576,-7.42866],[111.77529,-7.42846],[111.77505,-7.4283],[111.77493,-7.42808],[111.77486,-7.42779],[111.77467,-7.42743],[111.77455,-7.42732],[111.7743,-7.42734],[111.77393,-7.42782],[111.77377,-7.42791],[111.77355,-7.42769],[111.77344,-7.42733],[111.77346,-7.42715],[111.77379,-7.42667],[111.77368,-7.42647],[111.77339,-7.42621],[111.77332,-7.42602],[111.77335,-7.42585],[111.77375,-7.4253],[111.77378,-7.42495],[111.77383,-7.42481],[111.77414,-7.42447],[111.77406,-7.42416],[111.77375,-7.42404],[111.77351,-7.42389],[111.77336,-7.42372],[111.7733,-7.42352],[111.77336,-7.42334],[111.77354,-7.42308],[111.77365,-7.42265],[111.77358,-7.42254],[111.77334,-7.42242],[111.7731,-7.42238],[111.77275,-7.42238],[111.77254,-7.42234],[111.77243,-7.42225],[111.77212,-7.42185],[111.77192,-7.4217],[111.77175,-7.42166],[111.77123,-7.42179],[111.77103,-7.42179],[111.77079,-7.42165],[111.77079,-7.42119],[111.77108,-7.42023],[111.77143,-7.41951],[111.77163,-7.41929],[111.77178,-7.41925],[111.77204,-7.41929],[111.77241,-7.41927],[111.77265,-7.41921],[111.77265,-7.41886],[111.77248,-7.41839],[111.77263,-7.41772],[111.77283,-7.41638],[111.7729,-7.41627],[111.77338,-7.41619],[111.77356,-7.41609],[111.77368,-7.41594],[111.77391,-7.4154],[111.77411,-7.41515],[111.77447,-7.4153],[111.77483,-7.41552],[111.77513,-7.41558],[111.77528,-7.41556],[111.77538,-7.41545],[111.77534,-7.41506],[111.77513,-7.41443],[111.77505,-7.41406],[111.77511,-7.41383],[111.77524,-7.41358],[111.77524,-7.41339],[111.77514,-7.41321],[111.77458,-7.41254],[111.7745,-7.41233],[111.77449,-7.41211],[111.77465,-7.41163],[111.77468,-7.41077],[111.77484,-7.41023],[111.77506,-7.40969],[111.77533,-7.40931],[111.77556,-7.4091],[111.77602,-7.40876],[111.77606,-7.40854],[111.77598,-7.40812],[111.77583,-7.40805],[111.77546,-7.40809],[111.7751,-7.4082],[111.77468,-7.40828],[111.77439,-7.40826],[111.77391,-7.40813],[111.77364,-7.40797],[111.77353,-7.40778],[111.77356,-7.40746],[111.77364,-7.40717],[111.77377,-7.40702],[111.774,-7.40698],[111.77429,-7.40702],[111.77458,-7.40698],[111.77502,-7.40667],[111.77512,-7.40644],[111.77508,-7.40625],[111.77489,-7.406],[111.77439,-7.40549],[111.77423,-7.40514],[111.77402,-7.40484],[111.77379,-7.40484],[111.77364,-7.40505],[111.77333,-7.40564],[111.77318,-7.40572],[111.77279,-7.40555],[111.77241,-7.40522],[111.7722,-7.40467],[111.77231,-7.40411],[111.77231,-7.40396],[111.77212,-7.40346],[111.77206,-7.40321],[111.77211,-7.40294],[111.77268,-7.40248],[111.77298,-7.40227],[111.77317,-7.40193],[111.77314,-7.40165],[111.77284,-7.40143],[111.77203,-7.40128],[111.7711,-7.40116],[111.77085,-7.40108],[111.77052,-7.40092],[111.77025,-7.40073],[111.77017,-7.40047],[111.77048,-7.40029],[111.77059,-7.40015],[111.77064,-7.39995],[111.77057,-7.39907],[111.7706,-7.39856],[111.77068,-7.39813],[111.7706,-7.39785],[111.77022,-7.39764],[111.77008,-7.39747],[111.76988,-7.39733],[111.76944,-7.39724],[111.76894,-7.3973],[111.76869,-7.39729],[111.76835,-7.39706],[111.76797,-7.39654],[111.76777,-7.39636],[111.76749,-7.39595],[111.76728,-7.39557],[111.7671,-7.39484],[111.76702,-7.39469],[111.76677,-7.39472],[111.76662,-7.39489],[111.76633,-7.39551],[111.7661,-7.39567],[111.76592,-7.39572],[111.76558,-7.39572],[111.76528,-7.39568],[111.76469,-7.39543],[111.76438,-7.39543],[111.76407,-7.39532],[111.76398,-7.39512],[111.7641,-7.39502],[111.76454,-7.39483],[111.76477,-7.39465],[111.76492,-7.39425],[111.76482,-7.39414],[111.76418,-7.39378],[111.76408,-7.39363],[111.76418,-7.39319],[111.76414,-7.39295],[111.76391,-7.39237],[111.76363,-7.39192],[111.76293,-7.39097],[111.76273,-7.39064],[111.76266,-7.39027],[111.76281,-7.39009],[111.76324,-7.39014],[111.76357,-7.38997],[111.76371,-7.38955],[111.76368,-7.3881],[111.76351,-7.38713],[111.76314,-7.3864],[111.76301,-7.3859],[111.76308,-7.3856],[111.76331,-7.38515],[111.76359,-7.3849],[111.76381,-7.38449],[111.76382,-7.38407],[111.76369,-7.38376],[111.76351,-7.38352],[111.76311,-7.38326],[111.76302,-7.38328],[111.76267,-7.38359],[111.76251,-7.38363],[111.76229,-7.38348],[111.76184,-7.38283],[111.76192,-7.38256],[111.76211,-7.38239],[111.76221,-7.3822],[111.76245,-7.38127],[111.76254,-7.38069],[111.76255,-7.38045],[111.76243,-7.38032],[111.76225,-7.38025],[111.76197,-7.38023],[111.76177,-7.38034],[111.76151,-7.3807],[111.76143,-7.381],[111.76131,-7.38116],[111.76093,-7.38126],[111.7606,-7.38106],[111.76041,-7.38078],[111.76024,-7.38037],[111.7601,-7.37983],[111.75969,-7.37803],[111.75974,-7.37786],[111.7601,-7.37752],[111.76046,-7.37685],[111.76075,-7.37607],[111.76108,-7.375],[111.76151,-7.37437],[111.76156,-7.37426],[111.7616,-7.37386],[111.76143,-7.3733],[111.76127,-7.37289],[111.7613,-7.37274],[111.76155,-7.37244],[111.76155,-7.37208],[111.76134,-7.37178],[111.76101,-7.37143],[111.76106,-7.37113],[111.76099,-7.37088],[111.76075,-7.37049],[111.76082,-7.37027],[111.76101,-7.37021],[111.76121,-7.37023],[111.76131,-7.37032],[111.76159,-7.37072],[111.7622,-7.37062],[111.76243,-7.37031],[111.76258,-7.36997],[111.76264,-7.36929],[111.76247,-7.36922],[111.76228,-7.36929],[111.762,-7.36959],[111.76172,-7.36974],[111.76157,-7.36972],[111.76118,-7.36933],[111.76097,-7.36871],[111.76125,-7.36757],[111.76121,-7.36733],[111.76102,-7.36731],[111.76077,-7.36744],[111.76016,-7.36757],[111.75994,-7.36755],[111.75984,-7.36746],[111.75975,-7.36712],[111.7599,-7.36676],[111.76009,-7.36657],[111.76071,-7.36645],[111.76164,-7.36658],[111.76208,-7.36645],[111.76233,-7.3663],[111.76267,-7.36668],[111.76303,-7.3667],[111.76317,-7.36662],[111.76317,-7.36645],[111.76307,-7.36588],[111.76271,-7.36501],[111.76271,-7.36436],[111.76244,-7.36416],[111.76213,-7.3642],[111.76193,-7.36452],[111.7616,-7.36488],[111.76138,-7.36486],[111.76115,-7.36477],[111.76101,-7.36463],[111.76099,-7.36446],[111.76107,-7.36399],[111.76145,-7.36302],[111.76143,-7.36281],[111.76099,-7.36215],[111.76101,-7.36185],[111.76122,-7.36168],[111.76171,-7.3615],[111.76188,-7.3612],[111.76177,-7.36082],[111.76162,-7.36067],[111.76141,-7.36059],[111.7607,-7.36052],[111.76032,-7.36038],[111.75991,-7.35997],[111.75974,-7.35973],[111.75959,-7.35934],[111.75954,-7.35912],[111.75942,-7.35886],[111.75927,-7.35869],[111.75925,-7.35839],[111.76013,-7.3577],[111.76018,-7.3575],[111.76017,-7.357],[111.76011,-7.35633],[111.76005,-7.35596],[111.7599,-7.35584]]]}},{"type":"Feature","properties":{"nama":"Sugihwaras"},"geometry":{"type":"Polygon","coordinates":[[[111.982365,-7.27957],[111.98214,-7.27961],[111.98132,-7.27948],[111.980415,-7.279465],[111.97957,-7.27939],[111.97822,-7.27949],[111.97774,-7.27947],[111.97716,-7.27936],[111.97559,-7.27896],[111.97423,-7.27863],[111.97298,-7.27827],[111.9727,-7.27817],[111.97231,-7.27794],[111.9719,-7.27746],[111.97168,-7.27701],[111.97153,-7.27626],[111.97131,-7.27527],[111.97106,-7.27423],[111.97092,-7.27347],[111.97054,-7.27173],[111.97,-7.26906],[111.96986,-7.26818],[111.96973,-7.26722],[111.96961,-7.26602],[111.96948,-7.26522],[111.96932,-7.2649],[111.969,-7.26453],[111.96859,-7.26425],[111.96797,-7.2639],[111.96703,-7.26358],[111.96635,-7.26346],[111.963835,-7.26311],[111.963725,-7.262965],[111.963365,-7.26279],[111.962965,-7.262775],[111.9628,-7.262705],[111.962485,-7.26245],[111.96235,-7.26219],[111.961975,-7.26201],[111.96203,-7.261885],[111.961435,-7.261575],[111.961115,-7.262455],[111.96035,-7.262165],[111.95987,-7.262095],[111.95984,-7.26216],[111.958585,-7.26185],[111.957695,-7.261605],[111.95736,-7.26148],[111.95639,-7.26122],[111.955795,-7.261095],[111.95542,-7.261055],[111.95522,-7.26099],[111.95443,-7.26097],[111.95431,-7.261045],[111.95413,-7.26102],[111.9541,-7.26143],[111.954,-7.262185],[111.954055,-7.26227],[111.95404,-7.262625],[111.954065,-7.26299],[111.954225,-7.26307],[111.95439,-7.26381],[111.95447,-7.26512],[111.95442,-7.26577],[111.95431,-7.26641],[111.95414,-7.26693],[111.95373,-7.26848],[111.95366,-7.269005],[111.954285,-7.269215],[111.954695,-7.26927],[111.955155,-7.269365],[111.95473,-7.271315],[111.95473,-7.271595],[111.954675,-7.27202],[111.954525,-7.27262],[111.95459,-7.272965],[111.954625,-7.273615],[111.954585,-7.274045],[111.95449,-7.27456],[111.9536,-7.27444],[111.95344,-7.27451],[111.95316,-7.274945],[111.95256,-7.274915],[111.952135,-7.274855],[111.95204,-7.274775],[111.95186,-7.27482],[111.95146,-7.27485],[111.95104,-7.2748],[111.950565,-7.27468],[111.950205,-7.27476],[111.95005,-7.274865],[111.94998,-7.275055],[111.94999,-7.275345],[111.949785,-7.27562],[111.94964,-7.275665],[111.94757,-7.27529],[111.94698,-7.27516],[111.94616,-7.27493],[111.946095,-7.27503],[111.946035,-7.275705],[111.94581,-7.275695],[111.945685,-7.27578],[111.945655,-7.275925],[111.94527,-7.275855],[111.94496,-7.27591],[111.94487,-7.27597],[111.94459,-7.275925],[111.94456,-7.276295],[111.94422,-7.27648],[111.94396,-7.27683],[111.94336,-7.27795],[111.94293,-7.27871],[111.94267,-7.27912],[111.94226,-7.27967],[111.941655,-7.28016],[111.941415,-7.280105],[111.94133,-7.280625],[111.94085,-7.280495],[111.940695,-7.2809],[111.94053,-7.28089],[111.94001,-7.28146],[111.93962,-7.28199],[111.9389,-7.2829],[111.93776,-7.28443],[111.93739,-7.28441],[111.93627,-7.28418],[111.93623,-7.284285],[111.93552,-7.28427],[111.935495,-7.283985],[111.934905,-7.283885],[111.93487,-7.283645],[111.934675,-7.28341],[111.934635,-7.28296],[111.93411,-7.282685],[111.93414,-7.282475],[111.93382,-7.282325],[111.93324,-7.282115],[111.93323,-7.281965],[111.933275,-7.28139],[111.93312,-7.281295],[111.932585,-7.281165],[111.932445,-7.281045],[111.93206,-7.28086],[111.93215,-7.28045],[111.93179,-7.280325],[111.931705,-7.280015],[111.931485,-7.279925],[111.93139,-7.279825],[111.931415,-7.2796],[111.93128,-7.27937],[111.93139,-7.278995],[111.93169,-7.279065],[111.93245,-7.279395],[111.93211,-7.27785],[111.93188,-7.27707],[111.93158,-7.27642],[111.93126,-7.2761],[111.93065,-7.27585],[111.93015,-7.2758],[111.92953,-7.2758],[111.929505,-7.2762],[111.929155,-7.27629],[111.92901,-7.276555],[111.928935,-7.27698],[111.928585,-7.277335],[111.92834,-7.277935],[111.92826,-7.27829],[111.92826,-7.278595],[111.928195,-7.27877],[111.927485,-7.27892],[111.92721,-7.278845],[111.926775,-7.27878],[111.92613,-7.27878],[111.925805,-7.27959],[111.925465,-7.27949],[111.925375,-7.27976],[111.92528,-7.280075],[111.925205,-7.281095],[111.925535,-7.28116],[111.92549,-7.28206],[111.92545,-7.28238],[111.92531,-7.28262],[111.92505,-7.28278],[111.92514,-7.28314],[111.92516,-7.28343],[111.92507,-7.28473],[111.92498,-7.28664],[111.924885,-7.288295],[111.92406,-7.288175],[111.92386,-7.28818],[111.923615,-7.288105],[111.92342,-7.288115],[111.923105,-7.288405],[111.9229,-7.288505],[111.92268,-7.288545],[111.922375,-7.288735],[111.922335,-7.28892],[111.922195,-7.28904],[111.921785,-7.289025],[111.921685,-7.28927],[111.92152,-7.28933],[111.9211,-7.28917],[111.92065,-7.28927],[111.92037,-7.28927],[111.92014,-7.28916],[111.92003,-7.289015],[111.91981,-7.289005],[111.91961,-7.289175],[111.91944,-7.28922],[111.91881,-7.289265],[111.918635,-7.28913],[111.91845,-7.28889],[111.917975,-7.288745],[111.91784,-7.288845],[111.91756,-7.28893],[111.91739,-7.28973],[111.91724,-7.29012],[111.91718,-7.29055],[111.916685,-7.29054],[111.916335,-7.291025],[111.91625,-7.29119],[111.91565,-7.2916],[111.91545,-7.29185],[111.91519,-7.29189],[111.915035,-7.29217],[111.91501,-7.29237],[111.91458,-7.293015],[111.914525,-7.29301],[111.91427,-7.29355],[111.914205,-7.29396],[111.913935,-7.294255],[111.91381,-7.294645],[111.913775,-7.29489],[111.91382,-7.295055],[111.913775,-7.295585],[111.91366,-7.296],[111.91522,-7.296205],[111.91619,-7.29607],[111.91572,-7.29758],[111.91548,-7.29823],[111.91556,-7.298245],[111.91568,-7.298545],[111.91724,-7.298465],[111.91712,-7.298885],[111.91746,-7.2993],[111.9183,-7.299735],[111.918145,-7.29997],[111.91817,-7.300165],[111.918945,-7.300495],[111.919595,-7.30059],[111.918995,-7.30068],[111.91879,-7.30087],[111.91865,-7.301075],[111.91861,-7.301435],[111.91874,-7.30193],[111.91874,-7.30233],[111.9187,-7.303095],[111.918855,-7.30368],[111.91898,-7.303735],[111.91922,-7.30369],[111.919465,-7.303365],[111.91962,-7.302795],[111.91978,-7.30257],[111.92001,-7.3025],[111.92045,-7.302605],[111.92071,-7.30281],[111.920695,-7.303145],[111.920415,-7.3035],[111.92042,-7.30361],[111.920695,-7.303915],[111.92068,-7.30411],[111.92036,-7.30469],[111.9203,-7.30484],[111.92043,-7.30508],[111.920255,-7.30532],[111.92005,-7.30541],[111.91955,-7.305535],[111.91924,-7.30571],[111.91919,-7.30595],[111.91923,-7.306095],[111.91966,-7.30639],[111.92,-7.30651],[111.920445,-7.306335],[111.920595,-7.30655],[111.920865,-7.306705],[111.92105,-7.306635],[111.92138,-7.305905],[111.921685,-7.305575],[111.92224,-7.30538],[111.92243,-7.30538],[111.923145,-7.305605],[111.923295,-7.305745],[111.923475,-7.30616],[111.92344,-7.306545],[111.92347,-7.30669],[111.92339,-7.30685],[111.922995,-7.307135],[111.92279,-7.307365],[111.92265,-7.307625],[111.92264,-7.307925],[111.92292,-7.30825],[111.9232,-7.30838],[111.92389,-7.30849],[111.92408,-7.30858],[111.92428,-7.30881],[111.92474,-7.30949],[111.92478,-7.3097],[111.92476,-7.30994],[111.92465,-7.3105],[111.92458,-7.31073],[111.92513,-7.31076],[111.92552,-7.31087],[111.92562,-7.31101],[111.92534,-7.31127],[111.92531,-7.31158],[111.92564,-7.31159],[111.92574,-7.31169],[111.92599,-7.31216],[111.92637,-7.31263],[111.92644,-7.31277],[111.92619,-7.31334],[111.9265,-7.31363],[111.92741,-7.31424],[111.928,-7.31461],[111.9288,-7.31506],[111.92943,-7.31536],[111.93028,-7.31573],[111.93077,-7.31589],[111.93214,-7.31665],[111.93353,-7.31685],[111.93364,-7.31685],[111.93363,-7.31707],[111.93368,-7.31733],[111.93402,-7.31854],[111.9342,-7.31879],[111.93464,-7.31929],[111.93478,-7.31966],[111.93476,-7.32006],[111.93509,-7.32032],[111.93577,-7.32095],[111.93641,-7.3216],[111.93738,-7.32253],[111.93756,-7.3228],[111.93771,-7.32313],[111.93819,-7.32429],[111.93836,-7.32455],[111.93861,-7.3248],[111.93892,-7.32502],[111.9392,-7.32514],[111.93947,-7.32518],[111.93976,-7.32532],[111.94189,-7.32609],[111.94307,-7.3265],[111.94384,-7.32757],[111.94416,-7.32828],[111.94426,-7.32862],[111.94451,-7.33004],[111.94459,-7.33013],[111.94368,-7.33056],[111.94244,-7.33078],[111.94135,-7.33108],[111.94003,-7.33156],[111.93883,-7.33202],[111.93793,-7.33239],[111.93729,-7.33268],[111.93659,-7.33307],[111.93567,-7.33383],[111.93447,-7.33503],[111.93402,-7.33535],[111.93373,-7.33547],[111.93346,-7.3355],[111.93319,-7.33541],[111.93292,-7.335],[111.93262,-7.33442],[111.93233,-7.33401],[111.93199,-7.33364],[111.93182,-7.33351],[111.92973,-7.33314],[111.92954,-7.33309],[111.92939,-7.33325],[111.9294,-7.33344],[111.92959,-7.33381],[111.93005,-7.33442],[111.93031,-7.33472],[111.93096,-7.3362],[111.93147,-7.33686],[111.9324,-7.33781],[111.93263,-7.33811],[111.933,-7.33907],[111.93312,-7.33919],[111.93337,-7.33932],[111.93362,-7.33937],[111.93359,-7.33954],[111.93342,-7.33985],[111.93345,-7.34055],[111.9334,-7.3408],[111.93327,-7.34099],[111.93245,-7.34191],[111.93238,-7.34221],[111.93241,-7.34232],[111.93326,-7.34345],[111.93337,-7.34375],[111.93337,-7.34394],[111.9332,-7.34422],[111.93263,-7.34471],[111.93233,-7.34504],[111.93226,-7.34521],[111.93222,-7.34616],[111.93211,-7.34633],[111.93148,-7.34692],[111.93149,-7.34708],[111.93172,-7.34722],[111.93278,-7.34731],[111.93284,-7.34712],[111.93297,-7.34696],[111.9332,-7.34679],[111.93381,-7.34628],[111.93418,-7.34605],[111.93463,-7.34583],[111.93486,-7.34578],[111.93516,-7.34579],[111.93603,-7.34589],[111.93743,-7.346],[111.9377,-7.34606],[111.93813,-7.34721],[111.93825,-7.34786],[111.93811,-7.34817],[111.93796,-7.34829],[111.9376,-7.34844],[111.9362,-7.3488],[111.93583,-7.34971],[111.93591,-7.34987],[111.93683,-7.35001],[111.93703,-7.3501],[111.93697,-7.35024],[111.93653,-7.35047],[111.93661,-7.3506],[111.9373,-7.35084],[111.93738,-7.35096],[111.93725,-7.35115],[111.93708,-7.35123],[111.93659,-7.35117],[111.93597,-7.35146],[111.93594,-7.35164],[111.93627,-7.35196],[111.93623,-7.35256],[111.93629,-7.35263],[111.93682,-7.35278],[111.93699,-7.3529],[111.9371,-7.3533],[111.93718,-7.35328],[111.93741,-7.35303],[111.93772,-7.35307],[111.93777,-7.35325],[111.93754,-7.3536],[111.93753,-7.35374],[111.93765,-7.35414],[111.93782,-7.35417],[111.9381,-7.3539],[111.9386,-7.35373],[111.93869,-7.35378],[111.93878,-7.35444],[111.93885,-7.35454],[111.93904,-7.35446],[111.93922,-7.35411],[111.93967,-7.35407],[111.93992,-7.35401],[111.94003,-7.35408],[111.94037,-7.35449],[111.94071,-7.35457],[111.94092,-7.35452],[111.94075,-7.35417],[111.94099,-7.35401],[111.94136,-7.35389],[111.94169,-7.35399],[111.94174,-7.35409],[111.94166,-7.35432],[111.94128,-7.35463],[111.94137,-7.35489],[111.94165,-7.35552],[111.94189,-7.35569],[111.94217,-7.35554],[111.94233,-7.35509],[111.94244,-7.35505],[111.94239,-7.35453],[111.94247,-7.35447],[111.94288,-7.35438],[111.94312,-7.35426],[111.94334,-7.35408],[111.94384,-7.35348],[111.9441,-7.3533],[111.94457,-7.35311],[111.9452,-7.35289],[111.9458,-7.35285],[111.94652,-7.35289],[111.94662,-7.35318],[111.94736,-7.35383],[111.94744,-7.35402],[111.94765,-7.35507],[111.94771,-7.35507],[111.94816,-7.35475],[111.94828,-7.35475],[111.94847,-7.35493],[111.94844,-7.35504],[111.9477,-7.3559],[111.94765,-7.35604],[111.94777,-7.35615],[111.94855,-7.35616],[111.9488,-7.35622],[111.94897,-7.35643],[111.949,-7.35678],[111.9491,-7.35706],[111.94901,-7.35735],[111.94898,-7.3576],[111.94903,-7.35774],[111.9493,-7.35795],[111.94981,-7.35805],[111.9499,-7.35785],[111.94965,-7.35733],[111.94967,-7.35719],[111.94991,-7.35698],[111.9501,-7.35696],[111.95053,-7.357],[111.95059,-7.35725],[111.95039,-7.35782],[111.95051,-7.35792],[111.95119,-7.35772],[111.9513,-7.3578],[111.95142,-7.3581],[111.95152,-7.35811],[111.95187,-7.35796],[111.95201,-7.35805],[111.95239,-7.35839],[111.95211,-7.35889],[111.95216,-7.35895],[111.95256,-7.35904],[111.95283,-7.3593],[111.95318,-7.35934],[111.95347,-7.35915],[111.95383,-7.35935],[111.95421,-7.35933],[111.95433,-7.35946],[111.95447,-7.35982],[111.95467,-7.35975],[111.95475,-7.35962],[111.95484,-7.35924],[111.95499,-7.35923],[111.95536,-7.35959],[111.9559,-7.35964],[111.95612,-7.35949],[111.95643,-7.35966],[111.95684,-7.35964],[111.95715,-7.35968],[111.95725,-7.35988],[111.95711,-7.36037],[111.95721,-7.36081],[111.95733,-7.36098],[111.9578,-7.36124],[111.95783,-7.36143],[111.95771,-7.3615],[111.95713,-7.36166],[111.95701,-7.36175],[111.95707,-7.36204],[111.9572,-7.36225],[111.9577,-7.36205],[111.95792,-7.36225],[111.95792,-7.36233],[111.95765,-7.36262],[111.9577,-7.36295],[111.95807,-7.36359],[111.95834,-7.36387],[111.95839,-7.36406],[111.95859,-7.36439],[111.95855,-7.36467],[111.95864,-7.36478],[111.95898,-7.36478],[111.95914,-7.36509],[111.95927,-7.36546],[111.95956,-7.36613],[111.95984,-7.36653],[111.95986,-7.36701],[111.96031,-7.36757],[111.96003,-7.36802],[111.96013,-7.36844],[111.96056,-7.36852],[111.96062,-7.36865],[111.96087,-7.36894],[111.96095,-7.36925],[111.96105,-7.36931],[111.96181,-7.36935],[111.96197,-7.36946],[111.96257,-7.36997],[111.96255,-7.37026],[111.96229,-7.37073],[111.96205,-7.37143],[111.96196,-7.37187],[111.96195,-7.37251],[111.96197,-7.37275],[111.96229,-7.37329],[111.96252,-7.37377],[111.96278,-7.37422],[111.96274,-7.3748],[111.96302,-7.37512],[111.96301,-7.37539],[111.96307,-7.37668],[111.96306,-7.37739],[111.96311,-7.37776],[111.96322,-7.37799],[111.96367,-7.37842],[111.96391,-7.37894],[111.96434,-7.37951],[111.96465,-7.37985],[111.96518,-7.38029],[111.96627,-7.38097],[111.9667,-7.38122],[111.96716,-7.38139],[111.96753,-7.38169],[111.96772,-7.38199],[111.9679,-7.38255],[111.96799,-7.38264],[111.96806,-7.38315],[111.96824,-7.38382],[111.96827,-7.38416],[111.96842,-7.38464],[111.96856,-7.38492],[111.9689,-7.38542],[111.96967,-7.38646],[111.97,-7.38684],[111.97029,-7.38707],[111.97066,-7.38727],[111.9711,-7.38757],[111.97142,-7.38785],[111.97176,-7.38819],[111.97222,-7.38871],[111.97238,-7.38894],[111.97246,-7.38924],[111.97231,-7.38981],[111.97235,-7.39038],[111.97256,-7.39107],[111.9727,-7.39136],[111.97295,-7.39169],[111.97364,-7.39228],[111.97478,-7.39319],[111.97586,-7.39429],[111.97637,-7.39489],[111.97723,-7.39547],[111.97765,-7.39581],[111.97875,-7.39681],[111.97906,-7.39719],[111.97926,-7.39782],[111.97948,-7.39828],[111.98018,-7.39901],[111.98093,-7.39971],[111.98113,-7.40002],[111.9811,-7.40036],[111.98137,-7.40086],[111.98127,-7.40127],[111.98149,-7.40162],[111.98128,-7.40216],[111.98128,-7.40238],[111.98137,-7.4027],[111.98166,-7.40318],[111.98277,-7.40469],[111.98298,-7.40506],[111.98329,-7.40585],[111.9834,-7.40608],[111.98372,-7.40742],[111.98404,-7.407425],[111.984695,-7.40711],[111.985765,-7.406965],[111.98622,-7.4068],[111.987275,-7.40655],[111.988295,-7.40608],[111.989015,-7.405675],[111.99002,-7.4053],[111.9908,-7.404955],[111.9935,-7.4044],[111.99405,-7.404345],[111.994705,-7.404225],[111.995855,-7.404155],[111.9963,-7.404095],[111.99681,-7.403915],[111.997565,-7.40376],[111.99817,-7.403535],[111.99867,-7.403385],[112,-7.403405],[112.00115,-7.40353],[112.002005,-7.40358],[112.002785,-7.403665],[112.003395,-7.40376],[112.00508,-7.403965],[112.005495,-7.404095],[112.00645,-7.40434],[112.00752,-7.40271],[112.00775,-7.40185],[112.00766,-7.4013],[112.00784,-7.40077],[112.00799,-7.40051],[112.00827,-7.39972],[112.00835,-7.39934],[112.00841,-7.39883],[112.00845,-7.39806],[112.00855,-7.39748],[112.00868,-7.39704],[112.00888,-7.39648],[112.0091,-7.39596],[112.00921,-7.39549],[112.00935,-7.39474],[112.00933,-7.39436],[112.00921,-7.39391],[112.00906,-7.39366],[112.00887,-7.39344],[112.00801,-7.39256],[112.00748,-7.392],[112.00707,-7.3915],[112.00688,-7.39121],[112.00634,-7.39003],[112.00613,-7.38968],[112.00587,-7.38932],[112.0056,-7.38866],[112.00555,-7.38837],[112.00554,-7.38783],[112.00564,-7.38732],[112.00575,-7.38708],[112.00599,-7.38669],[112.00668,-7.38596],[112.00688,-7.38583],[112.00714,-7.38557],[112.00748,-7.38508],[112.0079,-7.38417],[112.00812,-7.38344],[112.00824,-7.38265],[112.00839,-7.38121],[112.00857,-7.38004],[112.00852,-7.37936],[112.00832,-7.37862],[112.00818,-7.37832],[112.00798,-7.37801],[112.00761,-7.37704],[112.00765,-7.37649],[112.00776,-7.37607],[112.00764,-7.375],[112.00759,-7.37423],[112.00768,-7.37361],[112.00759,-7.37317],[112.0076,-7.373],[112.00772,-7.3726],[112.00759,-7.3722],[112.00735,-7.37204],[112.00669,-7.37151],[112.00675,-7.37122],[112.00706,-7.37095],[112.00727,-7.37072],[112.0073,-7.37048],[112.00708,-7.37032],[112.00685,-7.37026],[112.00639,-7.37026],[112.00618,-7.3701],[112.00644,-7.36952],[112.00628,-7.36915],[112.0063,-7.36886],[112.00649,-7.36838],[112.0064,-7.36801],[112.00628,-7.36785],[112.0059,-7.36749],[112.00572,-7.36717],[112.00597,-7.36649],[112.00595,-7.36632],[112.00582,-7.36611],[112.00545,-7.36564],[112.00549,-7.36401],[112.0056,-7.36363],[112.00588,-7.36293],[112.00604,-7.36259],[112.00658,-7.36169],[112.00669,-7.36141],[112.00688,-7.36077],[112.00717,-7.36007],[112.00728,-7.35962],[112.00728,-7.35915],[112.00734,-7.35842],[112.00732,-7.35769],[112.00726,-7.35697],[112.00716,-7.35669],[112.00701,-7.35641],[112.00672,-7.35602],[112.00632,-7.35562],[112.00604,-7.35547],[112.00544,-7.35523],[112.0048,-7.3548],[112.00435,-7.35428],[112.00422,-7.35384],[112.00414,-7.35344],[112.00409,-7.35286],[112.00413,-7.35229],[112.00413,-7.35154],[112.0038,-7.34981],[112.00358,-7.34897],[112.00343,-7.34855],[112.00332,-7.3481],[112.00324,-7.34761],[112.00324,-7.34715],[112.00329,-7.34672],[112.00317,-7.34605],[112.00288,-7.34577],[112.00271,-7.34573],[112.00238,-7.34552],[112.00207,-7.34499],[112.002,-7.34472],[112.00196,-7.34436],[112.00195,-7.34391],[112.002,-7.34339],[112.00183,-7.34282],[112.00164,-7.34257],[112.00144,-7.34243],[112,-7.34223],[111.999,-7.34207],[111.99787,-7.3418],[111.99705,-7.34171],[111.99679,-7.3413],[111.99653,-7.34114],[111.99605,-7.34116],[111.99587,-7.34109],[111.99577,-7.34085],[111.99583,-7.34059],[111.99563,-7.34007],[111.9958,-7.3398],[111.9958,-7.3396],[111.99561,-7.33935],[111.99563,-7.33923],[111.99587,-7.33884],[111.99583,-7.33832],[111.99574,-7.33812],[111.99578,-7.33783],[111.9961,-7.33761],[111.99644,-7.33752],[111.99651,-7.33742],[111.99649,-7.33697],[111.9963,-7.3367],[111.99543,-7.33626],[111.9951,-7.33606],[111.99481,-7.33568],[111.99465,-7.33539],[111.99451,-7.33483],[111.99444,-7.33423],[111.99488,-7.33338],[111.99503,-7.33303],[111.9952,-7.33175],[111.99542,-7.33078],[111.9955,-7.33067],[111.99611,-7.33043],[111.99651,-7.33036],[111.99685,-7.33019],[111.9969,-7.32995],[111.99705,-7.32957],[111.99733,-7.32929],[111.9979,-7.32902],[111.9982,-7.32866],[111.99854,-7.32817],[111.99852,-7.32809],[111.99803,-7.32798],[111.99725,-7.32754],[111.99699,-7.32706],[111.99706,-7.32691],[111.99707,-7.32646],[111.99716,-7.32626],[111.99748,-7.32576],[111.99757,-7.32546],[111.9975,-7.32489],[111.99754,-7.32432],[111.9975,-7.32412],[111.99729,-7.32405],[111.99694,-7.32417],[111.99686,-7.32374],[111.99609,-7.32357],[111.99614,-7.32315],[111.99644,-7.32252],[111.99619,-7.32182],[111.99579,-7.32191],[111.99534,-7.32195],[111.99499,-7.32204],[111.99476,-7.32182],[111.99421,-7.32171],[111.9941,-7.32157],[111.99399,-7.3216],[111.99385,-7.32133],[111.99329,-7.3206],[111.99258,-7.31993],[111.9927,-7.31943],[111.99305,-7.3185],[111.99318,-7.31842],[111.99359,-7.31828],[111.99417,-7.31814],[111.99461,-7.31789],[111.99511,-7.31773],[111.99521,-7.31724],[111.99524,-7.31652],[111.99503,-7.31628],[111.99512,-7.31596],[111.99565,-7.31561],[111.99568,-7.31549],[111.99555,-7.31524],[111.99602,-7.31484],[111.99599,-7.31452],[111.99586,-7.31434],[111.9957,-7.31426],[111.9952,-7.31445],[111.99498,-7.31447],[111.99477,-7.31409],[111.99448,-7.3139],[111.99403,-7.31323],[111.99391,-7.31299],[111.99307,-7.31301],[111.99225,-7.31298],[111.99163,-7.31279],[111.99098,-7.31247],[111.99096,-7.31231],[111.991,-7.31185],[111.99101,-7.31126],[111.99085,-7.31074],[111.99091,-7.31036],[111.99071,-7.31028],[111.99035,-7.31007],[111.99025,-7.30937],[111.9902,-7.30861],[111.99012,-7.30848],[111.98973,-7.30832],[111.98975,-7.30812],[111.99025,-7.3079],[111.99049,-7.30759],[111.99057,-7.30728],[111.99078,-7.3068],[111.99092,-7.30579],[111.99117,-7.30556],[111.99135,-7.30533],[111.99128,-7.30509],[111.99081,-7.30474],[111.9906,-7.30447],[111.99079,-7.30419],[111.99119,-7.30385],[111.99158,-7.30347],[111.99174,-7.303],[111.99189,-7.30283],[111.99204,-7.30286],[111.99243,-7.30308],[111.99284,-7.30319],[111.99302,-7.30298],[111.99313,-7.30258],[111.99317,-7.30227],[111.9929,-7.30216],[111.99225,-7.30199],[111.99164,-7.3018],[111.99133,-7.30165],[111.99153,-7.30096],[111.99165,-7.30066],[111.99171,-7.30039],[111.99187,-7.29999],[111.99187,-7.29989],[111.99237,-7.29921],[111.992685,-7.29918],[111.99286,-7.29875],[111.99288,-7.29854],[111.99277,-7.298185],[111.9928,-7.29785],[111.99278,-7.2975],[111.99272,-7.29711],[111.99258,-7.29679],[111.99239,-7.29652],[111.99223,-7.29656],[111.99201,-7.29648],[111.99181,-7.29629],[111.9917,-7.29608],[111.99169,-7.29585],[111.99189,-7.29567],[111.99224,-7.29565],[111.99266,-7.29567],[111.99284,-7.29564],[111.99298,-7.29552],[111.99304,-7.29537],[111.99303,-7.29514],[111.99294,-7.29454],[111.99295,-7.29392],[111.99293,-7.29371],[111.99284,-7.29352],[111.99264,-7.29341],[111.99228,-7.29334],[111.99203,-7.29335],[111.99186,-7.29342],[111.99152,-7.2937],[111.99124,-7.29408],[111.99089,-7.29461],[111.99076,-7.29472],[111.99056,-7.29477],[111.99023,-7.2947],[111.98978,-7.29451],[111.98929,-7.29425],[111.98911,-7.29411],[111.98887,-7.29438],[111.98861,-7.29474],[111.9885,-7.294975],[111.987575,-7.29419],[111.987185,-7.2941],[111.98686,-7.293955],[111.986635,-7.293635],[111.986515,-7.293325],[111.986515,-7.293065],[111.986825,-7.292565],[111.987205,-7.29222],[111.98741,-7.291925],[111.987395,-7.29166],[111.98691,-7.29122],[111.98666,-7.29131],[111.98649,-7.28997],[111.986425,-7.28974],[111.98649,-7.28967],[111.986435,-7.289295],[111.986285,-7.28885],[111.98613,-7.288855],[111.985595,-7.28875],[111.98546,-7.28885],[111.984965,-7.288985],[111.984335,-7.2888],[111.983965,-7.28877],[111.98381,-7.2887],[111.98324,-7.288775],[111.98304,-7.288165],[111.98346,-7.287965],[111.982765,-7.286465],[111.982805,-7.28628],[111.98264,-7.28598],[111.982715,-7.2855],[111.982995,-7.28531],[111.98314,-7.285115],[111.98368,-7.28469],[111.98353,-7.28456],[111.98338,-7.2841],[111.98337,-7.28377],[111.98342,-7.28352],[111.98363,-7.28336],[111.98415,-7.28323],[111.98432,-7.28316],[111.98453,-7.28297],[111.9847,-7.28258],[111.98533,-7.2818],[111.98529,-7.28148],[111.98503,-7.28126],[111.98415,-7.28097],[111.98389,-7.28086],[111.98373,-7.28069],[111.98312,-7.27979],[111.98311,-7.27956],[111.982365,-7.27957]]]}},{"type":"Feature","properties":{"nama":"Sukosewu"},"geometry":{"type":"Polygon","coordinates":[[[111.92729,-7.20697],[111.92666,-7.206535],[111.92616,-7.20635],[111.92536,-7.20617],[111.925275,-7.2061],[111.9251,-7.2055],[111.924915,-7.204935],[111.92446,-7.20494],[111.924345,-7.20529],[111.92431,-7.20569],[111.923925,-7.205565],[111.923715,-7.205715],[111.923315,-7.205795],[111.92319,-7.20585],[111.92252,-7.20576],[111.92255,-7.205615],[111.921785,-7.205545],[111.921695,-7.20561],[111.920915,-7.20548],[111.91992,-7.205535],[111.919935,-7.205375],[111.91972,-7.20533],[111.919725,-7.205045],[111.91927,-7.20496],[111.919305,-7.20473],[111.918955,-7.204715],[111.91896,-7.20433],[111.9185,-7.20411],[111.91833,-7.20399],[111.91832,-7.203505],[111.91836,-7.203345],[111.918575,-7.203255],[111.919225,-7.203465],[111.919565,-7.203555],[111.91968,-7.20302],[111.920225,-7.20309],[111.92034,-7.20263],[111.92046,-7.20232],[111.920575,-7.20219],[111.92048,-7.20201],[111.920575,-7.201675],[111.92075,-7.200645],[111.92072,-7.20052],[111.92029,-7.20012],[111.91915,-7.19962],[111.9169,-7.20126],[111.91603,-7.202045],[111.916075,-7.2026],[111.915955,-7.203195],[111.916125,-7.203645],[111.91648,-7.20393],[111.916885,-7.204145],[111.91705,-7.204455],[111.91722,-7.204645],[111.917575,-7.20486],[111.917835,-7.205335],[111.917635,-7.20586],[111.918195,-7.20587],[111.91822,-7.206085],[111.91817,-7.2063],[111.91823,-7.20644],[111.918205,-7.20662],[111.918025,-7.206705],[111.9181,-7.207475],[111.917955,-7.20799],[111.91772,-7.208335],[111.917195,-7.2088],[111.91672,-7.209335],[111.916505,-7.209525],[111.91629,-7.20987],[111.91617,-7.21014],[111.916075,-7.21094],[111.915755,-7.2119],[111.915745,-7.212345],[111.91562,-7.2128],[111.915295,-7.21314],[111.91497,-7.21337],[111.91465,-7.21375],[111.914495,-7.21375],[111.914115,-7.21396],[111.91377,-7.21398],[111.913595,-7.21369],[111.91306,-7.21376],[111.912695,-7.21391],[111.912125,-7.21391],[111.912165,-7.21343],[111.91182,-7.21299],[111.911555,-7.212595],[111.911555,-7.21181],[111.911745,-7.2113],[111.911935,-7.21071],[111.912105,-7.210005],[111.9122,-7.20913],[111.9122,-7.2089],[111.91227,-7.20861],[111.91203,-7.20845],[111.91083,-7.20773],[111.90826,-7.20622],[111.90763,-7.20584],[111.90715,-7.20562],[111.90675,-7.20551],[111.90631,-7.20548],[111.9061,-7.20554],[111.90592,-7.20687],[111.9058,-7.20742],[111.90558,-7.20866],[111.90517,-7.21064],[111.90499,-7.21157],[111.90481,-7.21262],[111.90452,-7.21453],[111.90448,-7.21521],[111.90566,-7.21727],[111.90592,-7.21912],[111.90586,-7.22059],[111.90558,-7.22167],[111.90474,-7.22305],[111.9035,-7.2246],[111.903085,-7.22494],[111.903025,-7.22528],[111.90347,-7.225415],[111.90333,-7.22607],[111.90346,-7.22611],[111.90337,-7.226415],[111.903535,-7.22725],[111.90339,-7.22875],[111.90306,-7.230835],[111.90298,-7.23193],[111.90241,-7.232545],[111.902185,-7.233985],[111.9016,-7.23528],[111.90104,-7.23587],[111.90031,-7.23709],[111.89966,-7.2381],[111.89835,-7.23922],[111.897485,-7.24017],[111.89751,-7.240355],[111.89747,-7.24089],[111.898025,-7.241005],[111.898925,-7.241265],[111.898805,-7.242425],[111.899175,-7.24248],[111.899195,-7.24293],[111.899375,-7.24294],[111.89939,-7.2432],[111.89944,-7.24598],[111.89936,-7.24747],[111.89936,-7.24885],[111.89966,-7.25],[111.89963,-7.25041],[111.89951,-7.25117],[111.89919,-7.25253],[111.89895,-7.25389],[111.89872,-7.25552],[111.89847,-7.25667],[111.89799,-7.25815],[111.89729,-7.25981],[111.89662,-7.26164],[111.89614,-7.26314],[111.89574,-7.26442],[111.89537,-7.26583],[111.89501,-7.26759],[111.89481,-7.26884],[111.89454,-7.27041],[111.8942,-7.27192],[111.89385,-7.2731],[111.89331,-7.27422],[111.89583,-7.27511],[111.89743,-7.27562],[111.89873,-7.276],[111.899775,-7.27628],[111.901475,-7.2765],[111.90208,-7.27668],[111.902545,-7.276735],[111.90295,-7.276725],[111.90351,-7.276915],[111.90375,-7.27695],[111.90364,-7.27727],[111.904165,-7.277405],[111.90414,-7.27725],[111.904535,-7.27733],[111.904605,-7.277415],[111.904595,-7.277905],[111.904925,-7.278115],[111.9054,-7.278365],[111.90583,-7.278475],[111.906185,-7.278725],[111.906925,-7.27895],[111.90678,-7.279285],[111.907355,-7.279425],[111.907765,-7.27943],[111.908095,-7.27953],[111.908395,-7.279575],[111.90959,-7.280085],[111.911635,-7.280685],[111.91363,-7.2808],[111.91386,-7.28079],[111.91412,-7.28124],[111.91436,-7.28135],[111.9147,-7.2811],[111.91551,-7.28098],[111.91562,-7.28084],[111.91529,-7.28061],[111.91533,-7.28043],[111.916215,-7.280125],[111.91664,-7.2797],[111.91704,-7.279405],[111.91727,-7.27945],[111.91747,-7.27918],[111.91759,-7.279105],[111.91831,-7.279275],[111.918345,-7.27911],[111.91848,-7.279055],[111.9189,-7.279105],[111.920005,-7.27936],[111.920095,-7.27932],[111.920335,-7.278825],[111.920545,-7.27886],[111.92076,-7.27921],[111.920955,-7.27964],[111.921,-7.27985],[111.921185,-7.280095],[111.921755,-7.2803],[111.92225,-7.280225],[111.922545,-7.280225],[111.923425,-7.280155],[111.923725,-7.2802],[111.924165,-7.280165],[111.924415,-7.280185],[111.92441,-7.280005],[111.92458,-7.27999],[111.92465,-7.279625],[111.92471,-7.27957],[111.925375,-7.27976],[111.925465,-7.27949],[111.925805,-7.27959],[111.92613,-7.27878],[111.926775,-7.27878],[111.92721,-7.278845],[111.927485,-7.27892],[111.928195,-7.27877],[111.92826,-7.278595],[111.92826,-7.27829],[111.92834,-7.277935],[111.928585,-7.277335],[111.928935,-7.27698],[111.92901,-7.276555],[111.929155,-7.27629],[111.929505,-7.2762],[111.92953,-7.2758],[111.93015,-7.2758],[111.93065,-7.27585],[111.93126,-7.2761],[111.93158,-7.27642],[111.93188,-7.27707],[111.93211,-7.27785],[111.93245,-7.279395],[111.93169,-7.279065],[111.93139,-7.278995],[111.93128,-7.27937],[111.931415,-7.2796],[111.93139,-7.279825],[111.931485,-7.279925],[111.931705,-7.280015],[111.93179,-7.280325],[111.93215,-7.28045],[111.93206,-7.28086],[111.932445,-7.281045],[111.932585,-7.281165],[111.93312,-7.281295],[111.933275,-7.28139],[111.93323,-7.281965],[111.93324,-7.282115],[111.93382,-7.282325],[111.93414,-7.282475],[111.93411,-7.282685],[111.934635,-7.28296],[111.934675,-7.28341],[111.93487,-7.283645],[111.934905,-7.283885],[111.935495,-7.283985],[111.93552,-7.28427],[111.93623,-7.284285],[111.93627,-7.28418],[111.93739,-7.28441],[111.93776,-7.28443],[111.9389,-7.2829],[111.93962,-7.28199],[111.94001,-7.28146],[111.94053,-7.28089],[111.940695,-7.2809],[111.94085,-7.280495],[111.94133,-7.280625],[111.941415,-7.280105],[111.941655,-7.28016],[111.94226,-7.27967],[111.94267,-7.27912],[111.94293,-7.27871],[111.94336,-7.27795],[111.94396,-7.27683],[111.94422,-7.27648],[111.94456,-7.276295],[111.94459,-7.275925],[111.94487,-7.27597],[111.94496,-7.27591],[111.94527,-7.275855],[111.945655,-7.275925],[111.945685,-7.27578],[111.94581,-7.275695],[111.946035,-7.275705],[111.946095,-7.27503],[111.94616,-7.27493],[111.94698,-7.27516],[111.94757,-7.27529],[111.94964,-7.275665],[111.949785,-7.27562],[111.94999,-7.275345],[111.94998,-7.275055],[111.95005,-7.274865],[111.950205,-7.27476],[111.950565,-7.27468],[111.95104,-7.2748],[111.95146,-7.27485],[111.95186,-7.27482],[111.95204,-7.274775],[111.952135,-7.274855],[111.95256,-7.274915],[111.95316,-7.274945],[111.95344,-7.27451],[111.9536,-7.27444],[111.95449,-7.27456],[111.954585,-7.274045],[111.954625,-7.273615],[111.95459,-7.272965],[111.954525,-7.27262],[111.954675,-7.27202],[111.95473,-7.271595],[111.95473,-7.271315],[111.955155,-7.269365],[111.954695,-7.26927],[111.954285,-7.269215],[111.95366,-7.269005],[111.95373,-7.26848],[111.95414,-7.26693],[111.95431,-7.26641],[111.95442,-7.26577],[111.95447,-7.26512],[111.95439,-7.26381],[111.954225,-7.26307],[111.954065,-7.26299],[111.95404,-7.262625],[111.954055,-7.26227],[111.954,-7.262185],[111.9541,-7.26143],[111.95413,-7.26102],[111.95431,-7.261045],[111.95443,-7.26097],[111.95522,-7.26099],[111.95542,-7.261055],[111.955795,-7.261095],[111.95639,-7.26122],[111.95736,-7.26148],[111.957695,-7.261605],[111.958585,-7.26185],[111.95984,-7.26216],[111.95987,-7.262095],[111.96035,-7.262165],[111.961115,-7.262455],[111.961435,-7.261575],[111.96203,-7.261885],[111.961975,-7.26201],[111.96235,-7.26219],[111.962485,-7.26245],[111.9628,-7.262705],[111.962965,-7.262775],[111.963365,-7.26279],[111.963725,-7.262965],[111.963835,-7.26311],[111.96635,-7.26346],[111.96703,-7.26358],[111.96797,-7.2639],[111.96859,-7.26425],[111.969,-7.26453],[111.96932,-7.2649],[111.96948,-7.26522],[111.96961,-7.26602],[111.96973,-7.26722],[111.96986,-7.26818],[111.97,-7.26906],[111.97054,-7.27173],[111.97092,-7.27347],[111.97106,-7.27423],[111.97131,-7.27527],[111.97153,-7.27626],[111.97168,-7.27701],[111.9719,-7.27746],[111.97231,-7.27794],[111.9727,-7.27817],[111.97298,-7.27827],[111.97423,-7.27863],[111.97559,-7.27896],[111.97716,-7.27936],[111.97774,-7.27947],[111.97822,-7.27949],[111.97957,-7.27939],[111.980415,-7.279465],[111.98132,-7.27948],[111.98214,-7.27961],[111.982365,-7.27957],[111.98213,-7.278515],[111.982055,-7.278235],[111.981725,-7.278165],[111.981475,-7.276935],[111.980975,-7.27685],[111.98092,-7.276285],[111.98091,-7.275785],[111.981075,-7.27552],[111.98152,-7.27553],[111.98158,-7.275085],[111.981565,-7.274725],[111.980935,-7.27342],[111.98084,-7.273155],[111.980485,-7.27301],[111.98049,-7.27278],[111.98058,-7.27215],[111.980215,-7.27189],[111.9801,-7.27162],[111.98018,-7.27129],[111.98024,-7.27066],[111.980495,-7.26963],[111.98068,-7.26958],[111.980615,-7.26934],[111.980655,-7.26914],[111.980815,-7.26888],[111.98116,-7.268915],[111.98127,-7.26869],[111.98107,-7.26865],[111.981,-7.268255],[111.980925,-7.268125],[111.98093,-7.267795],[111.98076,-7.26757],[111.980605,-7.26716],[111.98055,-7.26648],[111.98064,-7.26606],[111.98061,-7.26584],[111.98051,-7.26555],[111.98053,-7.26479],[111.98084,-7.26383],[111.98082,-7.26355],[111.98036,-7.26319],[111.98029,-7.26306],[111.98076,-7.26236],[111.98077,-7.26188],[111.98097,-7.26139],[111.98103,-7.26104],[111.98072,-7.26056],[111.9807,-7.26025],[111.98077,-7.25976],[111.98084,-7.25958],[111.980815,-7.259435],[111.98045,-7.259445],[111.980275,-7.25941],[111.980235,-7.25903],[111.9804,-7.25846],[111.98035,-7.25817],[111.98055,-7.25776],[111.98121,-7.25729],[111.98136,-7.25655],[111.98137,-7.25634],[111.98125,-7.25609],[111.98081,-7.2558],[111.98077,-7.25535],[111.9805,-7.25532],[111.98037,-7.2552],[111.980195,-7.25476],[111.980275,-7.254515],[111.98062,-7.25439],[111.980625,-7.2543],[111.9802,-7.253935],[111.98014,-7.25375],[111.9799,-7.253545],[111.979705,-7.253625],[111.979715,-7.25383],[111.97984,-7.25399],[111.97983,-7.25418],[111.9796,-7.254375],[111.979395,-7.25434],[111.97918,-7.25412],[111.97902,-7.25382],[111.979045,-7.253685],[111.97931,-7.25341],[111.97972,-7.253355],[111.979935,-7.25317],[111.98013,-7.25287],[111.98047,-7.25288],[111.98069,-7.25283],[111.9808,-7.25268],[111.98044,-7.25232],[111.98014,-7.25212],[111.97989,-7.25205],[111.97945,-7.25209],[111.97918,-7.25237],[111.9791,-7.25273],[111.97884,-7.25305],[111.97849,-7.25315],[111.97808,-7.25313],[111.97796,-7.25303],[111.97785,-7.25273],[111.977975,-7.2524],[111.978525,-7.25211],[111.97867,-7.251905],[111.97872,-7.251585],[111.978915,-7.2514],[111.979375,-7.25131],[111.97946,-7.251195],[111.97935,-7.250985],[111.97866,-7.250725],[111.978315,-7.25056],[111.978095,-7.25055],[111.977955,-7.25062],[111.977845,-7.250805],[111.97756,-7.25101],[111.977425,-7.25098],[111.977415,-7.25079],[111.97748,-7.25052],[111.97771,-7.25011],[111.97771,-7.25003],[111.9775,-7.24989],[111.97757,-7.24931],[111.97762,-7.249145],[111.977695,-7.24852],[111.977665,-7.24843],[111.977335,-7.2483],[111.977315,-7.248175],[111.977495,-7.247785],[111.97836,-7.247825],[111.97851,-7.24681],[111.978355,-7.24658],[111.978235,-7.246125],[111.978845,-7.246295],[111.97904,-7.246445],[111.97927,-7.246325],[111.979765,-7.2464],[111.97992,-7.245725],[111.98006,-7.245265],[111.98008,-7.244905],[111.980375,-7.244915],[111.980965,-7.245],[111.981595,-7.245045],[111.982785,-7.24519],[111.98279,-7.24498],[111.982645,-7.243645],[111.982565,-7.243235],[111.98243,-7.242065],[111.982355,-7.24165],[111.982335,-7.24123],[111.98202,-7.241305],[111.98066,-7.241675],[111.97947,-7.24175],[111.977795,-7.241685],[111.976955,-7.241485],[111.976925,-7.24132],[111.97705,-7.240665],[111.976925,-7.240235],[111.97676,-7.240205],[111.97553,-7.240195],[111.975395,-7.24018],[111.974555,-7.239815],[111.974295,-7.23973],[111.973925,-7.23975],[111.97318,-7.239935],[111.972865,-7.24008],[111.9728,-7.24024],[111.97296,-7.24058],[111.9721,-7.24068],[111.97158,-7.24082],[111.97123,-7.24101],[111.970695,-7.24178],[111.970475,-7.241925],[111.9702,-7.24196],[111.96956,-7.24224],[111.96897,-7.24212],[111.968255,-7.24192],[111.967935,-7.241925],[111.96727,-7.241705],[111.96693,-7.241565],[111.96626,-7.2414],[111.966255,-7.241335],[111.965865,-7.241145],[111.965305,-7.24098],[111.96519,-7.24142],[111.96458,-7.241285],[111.96456,-7.241715],[111.964515,-7.241975],[111.964375,-7.241985],[111.96432,-7.242475],[111.964175,-7.24303],[111.96455,-7.24312],[111.965245,-7.24334],[111.965285,-7.243255],[111.96568,-7.243445],[111.96556,-7.243955],[111.965595,-7.24398],[111.96523,-7.24484],[111.96508,-7.24528],[111.964985,-7.24568],[111.96472,-7.246425],[111.964395,-7.246295],[111.964185,-7.246895],[111.964025,-7.24771],[111.96406,-7.248],[111.963985,-7.2482],[111.96392,-7.24865],[111.96321,-7.24856],[111.962995,-7.24847],[111.96168,-7.24815],[111.96129,-7.247975],[111.96136,-7.24771],[111.96114,-7.24765],[111.961245,-7.24737],[111.96096,-7.247325],[111.96099,-7.24706],[111.960445,-7.246975],[111.960465,-7.24677],[111.959855,-7.246645],[111.959875,-7.246515],[111.95946,-7.246415],[111.95911,-7.24642],[111.95777,-7.24613],[111.95771,-7.2458],[111.95763,-7.245715],[111.95724,-7.24577],[111.95647,-7.2457],[111.95613,-7.245645],[111.955405,-7.245585],[111.95537,-7.244965],[111.955415,-7.244335],[111.95555,-7.243365],[111.955545,-7.24279],[111.955595,-7.2421],[111.955385,-7.24161],[111.95534,-7.24134],[111.955515,-7.240505],[111.955665,-7.240325],[111.95582,-7.23919],[111.955745,-7.23892],[111.955415,-7.238535],[111.954515,-7.238115],[111.95349,-7.23782],[111.953525,-7.23768],[111.95249,-7.237285],[111.952525,-7.237105],[111.953025,-7.23365],[111.95055,-7.233115],[111.94999,-7.236395],[111.948575,-7.23623],[111.94812,-7.236135],[111.947375,-7.23602],[111.94714,-7.23603],[111.947005,-7.236445],[111.946855,-7.23721],[111.9459,-7.237215],[111.94587,-7.23728],[111.94344,-7.236825],[111.943285,-7.237305],[111.942705,-7.23719],[111.942655,-7.23734],[111.94162,-7.237045],[111.940645,-7.236785],[111.93944,-7.23645],[111.938545,-7.23612],[111.938015,-7.235955],[111.93797,-7.23542],[111.93815,-7.235445],[111.93824,-7.235155],[111.938455,-7.23494],[111.939695,-7.235355],[111.939825,-7.234605],[111.94,-7.234165],[111.940255,-7.233785],[111.94054,-7.23358],[111.94134,-7.233265],[111.94162,-7.233135],[111.94177,-7.233015],[111.94187,-7.232815],[111.941795,-7.232485],[111.94163,-7.232255],[111.941325,-7.232135],[111.94094,-7.23216],[111.94079,-7.23226],[111.94046,-7.23268],[111.940345,-7.23277],[111.939885,-7.232955],[111.93923,-7.233145],[111.9389,-7.233095],[111.938685,-7.23295],[111.93866,-7.23264],[111.938765,-7.23235],[111.93908,-7.23179],[111.93912,-7.231425],[111.939045,-7.23129],[111.9388,-7.23113],[111.938455,-7.230805],[111.93841,-7.230575],[111.938525,-7.230135],[111.938795,-7.229775],[111.938945,-7.229755],[111.9393,-7.229945],[111.93945,-7.2293],[111.93961,-7.229255],[111.93977,-7.229305],[111.940195,-7.229215],[111.940815,-7.229265],[111.94089,-7.22938],[111.940825,-7.23002],[111.9416,-7.22999],[111.941925,-7.229925],[111.942585,-7.229685],[111.94328,-7.22935],[111.94345,-7.229225],[111.943615,-7.22894],[111.94354,-7.22847],[111.94342,-7.22831],[111.94292,-7.228055],[111.94256,-7.227925],[111.942165,-7.227605],[111.94186,-7.22742],[111.94134,-7.22726],[111.941125,-7.227115],[111.941,-7.22695],[111.94082,-7.226535],[111.94076,-7.225775],[111.940815,-7.22547],[111.94098,-7.225025],[111.940965,-7.22486],[111.940815,-7.224725],[111.9405,-7.224825],[111.93988,-7.225155],[111.939605,-7.225075],[111.9395,-7.22481],[111.93947,-7.22447],[111.93951,-7.224105],[111.93986,-7.223795],[111.94032,-7.22347],[111.94062,-7.22345],[111.94137,-7.223045],[111.94181,-7.222905],[111.94259,-7.22287],[111.94284,-7.22282],[111.94298,-7.22273],[111.94311,-7.22251],[111.94311,-7.22221],[111.94259,-7.221865],[111.94245,-7.22155],[111.942485,-7.221235],[111.942645,-7.220945],[111.942695,-7.22073],[111.942605,-7.22028],[111.94254,-7.21922],[111.94236,-7.21789],[111.9423,-7.21764],[111.94221,-7.2175],[111.94195,-7.2173],[111.94172,-7.2172],[111.941225,-7.217085],[111.94079,-7.2171],[111.94061,-7.217215],[111.94062,-7.217365],[111.940755,-7.21809],[111.940605,-7.21832],[111.93991,-7.21905],[111.93966,-7.21938],[111.93919,-7.22021],[111.938925,-7.220285],[111.938655,-7.22],[111.93816,-7.21991],[111.937895,-7.21995],[111.9376,-7.22041],[111.93714,-7.220955],[111.9371,-7.221225],[111.93711,-7.22149],[111.93725,-7.221665],[111.93758,-7.2216],[111.93776,-7.22162],[111.93799,-7.221865],[111.938,-7.22204],[111.937855,-7.2222],[111.93764,-7.22229],[111.936965,-7.222295],[111.936165,-7.222165],[111.93592,-7.22206],[111.935735,-7.221865],[111.935655,-7.221495],[111.935575,-7.220835],[111.93561,-7.22061],[111.935785,-7.220415],[111.93598,-7.22036],[111.9363,-7.22047],[111.936765,-7.220455],[111.936975,-7.22034],[111.937055,-7.220175],[111.936965,-7.22005],[111.93593,-7.21912],[111.93517,-7.21886],[111.93498,-7.21887],[111.9344,-7.21915],[111.93428,-7.21925],[111.934055,-7.219815],[111.934105,-7.220165],[111.934335,-7.220605],[111.934435,-7.22089],[111.93449,-7.22118],[111.934435,-7.2215],[111.934335,-7.22165],[111.934025,-7.221875],[111.933645,-7.22195],[111.933285,-7.221945],[111.933105,-7.221835],[111.932925,-7.2216],[111.932835,-7.221365],[111.93278,-7.220985],[111.93283,-7.2207],[111.93303,-7.220235],[111.93317,-7.2195],[111.93315,-7.21925],[111.932775,-7.21879],[111.93275,-7.21869],[111.93287,-7.218485],[111.93325,-7.218195],[111.933485,-7.21796],[111.933535,-7.217665],[111.933435,-7.217475],[111.933195,-7.21726],[111.932955,-7.21715],[111.93275,-7.21696],[111.93244,-7.21654],[111.932265,-7.21625],[111.932195,-7.21606],[111.93215,-7.21562],[111.932235,-7.215405],[111.93276,-7.21494],[111.93278,-7.21475],[111.93259,-7.21454],[111.9324,-7.21449],[111.93212,-7.2145],[111.93143,-7.21471],[111.93119,-7.21484],[111.93095,-7.21505],[111.93078,-7.21527],[111.93053,-7.21573],[111.93029,-7.21572],[111.92984,-7.21509],[111.92973,-7.21497],[111.929525,-7.215005],[111.92911,-7.21552],[111.92894,-7.21564],[111.9286,-7.21569],[111.92845,-7.2156],[111.92816,-7.21527],[111.92814,-7.21511],[111.92829,-7.21468],[111.92851,-7.21448],[111.92873,-7.21437],[111.9292,-7.2143],[111.9294,-7.21422],[111.92958,-7.21405],[111.9297,-7.21385],[111.92974,-7.213575],[111.92967,-7.213455],[111.9294,-7.21336],[111.929255,-7.21324],[111.928115,-7.213315],[111.927615,-7.21344],[111.927495,-7.21342],[111.92697,-7.21302],[111.92644,-7.212425],[111.926255,-7.212185],[111.926155,-7.211935],[111.926155,-7.2115],[111.92632,-7.21118],[111.92649,-7.211085],[111.926825,-7.21108],[111.927045,-7.211115],[111.927425,-7.21132],[111.927755,-7.21145],[111.927895,-7.211575],[111.927955,-7.211735],[111.92797,-7.212165],[111.928055,-7.21239],[111.92821,-7.212605],[111.92842,-7.21275],[111.9288,-7.21276],[111.92903,-7.21262],[111.92932,-7.21221],[111.92954,-7.21155],[111.929525,-7.211255],[111.92942,-7.210735],[111.92952,-7.21051],[111.92973,-7.21041],[111.93001,-7.21036],[111.93031,-7.21039],[111.93096,-7.21061],[111.93123,-7.21051],[111.931355,-7.210075],[111.931305,-7.209595],[111.93115,-7.209445],[111.93088,-7.20934],[111.930335,-7.209535],[111.93003,-7.20955],[111.929615,-7.20947],[111.92917,-7.209215],[111.928345,-7.208345],[111.9279,-7.207905],[111.927485,-7.207315],[111.92729,-7.20697]]]}},{"type":"Feature","properties":{"nama":"Sumberrejo"},"geometry":{"type":"Polygon","coordinates":[[[112.0027,-7.23921],[112.00393,-7.239475],[112.003775,-7.239975],[112.003965,-7.24007],[112.003905,-7.24081],[112.004085,-7.24107],[112.004215,-7.241115],[112.003785,-7.24219],[112.0036,-7.24284],[112.00425,-7.243115],[112.004535,-7.24317],[112.00463,-7.24324],[112.00464,-7.24346],[112.004535,-7.243895],[112.004385,-7.244725],[112.004035,-7.245655],[112.00425,-7.246145],[112.005895,-7.246725],[112.005645,-7.24742],[112.00575,-7.247485],[112.005655,-7.24778],[112.00487,-7.247495],[112.00517,-7.24819],[112.005415,-7.248295],[112.005415,-7.248505],[112.006615,-7.24899],[112.00643,-7.249455],[112.00601,-7.24951],[112.005225,-7.249365],[112.00513,-7.24967],[112.00493,-7.25016],[112.004605,-7.25048],[112.00447,-7.250995],[112.004045,-7.252105],[112.00408,-7.252345],[112.00426,-7.252585],[112.004345,-7.253315],[112.005775,-7.25403],[112.00642,-7.254315],[112.00681,-7.25346],[112.00699,-7.253495],[112.007295,-7.25284],[112.00762,-7.25284],[112.008095,-7.25314],[112.00869,-7.25332],[112.00863,-7.253675],[112.008185,-7.25445],[112.008005,-7.254835],[112.0079,-7.255205],[112.00826,-7.25519],[112.00875,-7.25542],[112.011365,-7.256505],[112.01222,-7.25685],[112.0127,-7.257115],[112.013135,-7.25745],[112.014015,-7.2579],[112.01373,-7.258685],[112.013685,-7.258875],[112.01413,-7.25908],[112.01343,-7.26061],[112.01338,-7.26103],[112.013275,-7.261205],[112.013505,-7.261345],[112.01351,-7.26146],[112.013945,-7.261655],[112.01459,-7.26184],[112.0149,-7.26201],[112.015375,-7.262155],[112.016,-7.262155],[112.0168,-7.262355],[112.017515,-7.262595],[112.017815,-7.26274],[112.01781,-7.263045],[112.017655,-7.263595],[112.01777,-7.26375],[112.018285,-7.2639],[112.018325,-7.264585],[112.01823,-7.265025],[112.019125,-7.265405],[112.019505,-7.265425],[112.01973,-7.265385],[112.019865,-7.26527],[112.019895,-7.26504],[112.020455,-7.265165],[112.020495,-7.26507],[112.020995,-7.26507],[112.02143,-7.26516],[112.022,-7.265165],[112.021975,-7.2655],[112.021865,-7.26595],[112.021905,-7.266475],[112.022845,-7.266295],[112.02306,-7.26628],[112.02443,-7.26635],[112.025285,-7.266445],[112.025565,-7.26561],[112.02574,-7.264475],[112.025985,-7.263135],[112.02616,-7.2628],[112.026565,-7.2617],[112.026815,-7.260675],[112.02701,-7.2601],[112.02715,-7.25984],[112.02736,-7.25956],[112.02803,-7.25905],[112.02886,-7.25879],[112.02928,-7.25861],[112.02976,-7.25793],[112.03018,-7.25821],[112.03097,-7.25742],[112.0311,-7.257215],[112.031185,-7.256965],[112.03148,-7.256845],[112.03167,-7.256445],[112.031765,-7.25635],[112.031985,-7.25642],[112.032165,-7.256585],[112.032215,-7.25683],[112.032325,-7.257035],[112.032955,-7.256935],[112.03309,-7.256895],[112.03319,-7.256585],[112.03315,-7.256175],[112.03302,-7.25591],[112.03304,-7.25571],[112.03339,-7.255475],[112.03371,-7.255315],[112.033875,-7.255175],[112.03414,-7.255075],[112.03449,-7.25521],[112.03438,-7.254675],[112.034225,-7.254495],[112.033855,-7.254305],[112.03356,-7.25401],[112.03349,-7.25383],[112.03351,-7.25369],[112.033785,-7.25344],[112.033775,-7.253175],[112.033645,-7.253055],[112.03331,-7.2529],[112.033285,-7.25265],[112.033475,-7.25231],[112.03351,-7.251935],[112.03341,-7.251665],[112.0333,-7.251535],[112.03288,-7.25133],[112.03281,-7.251005],[112.032715,-7.25083],[112.032345,-7.250535],[112.032205,-7.25037],[112.032155,-7.25019],[112.032185,-7.24992],[112.032275,-7.24969],[112.032675,-7.249485],[112.03274,-7.249395],[112.03274,-7.249115],[112.03252,-7.2488],[112.032155,-7.24837],[112.03215,-7.24807],[112.032405,-7.24757],[112.032285,-7.247115],[112.03248,-7.24671],[112.03287,-7.24648],[112.03314,-7.24648],[112.0333,-7.24642],[112.03338,-7.2463],[112.03336,-7.24613],[112.03326,-7.24601],[112.03278,-7.2459],[112.0327,-7.24562],[112.03294,-7.24525],[112.03291,-7.24492],[112.03282,-7.2448],[112.03253,-7.24462],[112.03246,-7.24463],[112.03213,-7.24435],[112.03191,-7.2441],[112.03187,-7.24396],[112.03201,-7.24344],[112.03203,-7.24325],[112.0317,-7.24273],[112.03167,-7.24262],[112.0318,-7.24224],[112.03164,-7.2419],[112.03172,-7.24163],[112.03311,-7.24242],[112.03375,-7.24253],[112.03425,-7.24255],[112.03514,-7.24271],[112.03588,-7.24286],[112.03708,-7.24281],[112.03765,-7.24301],[112.03826,-7.24329],[112.03884,-7.24376],[112.03911,-7.24406],[112.03962,-7.24451],[112.04014,-7.24503],[112.0405,-7.24565],[112.04067,-7.24583],[112.04094,-7.246],[112.04143,-7.24609],[112.04205,-7.246],[112.04321,-7.246],[112.04348,-7.24618],[112.0438,-7.24645],[112.04402,-7.24677],[112.04426,-7.24705],[112.04458,-7.24731],[112.04497,-7.24755],[112.04546,-7.24794],[112.04588,-7.24813],[112.04665,-7.24841],[112.04746,-7.2488],[112.04785,-7.24892],[112.04812,-7.2491],[112.04852,-7.24929],[112.049,-7.24935],[112.05002,-7.24942],[112.05016,-7.24948],[112.05127,-7.24963],[112.05363,-7.24986],[112.05385,-7.2499],[112.05416,-7.25017],[112.0543,-7.25039],[112.05463,-7.25078],[112.05504,-7.25109],[112.05551,-7.2514],[112.05626,-7.25197],[112.05689,-7.250715],[112.057105,-7.250085],[112.057035,-7.249885],[112.057045,-7.24968],[112.05732,-7.249405],[112.057425,-7.24917],[112.05758,-7.249],[112.05815,-7.2491],[112.05826,-7.24841],[112.0584,-7.248255],[112.05891,-7.2483],[112.05914,-7.248265],[112.05934,-7.2483],[112.059545,-7.248455],[112.059755,-7.248455],[112.060005,-7.248335],[112.060315,-7.24829],[112.06079,-7.248505],[112.061505,-7.248585],[112.061635,-7.248715],[112.061385,-7.249195],[112.06115,-7.25036],[112.061195,-7.25044],[112.06121,-7.251085],[112.06166,-7.251205],[112.061615,-7.251655],[112.06171,-7.25174],[112.06153,-7.2525],[112.061055,-7.252345],[112.060935,-7.252715],[112.06103,-7.252975],[112.060805,-7.253335],[112.06054,-7.253295],[112.060375,-7.254095],[112.060255,-7.255105],[112.059965,-7.25626],[112.06059,-7.25652],[112.06104,-7.25664],[112.0621,-7.25675],[112.06276,-7.25694],[112.06353,-7.25738],[112.063325,-7.258385],[112.06327,-7.258915],[112.063385,-7.25897],[112.06336,-7.25948],[112.06324,-7.259865],[112.063325,-7.260205],[112.06323,-7.26076],[112.063225,-7.261085],[112.06326,-7.261455],[112.06317,-7.261785],[112.063335,-7.26224],[112.063645,-7.262255],[112.06369,-7.262425],[112.064555,-7.262515],[112.0646,-7.262385],[112.065155,-7.262635],[112.065625,-7.262905],[112.065675,-7.262985],[112.066205,-7.263115],[112.066265,-7.263005],[112.066775,-7.263195],[112.067055,-7.263125],[112.067215,-7.263465],[112.067555,-7.263835],[112.06769,-7.26388],[112.06773,-7.26408],[112.06793,-7.26406],[112.06805,-7.26421],[112.068495,-7.26451],[112.068445,-7.264835],[112.06831,-7.265165],[112.068485,-7.26519],[112.068945,-7.26533],[112.069595,-7.265485],[112.06974,-7.265205],[112.069645,-7.265175],[112.06975,-7.26475],[112.0703,-7.264915],[112.070435,-7.264895],[112.07057,-7.26503],[112.070925,-7.265185],[112.071065,-7.26554],[112.071055,-7.265705],[112.07147,-7.265895],[112.07116,-7.264725],[112.07116,-7.263975],[112.07105,-7.26344],[112.070515,-7.263085],[112.070085,-7.26269],[112.06991,-7.26219],[112.06998,-7.26162],[112.07016,-7.261085],[112.070085,-7.26055],[112.06991,-7.26023],[112.069875,-7.2598],[112.069585,-7.25937],[112.069375,-7.25891],[112.06946,-7.258235],[112.06973,-7.25782],[112.06973,-7.25755],[112.069405,-7.257045],[112.069285,-7.2566],[112.068925,-7.256275],[112.068925,-7.25565],[112.06887,-7.254725],[112.06863,-7.25431],[112.06857,-7.2541],[112.0683,-7.253745],[112.067845,-7.253525],[112.067755,-7.25309],[112.06787,-7.252445],[112.06787,-7.251665],[112.067815,-7.251265],[112.067545,-7.25096],[112.06757,-7.25047],[112.067635,-7.25016],[112.067775,-7.24999],[112.06783,-7.24959],[112.067775,-7.249055],[112.06789,-7.24858],[112.067965,-7.247745],[112.06848,-7.246275],[112.06848,-7.245955],[112.068365,-7.24582],[112.06808,-7.24567],[112.06825,-7.24523],[112.06886,-7.244525],[112.06922,-7.244165],[112.068935,-7.243895],[112.069485,-7.24306],[112.06955,-7.24283],[112.06985,-7.242385],[112.070265,-7.24164],[112.070385,-7.241255],[112.07065,-7.240715],[112.0708,-7.24018],[112.07098,-7.239825],[112.071,-7.23882],[112.07091,-7.23838],[112.0708,-7.2382],[112.07059,-7.23769],[112.070455,-7.237535],[112.069975,-7.23742],[112.069405,-7.237375],[112.06866,-7.237285],[112.06759,-7.23693],[112.06658,-7.23663],[112.066535,-7.236425],[112.065655,-7.23618],[112.0657,-7.23498],[112.065785,-7.23458],[112.065185,-7.23438],[112.065415,-7.233265],[112.065315,-7.233035],[112.065055,-7.231915],[112.0651,-7.231155],[112.06532,-7.23025],[112.06501,-7.22971],[112.06489,-7.22905],[112.06506,-7.22763],[112.06517,-7.22741],[112.06562,-7.22698],[112.06588,-7.22669],[112.06624,-7.22636],[112.06649,-7.22594],[112.06654,-7.22574],[112.0665,-7.22505],[112.06632,-7.22423],[112.06627,-7.22384],[112.0661,-7.22312],[112.06617,-7.22237],[112.06616,-7.22197],[112.06654,-7.22085],[112.06671,-7.22047],[112.06689,-7.22016],[112.06712,-7.21991],[112.06742,-7.2195],[112.06758,-7.21894],[112.0678,-7.21771],[112.06786,-7.21671],[112.06787,-7.21622],[112.06797,-7.21535],[112.06794,-7.21458],[112.0681,-7.21334],[112.06818,-7.21253],[112.06846,-7.21108],[112.06855,-7.21082],[112.06862,-7.21045],[112.06877,-7.20988],[112.06917,-7.20891],[112.06945,-7.20866],[112.06928,-7.20846],[112.06885,-7.20805],[112.068385,-7.20771],[112.06856,-7.207135],[112.068645,-7.2067],[112.06873,-7.20648],[112.068615,-7.206065],[112.068815,-7.20575],[112.068895,-7.20556],[112.06887,-7.20538],[112.06899,-7.20517],[112.06902,-7.20478],[112.06879,-7.20442],[112.06844,-7.20429],[112.06826,-7.20418],[112.0676,-7.20394],[112.06684,-7.20412],[112.0665,-7.20375],[112.06633,-7.20346],[112.06606,-7.2031],[112.06574,-7.20225],[112.06574,-7.20197],[112.06603,-7.20102],[112.0661,-7.20052],[112.06613,-7.20008],[112.06609,-7.19972],[112.06612,-7.19943],[112.0662,-7.19918],[112.06633,-7.19855],[112.0664,-7.19834],[112.06641,-7.19764],[112.06645,-7.19739],[112.06633,-7.19635],[112.0664,-7.19604],[112.06652,-7.1959],[112.06662,-7.19515],[112.0666,-7.19478],[112.06648,-7.19378],[112.06646,-7.19322],[112.06655,-7.19283],[112.06649,-7.19214],[112.0663,-7.19152],[112.06626,-7.19092],[112.06628,-7.19068],[112.06614,-7.19051],[112.06585,-7.19043],[112.06574,-7.19035],[112.0656,-7.19007],[112.06509,-7.18985],[112.0647,-7.18986],[112.06428,-7.18982],[112.06378,-7.18964],[112.06356,-7.1893],[112.06269,-7.18927],[112.06195,-7.18921],[112.06149,-7.18938],[112.06137,-7.18938],[112.06066,-7.18905],[112.06048,-7.189],[112.06045,-7.18871],[112.06035,-7.18851],[112.05973,-7.18797],[112.05934,-7.18769],[112.05915,-7.18728],[112.05916,-7.18708],[112.05906,-7.18677],[112.05912,-7.18644],[112.05897,-7.18596],[112.05911,-7.18557],[112.059,-7.18534],[112.05858,-7.18537],[112.05847,-7.18533],[112.05835,-7.18509],[112.05808,-7.18481],[112.05809,-7.18436],[112.05819,-7.183945],[112.058195,-7.18361],[112.058055,-7.183465],[112.05784,-7.1835],[112.057675,-7.183825],[112.05745,-7.184015],[112.057375,-7.18393],[112.05653,-7.18374],[112.055785,-7.183505],[112.05582,-7.18341],[112.05517,-7.183215],[112.05507,-7.18343],[112.054745,-7.183795],[112.054685,-7.184],[112.05402,-7.18424],[112.053735,-7.18419],[112.05359,-7.18439],[112.053435,-7.184455],[112.053065,-7.184475],[112.05265,-7.184375],[112.05247,-7.18426],[112.052295,-7.18425],[112.05227,-7.1841],[112.05196,-7.184035],[112.051745,-7.184595],[112.051265,-7.185065],[112.050615,-7.185935],[112.05042,-7.1858],[112.05016,-7.185755],[112.04974,-7.18577],[112.04954,-7.18564],[112.049435,-7.185425],[112.049535,-7.185175],[112.0497,-7.185125],[112.050125,-7.184575],[112.05063,-7.18404],[112.050755,-7.18349],[112.051135,-7.18252],[112.051165,-7.18233],[112.05105,-7.18165],[112.05105,-7.1813],[112.05119,-7.18066],[112.0513,-7.1803],[112.05175,-7.17962],[112.05197,-7.17867],[112.05196,-7.17825],[112.05163,-7.17746],[112.05153,-7.17703],[112.05166,-7.17624],[112.05175,-7.17481],[112.051985,-7.17476],[112.05252,-7.174905],[112.053245,-7.17498],[112.05338,-7.174555],[112.053365,-7.17425],[112.05344,-7.173915],[112.053615,-7.173635],[112.05366,-7.173415],[112.053455,-7.173355],[112.053095,-7.173395],[112.05296,-7.17335],[112.05291,-7.17314],[112.05293,-7.172865],[112.052765,-7.17282],[112.052285,-7.172975],[112.051985,-7.17297],[112.051825,-7.17282],[112.05187,-7.17236],[112.05194,-7.17211],[112.0522,-7.17172],[112.05221,-7.17129],[112.0524,-7.17088],[112.05233,-7.17054],[112.05221,-7.17036],[112.05188,-7.16953],[112.05181,-7.16913],[112.05182,-7.16876],[112.05228,-7.16714],[112.05249,-7.16518],[112.05241,-7.164805],[112.052315,-7.164525],[112.052155,-7.16419],[112.05168,-7.16301],[112.05139,-7.1622],[112.051265,-7.161935],[112.05116,-7.161555],[112.050785,-7.160675],[112.050605,-7.16015],[112.05055,-7.16018],[112.05039,-7.16026],[112.04926,-7.16091],[112.048865,-7.160995],[112.047805,-7.161375],[112.046755,-7.16125],[112.04636,-7.161015],[112.046305,-7.160935],[112.04559,-7.16069],[112.044775,-7.16045],[112.04428,-7.160375],[112.04395,-7.16169],[112.0437,-7.16164],[112.043465,-7.162575],[112.043225,-7.162595],[112.04296,-7.162545],[112.042755,-7.162415],[112.04254,-7.162385],[112.042475,-7.16254],[112.042005,-7.16257],[112.041955,-7.162855],[112.04162,-7.16272],[112.04006,-7.162375],[112.03997,-7.16236],[112.039915,-7.162705],[112.03981,-7.16288],[112.03965,-7.16269],[112.03946,-7.16259],[112.03854,-7.16134],[112.03836,-7.16102],[112.0381,-7.16066],[112.03784,-7.16019],[112.03755,-7.1598],[112.0374,-7.15952],[112.03721,-7.15927],[112.03699,-7.15911],[112.03663,-7.15921],[112.03639,-7.15934],[112.03614,-7.15961],[112.0354,-7.16021],[112.03474,-7.16094],[112.03441,-7.16128],[112.03409,-7.16144],[112.03343,-7.16183],[112.03285,-7.16187],[112.03246,-7.16187],[112.03213,-7.16196],[112.03159,-7.16197],[112.03055,-7.16182],[112.02968,-7.16184],[112.02898,-7.16202],[112.02813,-7.16246],[112.02782,-7.1627],[112.02753,-7.16281],[112.02723,-7.16286],[112.02678,-7.163135],[112.026615,-7.16388],[112.02627,-7.1638],[112.02612,-7.16426],[112.026025,-7.16422],[112.02585,-7.16458],[112.02458,-7.1657],[112.02435,-7.16641],[112.024215,-7.166995],[112.023885,-7.168515],[112.023785,-7.168665],[112.02367,-7.168605],[112.021745,-7.16823],[112.02043,-7.167905],[112.02035,-7.16804],[112.01988,-7.16853],[112.01971,-7.16867],[112.0194,-7.16877],[112.018475,-7.168735],[112.01839,-7.16844],[112.017585,-7.168255],[112.0175,-7.168035],[112.01718,-7.16797],[112.01705,-7.167815],[112.016775,-7.167725],[112.016795,-7.16753],[112.016595,-7.167415],[112.01629,-7.167365],[112.01628,-7.167035],[112.01588,-7.166995],[112.01554,-7.16699],[112.015535,-7.166845],[112.015235,-7.166805],[112.01521,-7.16696],[112.014735,-7.166965],[112.014715,-7.166825],[112.01398,-7.166785],[112.01398,-7.167045],[112.01333,-7.166975],[112.013305,-7.1673],[112.012615,-7.167185],[112.01255,-7.16738],[112.01211,-7.167195],[112.011555,-7.1671],[112.01153,-7.167445],[112.01048,-7.16734],[112.010465,-7.16764],[112.00984,-7.16759],[112.00924,-7.1675],[112.00807,-7.167145],[112.007875,-7.16712],[112.00796,-7.16649],[112.00773,-7.16643],[112.007455,-7.166235],[112.00747,-7.165835],[112.00758,-7.16558],[112.006715,-7.165465],[112.00675,-7.16533],[112.00647,-7.165205],[112.006495,-7.16502],[112.00478,-7.164715],[112.004965,-7.16374],[112.005045,-7.163175],[112.005105,-7.163015],[112.00533,-7.163075],[112.005445,-7.16252],[112.00559,-7.162545],[112.005635,-7.162205],[112.00576,-7.162255],[112.00584,-7.162035],[112.005555,-7.16197],[112.005035,-7.161685],[112.00449,-7.16159],[112.004415,-7.16182],[112.004245,-7.161775],[112.004325,-7.16154],[112.003675,-7.16135],[112.003245,-7.161245],[112.00301,-7.162005],[112.002945,-7.162695],[112.00287,-7.163065],[112.002645,-7.1635],[112.002935,-7.163835],[112.00281,-7.164045],[112.002525,-7.163995],[112.002295,-7.164675],[112.001685,-7.16463],[112.001175,-7.164545],[112.000325,-7.1645],[111.99958,-7.164345],[111.999255,-7.16425],[111.99917,-7.164385],[111.998005,-7.164085],[111.997405,-7.163885],[111.99675,-7.163785],[111.996225,-7.163645],[111.99619,-7.163245],[111.995665,-7.163145],[111.99522,-7.16314],[111.995315,-7.16255],[111.994515,-7.162445],[111.994675,-7.161515],[111.99322,-7.16106],[111.99293,-7.161005],[111.99272,-7.16167],[111.99263,-7.16202],[111.99261,-7.16231],[111.99243,-7.16224],[111.99207,-7.16234],[111.989855,-7.16268],[111.989775,-7.162995],[111.989625,-7.163015],[111.98964,-7.163275],[111.989575,-7.163375],[111.98957,-7.16368],[111.98949,-7.163875],[111.9893,-7.16383],[111.989165,-7.16371],[111.988755,-7.16355],[111.988775,-7.163365],[111.98857,-7.16316],[111.98855,-7.16296],[111.988305,-7.16283],[111.98838,-7.16387],[111.98854,-7.16408],[111.98869,-7.16439],[111.98917,-7.164535],[111.98914,-7.164785],[111.98935,-7.164845],[111.989335,-7.16503],[111.98972,-7.165145],[111.98971,-7.165745],[111.988795,-7.1655],[111.987865,-7.16531],[111.987455,-7.16516],[111.987155,-7.16514],[111.98661,-7.16505],[111.986355,-7.1653],[111.98603,-7.16531],[111.985855,-7.166185],[111.985695,-7.166765],[111.98542,-7.168125],[111.985105,-7.16821],[111.984655,-7.170485],[111.98533,-7.17057],[111.98686,-7.170895],[111.989145,-7.1714],[111.98921,-7.172115],[111.98932,-7.172515],[111.98931,-7.17315],[111.98992,-7.17328],[111.98987,-7.17386],[111.990825,-7.174115],[111.991095,-7.17412],[111.99107,-7.1743],[111.99169,-7.174345],[111.99213,-7.174405],[111.992105,-7.17468],[111.992245,-7.17486],[111.9922,-7.17508],[111.99223,-7.175355],[111.99236,-7.175595],[111.992345,-7.17586],[111.99247,-7.17608],[111.992485,-7.176365],[111.99243,-7.17663],[111.99276,-7.1767],[111.99276,-7.1769],[111.992865,-7.17695],[111.99336,-7.17693],[111.993385,-7.17711],[111.99317,-7.17751],[111.99305,-7.17782],[111.993155,-7.17801],[111.993385,-7.178165],[111.99319,-7.17895],[111.99326,-7.17936],[111.99342,-7.17956],[111.99362,-7.17993],[111.99381,-7.18015],[111.99427,-7.181],[111.99347,-7.18131],[111.99262,-7.1817],[111.9922,-7.18185],[111.99173,-7.18205],[111.99021,-7.18263],[111.98947,-7.18294],[111.98796,-7.18345],[111.98748,-7.18363],[111.9864,-7.18407],[111.98618,-7.18418],[111.9853,-7.18452],[111.98498,-7.18466],[111.98529,-7.18545],[111.985255,-7.18584],[111.9851,-7.186105],[111.985045,-7.18641],[111.98494,-7.186595],[111.98469,-7.186865],[111.98406,-7.1872],[111.98379,-7.187475],[111.98384,-7.187735],[111.98431,-7.188205],[111.9846,-7.188315],[111.9847,-7.188475],[111.98466,-7.18868],[111.98448,-7.188795],[111.98423,-7.18881],[111.983945,-7.18858],[111.983745,-7.18859],[111.983615,-7.1887],[111.983495,-7.188915],[111.983375,-7.189305],[111.983365,-7.189445],[111.98347,-7.189615],[111.983755,-7.18976],[111.983905,-7.190045],[111.983885,-7.190465],[111.9837,-7.19128],[111.983525,-7.191555],[111.98331,-7.19168],[111.98314,-7.1919],[111.98318,-7.19207],[111.98369,-7.19251],[111.98404,-7.19263],[111.984395,-7.19256],[111.984565,-7.19269],[111.98459,-7.19298],[111.98554,-7.19308],[111.9863,-7.19345],[111.98655,-7.19416],[111.986385,-7.195345],[111.986085,-7.196235],[111.98584,-7.19662],[111.98572,-7.197765],[111.986325,-7.197905],[111.98626,-7.198155],[111.98671,-7.19827],[111.98664,-7.198715],[111.986045,-7.198585],[111.986065,-7.198475],[111.985435,-7.198325],[111.985425,-7.19839],[111.98498,-7.19832],[111.98404,-7.19826],[111.98386,-7.198325],[111.983725,-7.19847],[111.983935,-7.198815],[111.98405,-7.1992],[111.984065,-7.19955],[111.98383,-7.199795],[111.983505,-7.199785],[111.9829,-7.19949],[111.982645,-7.199555],[111.98247,-7.19972],[111.98239,-7.19995],[111.982285,-7.20055],[111.98284,-7.20044],[111.98315,-7.20046],[111.98335,-7.20057],[111.98378,-7.20107],[111.983965,-7.20144],[111.984185,-7.20175],[111.98457,-7.201965],[111.984855,-7.20225],[111.984965,-7.2025],[111.98495,-7.203025],[111.98463,-7.20379],[111.9845,-7.20418],[111.98432,-7.20489],[111.9843,-7.20533],[111.985335,-7.205685],[111.985865,-7.205825],[111.98653,-7.205935],[111.98765,-7.20617],[111.988155,-7.20632],[111.989695,-7.20683],[111.99044,-7.20719],[111.990445,-7.20734],[111.990775,-7.207545],[111.99105,-7.20764],[111.991705,-7.207815],[111.991395,-7.2088],[111.991345,-7.20903],[111.99088,-7.210515],[111.990605,-7.211475],[111.99039,-7.212115],[111.990215,-7.212745],[111.989725,-7.214305],[111.989575,-7.21522],[111.989265,-7.21727],[111.98906,-7.2186],[111.992125,-7.21964],[111.993455,-7.220075],[111.99378,-7.22033],[111.99515,-7.22151],[111.995515,-7.221675],[111.996305,-7.22179],[111.996055,-7.22274],[111.99684,-7.222965],[111.99659,-7.223965],[111.99747,-7.224205],[111.99739,-7.224535],[111.997925,-7.22468],[111.99803,-7.224855],[111.998235,-7.22487],[111.99822,-7.225415],[111.998625,-7.22545],[111.998615,-7.22575],[111.998735,-7.225915],[111.99853,-7.22614],[111.998605,-7.226415],[111.99845,-7.22687],[111.99846,-7.22702],[111.998925,-7.22713],[111.99977,-7.22725],[112.000185,-7.22726],[112.00309,-7.22776],[112.00355,-7.227705],[112.00371,-7.228775],[112.003725,-7.22902],[112.0039,-7.23011],[112.0039,-7.230525],[112.00385,-7.23106],[112.0045,-7.23179],[112.00464,-7.23201],[112.00485,-7.23279],[112.00503,-7.23321],[112.00515,-7.23358],[112.00534,-7.23438],[112.00539,-7.23472],[112.00536,-7.23498],[112.00494,-7.23562],[112.00463,-7.23616],[112.00403,-7.23714],[112.00366,-7.23793],[112.00303,-7.23884],[112.0027,-7.23921]]]}},{"type":"Feature","properties":{"nama":"Tambakrejo"},"geometry":{"type":"Polygon","coordinates":[[[111.55481,-7.35886],[111.554995,-7.358905],[111.555185,-7.359065],[111.555405,-7.358815],[111.555915,-7.358885],[111.556505,-7.359315],[111.556985,-7.359595],[111.557815,-7.35998],[111.55815,-7.36019],[111.558515,-7.360055],[111.559005,-7.359935],[111.559515,-7.35971],[111.559845,-7.35961],[111.56009,-7.35949],[111.560235,-7.35936],[111.560815,-7.359965],[111.561135,-7.35945],[111.56122,-7.35921],[111.56128,-7.358695],[111.561265,-7.35835],[111.562065,-7.35781],[111.56241,-7.35762],[111.562815,-7.35755],[111.56317,-7.3576],[111.563665,-7.357775],[111.56395,-7.35795],[111.564585,-7.358465],[111.564895,-7.35875],[111.565645,-7.359215],[111.566345,-7.35981],[111.566475,-7.35995],[111.56665,-7.359565],[111.56703,-7.35826],[111.56713,-7.35784],[111.567115,-7.357565],[111.5672,-7.35684],[111.567125,-7.35635],[111.56719,-7.355795],[111.56714,-7.35531],[111.56756,-7.355305],[111.568475,-7.354895],[111.56926,-7.35451],[111.56949,-7.354335],[111.569695,-7.353975],[111.56993,-7.35342],[111.570245,-7.353055],[111.57054,-7.35279],[111.57132,-7.352435],[111.571755,-7.35219],[111.571955,-7.35202],[111.572145,-7.35172],[111.57226,-7.35141],[111.572465,-7.350655],[111.572645,-7.35014],[111.57354,-7.3496],[111.574305,-7.34898],[111.57454,-7.348855],[111.574915,-7.34856],[111.57563,-7.34979],[111.575845,-7.350045],[111.57602,-7.350175],[111.576515,-7.35039],[111.576845,-7.35042],[111.577035,-7.35052],[111.577345,-7.35128],[111.577475,-7.35146],[111.57863,-7.35248],[111.578805,-7.352675],[111.57904,-7.353285],[111.57934,-7.35412],[111.57947,-7.35429],[111.58014,-7.354705],[111.58059,-7.354875],[111.580865,-7.354915],[111.581175,-7.354855],[111.58161,-7.3547],[111.581625,-7.354465],[111.58174,-7.35405],[111.581885,-7.353785],[111.582075,-7.353565],[111.582625,-7.353125],[111.582915,-7.352975],[111.583335,-7.35292],[111.58349,-7.352935],[111.584275,-7.35352],[111.584755,-7.353855],[111.585685,-7.354355],[111.58602,-7.354505],[111.586205,-7.354625],[111.58702,-7.35497],[111.587425,-7.355175],[111.589045,-7.355895],[111.589425,-7.35608],[111.590415,-7.356515],[111.59104,-7.356745],[111.591665,-7.357065],[111.591835,-7.3572],[111.592025,-7.35747],[111.592445,-7.358705],[111.592545,-7.358925],[111.59273,-7.35911],[111.593055,-7.359245],[111.5935,-7.359265],[111.59403,-7.359225],[111.5943,-7.358985],[111.59472,-7.358685],[111.59484,-7.35863],[111.5954,-7.358655],[111.596245,-7.358935],[111.59699,-7.35924],[111.597375,-7.35948],[111.597555,-7.35973],[111.597925,-7.36061],[111.59835,-7.36093],[111.59887,-7.361095],[111.600485,-7.361375],[111.600595,-7.361445],[111.60187,-7.36276],[111.602255,-7.36307],[111.602975,-7.363425],[111.60338,-7.363425],[111.604675,-7.36347],[111.604935,-7.36362],[111.60527,-7.363885],[111.60597,-7.36434],[111.60621,-7.36464],[111.606375,-7.365505],[111.606575,-7.365935],[111.60697,-7.36651],[111.60727,-7.366765],[111.60801,-7.367145],[111.609025,-7.367355],[111.609665,-7.36759],[111.61009,-7.367845],[111.610275,-7.368055],[111.61045,-7.36835],[111.61052,-7.368605],[111.61054,-7.36906],[111.61062,-7.369695],[111.61072,-7.369975],[111.611115,-7.37051],[111.61148,-7.370735],[111.612005,-7.370855],[111.61222,-7.370805],[111.612535,-7.370595],[111.612725,-7.370375],[111.61312,-7.3701],[111.613785,-7.369805],[111.614045,-7.36964],[111.6148,-7.36933],[111.61512,-7.369105],[111.61536,-7.368805],[111.615615,-7.368365],[111.615775,-7.36816],[111.616075,-7.36795],[111.616505,-7.367885],[111.616865,-7.367965],[111.617685,-7.36826],[111.618065,-7.368245],[111.61911,-7.368095],[111.619645,-7.36809],[111.62055,-7.36818],[111.621275,-7.36822],[111.62232,-7.3683],[111.623025,-7.368515],[111.62314,-7.368565],[111.623505,-7.369005],[111.624055,-7.369275],[111.624275,-7.36929],[111.62489,-7.36926],[111.62513,-7.369175],[111.62522,-7.368875],[111.625225,-7.36869],[111.62514,-7.368255],[111.625015,-7.368025],[111.624975,-7.36769],[111.625025,-7.36751],[111.625045,-7.367105],[111.62503,-7.366755],[111.62518,-7.366375],[111.62516,-7.36593],[111.62509,-7.36571],[111.6252,-7.36543],[111.62517,-7.365325],[111.62525,-7.36508],[111.625435,-7.364865],[111.6255,-7.36466],[111.625635,-7.3645],[111.625825,-7.364435],[111.62626,-7.364165],[111.62672,-7.364065],[111.627,-7.364145],[111.627215,-7.36409],[111.62762,-7.363745],[111.627945,-7.36355],[111.62813,-7.36352],[111.62842,-7.363215],[111.62873,-7.363035],[111.628935,-7.36272],[111.6289,-7.36242],[111.62906,-7.36207],[111.629285,-7.36182],[111.629995,-7.36127],[111.630795,-7.36144],[111.63093,-7.36151],[111.63109,-7.361805],[111.631235,-7.361925],[111.63164,-7.36207],[111.63213,-7.36202],[111.63243,-7.36182],[111.632725,-7.36177],[111.633425,-7.361195],[111.63356,-7.361035],[111.63363,-7.36081],[111.6337,-7.360215],[111.633835,-7.359685],[111.63386,-7.359455],[111.634005,-7.358675],[111.63394,-7.35852],[111.63437,-7.35846],[111.63548,-7.35847],[111.63742,-7.35851],[111.6383,-7.35851],[111.63912,-7.35845],[111.64007,-7.35822],[111.6412,-7.35797],[111.64248,-7.35744],[111.64457,-7.35669],[111.64559,-7.35637],[111.64673,-7.35615],[111.6479,-7.35578],[111.64964,-7.35508],[111.65099,-7.35468],[111.65226,-7.35441],[111.65329,-7.35429],[111.654,-7.35412],[111.65482,-7.35379],[111.65567,-7.35338],[111.65812,-7.35251],[111.65949,-7.35194],[111.66017,-7.35158],[111.66124,-7.35096],[111.66227,-7.35041],[111.66454,-7.34927],[111.66502,-7.34892],[111.66556,-7.34856],[111.6657,-7.34852],[111.66694,-7.34781],[111.66768,-7.34714],[111.67028,-7.34539],[111.6711,-7.34485],[111.67179,-7.3445],[111.67252,-7.34431],[111.67343,-7.34399],[111.67443,-7.34356],[111.67525,-7.34311],[111.67634,-7.34245],[111.67701,-7.34201],[111.67807,-7.34135],[111.67889,-7.3408],[111.68006,-7.33992],[111.68019,-7.33989],[111.68098,-7.33953],[111.68225,-7.33878],[111.68327,-7.33827],[111.68464,-7.33799],[111.68754,-7.33709],[111.68896,-7.33674],[111.68975,-7.3366],[111.69072,-7.33651],[111.69389,-7.33635],[111.69412,-7.33623],[111.69451,-7.3358],[111.69481,-7.33568],[111.69521,-7.3359],[111.69541,-7.33584],[111.69552,-7.33546],[111.69581,-7.33492],[111.69577,-7.3348],[111.69549,-7.33448],[111.69531,-7.33435],[111.69522,-7.33386],[111.69507,-7.33375],[111.69456,-7.33376],[111.69438,-7.33366],[111.69435,-7.33353],[111.69442,-7.33314],[111.69455,-7.33291],[111.69478,-7.33276],[111.69492,-7.33278],[111.69557,-7.33301],[111.69578,-7.33306],[111.69601,-7.33294],[111.69613,-7.33252],[111.69609,-7.33181],[111.69604,-7.33161],[111.69565,-7.33091],[111.69573,-7.33056],[111.69588,-7.33043],[111.69596,-7.33015],[111.69591,-7.32995],[111.69546,-7.32942],[111.69541,-7.32921],[111.69554,-7.32895],[111.69573,-7.32882],[111.69639,-7.32845],[111.69665,-7.32823],[111.69677,-7.32806],[111.69687,-7.32774],[111.69702,-7.32754],[111.69727,-7.32755],[111.69747,-7.32763],[111.69803,-7.32819],[111.69814,-7.32823],[111.69849,-7.32811],[111.69858,-7.32795],[111.69867,-7.32764],[111.69891,-7.32702],[111.69883,-7.32689],[111.69876,-7.32653],[111.6988,-7.32601],[111.69876,-7.32543],[111.69876,-7.32487],[111.69881,-7.32378],[111.69882,-7.32324],[111.69869,-7.32188],[111.69844,-7.32061],[111.69817,-7.31969],[111.69797,-7.31896],[111.6978,-7.31816],[111.69796,-7.31747],[111.69777,-7.31725],[111.69771,-7.3171],[111.69764,-7.31633],[111.69765,-7.31604],[111.69775,-7.31564],[111.69787,-7.31548],[111.69852,-7.3148],[111.69865,-7.31458],[111.69943,-7.31341],[111.69971,-7.31317],[111.69966,-7.3129],[111.69933,-7.31241],[111.69927,-7.31218],[111.69936,-7.31178],[111.69974,-7.31134],[111.69965,-7.31094],[111.69956,-7.31023],[111.69937,-7.30893],[111.69927,-7.30836],[111.69908,-7.30758],[111.699,-7.30691],[111.69888,-7.30609],[111.69879,-7.30535],[111.69866,-7.30483],[111.69834,-7.30375],[111.69803,-7.30322],[111.69672,-7.30277],[111.69655,-7.30225],[111.69624,-7.302],[111.69622,-7.30148],[111.69607,-7.301],[111.69615,-7.30092],[111.6963,-7.30054],[111.69643,-7.30047],[111.69652,-7.30028],[111.69672,-7.30018],[111.69683,-7.30005],[111.69673,-7.29964],[111.69711,-7.2988],[111.69728,-7.29854],[111.69739,-7.29804],[111.69774,-7.29782],[111.69808,-7.29779],[111.69847,-7.29726],[111.6992,-7.29717],[111.6994,-7.29686],[111.69942,-7.29667],[111.69937,-7.29647],[111.69895,-7.29608],[111.6989,-7.29596],[111.69917,-7.29563],[111.69959,-7.29544],[111.69986,-7.29541],[111.70004,-7.29533],[111.70013,-7.29517],[111.70025,-7.2947],[111.7004,-7.29446],[111.7005,-7.29384],[111.70059,-7.29369],[111.701,-7.29319],[111.70113,-7.29297],[111.70116,-7.29266],[111.70111,-7.29235],[111.701,-7.29215],[111.70031,-7.29176],[111.70013,-7.29144],[111.7001,-7.29102],[111.69996,-7.29063],[111.69994,-7.29001],[111.70022,-7.28928],[111.70033,-7.28928],[111.70113,-7.28945],[111.70138,-7.28937],[111.70189,-7.28915],[111.70295,-7.28901],[111.70324,-7.28857],[111.7039,-7.28837],[111.70444,-7.28809],[111.70498,-7.28784],[111.70521,-7.28758],[111.70515,-7.2874],[111.70519,-7.28708],[111.70512,-7.28696],[111.70474,-7.28662],[111.70476,-7.28648],[111.70511,-7.2858],[111.70548,-7.28538],[111.70585,-7.28507],[111.70618,-7.28473],[111.70603,-7.28452],[111.70623,-7.28408],[111.70628,-7.2839],[111.70718,-7.28376],[111.70773,-7.2838],[111.708,-7.28325],[111.7081,-7.28317],[111.70862,-7.28306],[111.70922,-7.2827],[111.70988,-7.28224],[111.71052,-7.28168],[111.71109,-7.28125],[111.71146,-7.28103],[111.71196,-7.28102],[111.71241,-7.28111],[111.71287,-7.28115],[111.71366,-7.28117],[111.71462,-7.28126],[111.71542,-7.28125],[111.71621,-7.28122],[111.71678,-7.28115],[111.71751,-7.28136],[111.71778,-7.28138],[111.71815,-7.28132],[111.71936,-7.28105],[111.72002,-7.28094],[111.72036,-7.28085],[111.72084,-7.28063],[111.72209,-7.27999],[111.722175,-7.280165],[111.722635,-7.28021],[111.72279,-7.2808],[111.722595,-7.28129],[111.722775,-7.281545],[111.722975,-7.28175],[111.72316,-7.28186],[111.72337,-7.281865],[111.72339,-7.28158],[111.723565,-7.28144],[111.72382,-7.281385],[111.72385,-7.28132],[111.7242,-7.281355],[111.724735,-7.28133],[111.724905,-7.28121],[111.72501,-7.280725],[111.725275,-7.28078],[111.72546,-7.2807],[111.725705,-7.28032],[111.725755,-7.28004],[111.725885,-7.27993],[111.72596,-7.27976],[111.726195,-7.278955],[111.72549,-7.278905],[111.725205,-7.27886],[111.72488,-7.278705],[111.72476,-7.27855],[111.724775,-7.278365],[111.725085,-7.278195],[111.72528,-7.27802],[111.72574,-7.27738],[111.725855,-7.277035],[111.725855,-7.276865],[111.72569,-7.276315],[111.72566,-7.27579],[111.725785,-7.27552],[111.72578,-7.274925],[111.72581,-7.27456],[111.725885,-7.274275],[111.72607,-7.273855],[111.72608,-7.27325],[111.725855,-7.27286],[111.724675,-7.272055],[111.724615,-7.271725],[111.724535,-7.271575],[111.72439,-7.27156],[111.723855,-7.271635],[111.723645,-7.271705],[111.723185,-7.271935],[111.722865,-7.27203],[111.722445,-7.27209],[111.7222,-7.27208],[111.721765,-7.271955],[111.72139,-7.27174],[111.72133,-7.27164],[111.72123,-7.2711],[111.721045,-7.27045],[111.721055,-7.270345],[111.72138,-7.270175],[111.72201,-7.270345],[111.722345,-7.270495],[111.72292,-7.270815],[111.72315,-7.27089],[111.723355,-7.270865],[111.723615,-7.27053],[111.72373,-7.26984],[111.723725,-7.26945],[111.72354,-7.269315],[111.723225,-7.2693],[111.722945,-7.269235],[111.72252,-7.26901],[111.722105,-7.2689],[111.721845,-7.26891],[111.721515,-7.26885],[111.721115,-7.26908],[111.72102,-7.269205],[111.72111,-7.269695],[111.721005,-7.269935],[111.720805,-7.270075],[111.720445,-7.27019],[111.72014,-7.270195],[111.719845,-7.270115],[111.719765,-7.269955],[111.7198,-7.269725],[111.71996,-7.26939],[111.72028,-7.268875],[111.72023,-7.268665],[111.720085,-7.26851],[111.719865,-7.268435],[111.719445,-7.268425],[111.718845,-7.26857],[111.718625,-7.268485],[111.71861,-7.26837],[111.718825,-7.268195],[111.719005,-7.26819],[111.71912,-7.268095],[111.719165,-7.26791],[111.719075,-7.267675],[111.71908,-7.267415],[111.718985,-7.267145],[111.71881,-7.26694],[111.718765,-7.26679],[111.71879,-7.266335],[111.718785,-7.265405],[111.718685,-7.26482],[111.718555,-7.26472],[111.7183,-7.264755],[111.717985,-7.26459],[111.717755,-7.26455],[111.7171,-7.264815],[111.716815,-7.26464],[111.71677,-7.26435],[111.716865,-7.26417],[111.71705,-7.263995],[111.717315,-7.26387],[111.71755,-7.26356],[111.717575,-7.26342],[111.7174,-7.262705],[111.7173,-7.26259],[111.717055,-7.262445],[111.716925,-7.262225],[111.71689,-7.261985],[111.71708,-7.26142],[111.71704,-7.261125],[111.716915,-7.261015],[111.716755,-7.261],[111.71602,-7.261135],[111.715775,-7.26108],[111.715515,-7.260895],[111.71549,-7.26063],[111.715675,-7.26031],[111.71581,-7.26015],[111.716395,-7.25967],[111.716695,-7.259595],[111.717045,-7.259445],[111.717615,-7.25943],[111.7178,-7.25917],[111.7177,-7.258905],[111.717575,-7.258795],[111.71724,-7.258685],[111.717155,-7.258525],[111.717,-7.258415],[111.71634,-7.25836],[111.71619,-7.258375],[111.715765,-7.258525],[111.71549,-7.258345],[111.715135,-7.25826],[111.715045,-7.25816],[111.714905,-7.257815],[111.71472,-7.257715],[111.714375,-7.25767],[111.71422,-7.257765],[111.714105,-7.25795],[111.7141,-7.2581],[111.71428,-7.25844],[111.714295,-7.25866],[111.71422,-7.2589],[111.714005,-7.259155],[111.713925,-7.25953],[111.713815,-7.25972],[111.713535,-7.259925],[111.713105,-7.26004],[111.71251,-7.260055],[111.71223,-7.260165],[111.71213,-7.260265],[111.71181,-7.26083],[111.711595,-7.26097],[111.71114,-7.26101],[111.710955,-7.26116],[111.710695,-7.26114],[111.71056,-7.26083],[111.710505,-7.26046],[111.71081,-7.25993],[111.712135,-7.25873],[111.71224,-7.258545],[111.712345,-7.257335],[111.71231,-7.257095],[111.7122,-7.256795],[111.71198,-7.25635],[111.711665,-7.255815],[111.71144,-7.25564],[111.710875,-7.25546],[111.7105,-7.255425],[111.70945,-7.25544],[111.70922,-7.255375],[111.70891,-7.255135],[111.708715,-7.2549],[111.70857,-7.254595],[111.708575,-7.254345],[111.708735,-7.254],[111.708945,-7.253755],[111.70913,-7.25362],[111.710205,-7.25304],[111.710475,-7.25297],[111.71054,-7.252895],[111.710575,-7.252625],[111.71055,-7.252225],[111.710425,-7.25172],[111.71038,-7.251205],[111.710295,-7.25087],[111.71017,-7.250665],[111.70995,-7.250575],[111.7094,-7.25081],[111.70908,-7.25086],[111.70883,-7.250755],[111.7086,-7.25051],[111.70854,-7.25029],[111.70854,-7.249995],[111.70863,-7.24975],[111.70879,-7.249515],[111.70948,-7.24865],[111.709595,-7.248305],[111.70949,-7.24801],[111.70835,-7.24772],[111.70754,-7.24755],[111.70637,-7.24759],[111.70522,-7.24756],[111.702,-7.24725],[111.70066,-7.24738],[111.69915,-7.2475],[111.6976,-7.24768],[111.6961,-7.24793],[111.69498,-7.24802],[111.69406,-7.24813],[111.69255,-7.24789],[111.69249,-7.24803],[111.69224,-7.24819],[111.69172,-7.24842],[111.69162,-7.24868],[111.69157,-7.24899],[111.69136,-7.2492],[111.69077,-7.24951],[111.69077,-7.24977],[111.69066,-7.25014],[111.69077,-7.25033],[111.69126,-7.25048],[111.69127,-7.25072],[111.69034,-7.25149],[111.69012,-7.25164],[111.68962,-7.25165],[111.68949,-7.25176],[111.6893,-7.25231],[111.68884,-7.25279],[111.68854,-7.25306],[111.68825,-7.25327],[111.68792,-7.25373],[111.68757,-7.25397],[111.68748,-7.25424],[111.68752,-7.25478],[111.68741,-7.25496],[111.68716,-7.25516],[111.68702,-7.25535],[111.68687,-7.25612],[111.68663,-7.25657],[111.68663,-7.25682],[111.68681,-7.25715],[111.68683,-7.25727],[111.68668,-7.25751],[111.68635,-7.2578],[111.68622,-7.25797],[111.68615,-7.2582],[111.68638,-7.25877],[111.6864,-7.25891],[111.68621,-7.2593],[111.68624,-7.25955],[111.68617,-7.25996],[111.68651,-7.26086],[111.68656,-7.26105],[111.68645,-7.26152],[111.68644,-7.26171],[111.68654,-7.26196],[111.68656,-7.26243],[111.68688,-7.26269],[111.687,-7.26291],[111.68702,-7.26331],[111.68721,-7.26394],[111.68742,-7.26535],[111.68694,-7.26553],[111.68667,-7.26567],[111.68621,-7.266],[111.68571,-7.26623],[111.68,-7.26811],[111.67701,-7.26899],[111.67279,-7.26926],[111.67278,-7.26893],[111.67288,-7.26847],[111.67309,-7.26794],[111.67332,-7.26744],[111.67341,-7.26714],[111.67344,-7.26684],[111.67335,-7.26654],[111.67301,-7.26617],[111.6717,-7.26586],[111.67123,-7.26568],[111.67105,-7.26552],[111.67089,-7.26519],[111.67079,-7.26488],[111.67043,-7.26341],[111.67034,-7.26281],[111.67036,-7.26241],[111.67059,-7.26186],[111.67117,-7.26099],[111.67133,-7.26068],[111.67141,-7.26015],[111.67136,-7.25994],[111.67121,-7.25966],[111.6707,-7.25933],[111.67043,-7.2591],[111.67001,-7.2586],[111.6695,-7.25778],[111.66931,-7.25751],[111.66901,-7.25697],[111.66888,-7.25604],[111.66877,-7.25554],[111.66857,-7.25505],[111.66811,-7.2544],[111.66777,-7.25395],[111.66749,-7.2535],[111.66723,-7.25293],[111.6672,-7.25256],[111.66725,-7.25201],[111.6676,-7.25],[111.66781,-7.24874],[111.66738,-7.24813],[111.66684,-7.24748],[111.66613,-7.24685],[111.66518,-7.24606],[111.66421,-7.24545],[111.66327,-7.24507],[111.66185,-7.24468],[111.66154,-7.24467],[111.65972,-7.24415],[111.65939,-7.24399],[111.65919,-7.24381],[111.65841,-7.24353],[111.65714,-7.24304],[111.65588,-7.24262],[111.654825,-7.2423],[111.65425,-7.242235],[111.653485,-7.24229],[111.652895,-7.242515],[111.652185,-7.24283],[111.650315,-7.24449],[111.649575,-7.24505],[111.64893,-7.24556],[111.64796,-7.24587],[111.64722,-7.24607],[111.64692,-7.24603],[111.64662,-7.24608],[111.6454,-7.24659],[111.64507,-7.24669],[111.64429,-7.24667],[111.64384,-7.24681],[111.64322,-7.24722],[111.64292,-7.24737],[111.64273,-7.24742],[111.64248,-7.24738],[111.6417,-7.24711],[111.64116,-7.24679],[111.64087,-7.24654],[111.64048,-7.24613],[111.63999,-7.24544],[111.6395,-7.24454],[111.6393,-7.24364],[111.63918,-7.2428],[111.63909,-7.24057],[111.63907,-7.23943],[111.63909,-7.23836],[111.63906,-7.23761],[111.63871,-7.23659],[111.63822,-7.23636],[111.63733,-7.23642],[111.63592,-7.23618],[111.63538,-7.23613],[111.635,-7.23605],[111.63463,-7.23602],[111.63421,-7.2361],[111.63395,-7.23606],[111.63338,-7.23591],[111.63248,-7.23572],[111.63233,-7.23526],[111.63233,-7.23475],[111.63213,-7.23445],[111.63208,-7.23405],[111.63198,-7.23395],[111.63157,-7.23395],[111.63152,-7.23386],[111.63149,-7.23347],[111.631,-7.23307],[111.63109,-7.23268],[111.63146,-7.23248],[111.63152,-7.23205],[111.632,-7.23131],[111.63205,-7.23019],[111.632,-7.22964],[111.63179,-7.22914],[111.63184,-7.22893],[111.63201,-7.22854],[111.63173,-7.22769],[111.63172,-7.22748],[111.63146,-7.22714],[111.63143,-7.22698],[111.63145,-7.22664],[111.63152,-7.2265],[111.63172,-7.22631],[111.63192,-7.22602],[111.63271,-7.22575],[111.63275,-7.22564],[111.63256,-7.22542],[111.6322,-7.22535],[111.63206,-7.22519],[111.63195,-7.22517],[111.63159,-7.22525],[111.63095,-7.225125],[111.630995,-7.22449],[111.63115,-7.22434],[111.6311,-7.22407],[111.63072,-7.22401],[111.63069,-7.22363],[111.63058,-7.22355],[111.630365,-7.22358],[111.63033,-7.223305],[111.63016,-7.223255],[111.63015,-7.22292],[111.62992,-7.22261],[111.6299,-7.22244],[111.63015,-7.22194],[111.63007,-7.22177],[111.62969,-7.22143],[111.62945,-7.22099],[111.6293,-7.22079],[111.62916,-7.22039],[111.62921,-7.22023],[111.62958,-7.21977],[111.62963,-7.21965],[111.62949,-7.21887],[111.62952,-7.21807],[111.62914,-7.21767],[111.62902,-7.21731],[111.62925,-7.21678],[111.62943,-7.21629],[111.62944,-7.21618],[111.62907,-7.2157],[111.62934,-7.215385],[111.629485,-7.21542],[111.62963,-7.21536],[111.629595,-7.21501],[111.629165,-7.214795],[111.628445,-7.2146],[111.62832,-7.2142],[111.62811,-7.213985],[111.62746,-7.213995],[111.62721,-7.214195],[111.62708,-7.21413],[111.62675,-7.21371],[111.62627,-7.21333],[111.62624,-7.21302],[111.62612,-7.21276],[111.62604,-7.21247],[111.62512,-7.21148],[111.62452,-7.21079],[111.62424,-7.21061],[111.62388,-7.21062],[111.62369,-7.21094],[111.62351,-7.2106],[111.62333,-7.21071],[111.62335,-7.21119],[111.62353,-7.21148],[111.62361,-7.21187],[111.623545,-7.21203],[111.623755,-7.21254],[111.623565,-7.212695],[111.62304,-7.212815],[111.62293,-7.213],[111.62262,-7.21327],[111.62222,-7.21336],[111.62191,-7.213225],[111.62197,-7.212975],[111.621665,-7.212675],[111.621565,-7.21251],[111.621435,-7.2125],[111.62125,-7.212635],[111.62092,-7.212705],[111.620855,-7.212885],[111.621155,-7.21313],[111.62146,-7.21344],[111.62153,-7.21377],[111.62142,-7.21396],[111.621135,-7.21418],[111.6211,-7.21429],[111.62118,-7.21452],[111.621375,-7.21449],[111.62143,-7.21459],[111.62144,-7.21504],[111.62129,-7.21526],[111.62088,-7.21553],[111.62083,-7.21561],[111.62098,-7.21599],[111.62097,-7.21616],[111.62073,-7.21673],[111.62068,-7.21627],[111.61985,-7.21599],[111.619,-7.21574],[111.6181,-7.21544],[111.61684,-7.21519],[111.6166,-7.21516],[111.616115,-7.21518],[111.61581,-7.21527],[111.614465,-7.215735],[111.613315,-7.216185],[111.61246,-7.21645],[111.61201,-7.21656],[111.611805,-7.21654],[111.61156,-7.217235],[111.611235,-7.21771],[111.610925,-7.21839],[111.610755,-7.21871],[111.610515,-7.21887],[111.609645,-7.21968],[111.608915,-7.219715],[111.60863,-7.21968],[111.60798,-7.219675],[111.606505,-7.219735],[111.60557,-7.21988],[111.60549,-7.21993],[111.60226,-7.220385],[111.60118,-7.220285],[111.600305,-7.220215],[111.599925,-7.22025],[111.59975,-7.22039],[111.599855,-7.22067],[111.59989,-7.22091],[111.60017,-7.221365],[111.60038,-7.22157],[111.60052,-7.22185],[111.600625,-7.222165],[111.60066,-7.22279],[111.600855,-7.223265],[111.600955,-7.22414],[111.600955,-7.22454],[111.60089,-7.22525],[111.60076,-7.225745],[111.60018,-7.226145],[111.599995,-7.22616],[111.597775,-7.22684],[111.59743,-7.227175],[111.59723,-7.22744],[111.597025,-7.227825],[111.596735,-7.228185],[111.59607,-7.228535],[111.59558,-7.228925],[111.5946,-7.230045],[111.59435,-7.23011],[111.593895,-7.230295],[111.5935,-7.23039],[111.593105,-7.230245],[111.59295,-7.23024],[111.59256,-7.230315],[111.59231,-7.230265],[111.592165,-7.22969],[111.592055,-7.22946],[111.591665,-7.22906],[111.59145,-7.22899],[111.59115,-7.22904],[111.59102,-7.22914],[111.59092,-7.2299],[111.59081,-7.23009],[111.59049,-7.22998],[111.59001,-7.22911],[111.58975,-7.22878],[111.58948,-7.22857],[111.589265,-7.228555],[111.58918,-7.2306],[111.589675,-7.230685],[111.590445,-7.231125],[111.59125,-7.23174],[111.59135,-7.23187],[111.5908,-7.232525],[111.59087,-7.232815],[111.590835,-7.23298],[111.59118,-7.23355],[111.591015,-7.23377],[111.59097,-7.23395],[111.590965,-7.234265],[111.591015,-7.23495],[111.591065,-7.23522],[111.591215,-7.23549],[111.59122,-7.23589],[111.59128,-7.236025],[111.59153,-7.237815],[111.591285,-7.238215],[111.590895,-7.238455],[111.59082,-7.23854],[111.59088,-7.238995],[111.591265,-7.23915],[111.59122,-7.239475],[111.5909,-7.240015],[111.59077,-7.24036],[111.590395,-7.240885],[111.58999,-7.24151],[111.589695,-7.24216],[111.58923,-7.24336],[111.58907,-7.24394],[111.589015,-7.244515],[111.58905,-7.245665],[111.588955,-7.24657],[111.589115,-7.247815],[111.589225,-7.24838],[111.5894,-7.248915],[111.58955,-7.249455],[111.58959,-7.25],[111.58953,-7.25048],[111.590015,-7.25084],[111.59108,-7.25144],[111.59178,-7.251745],[111.592265,-7.251985],[111.59278,-7.25218],[111.59268,-7.25253],[111.59264,-7.25292],[111.59266,-7.253115],[111.5929,-7.253355],[111.59354,-7.25463],[111.59353,-7.25477],[111.59331,-7.25514],[111.593,-7.25588],[111.59289,-7.25609],[111.59246,-7.25619],[111.59231,-7.25626],[111.59213,-7.25647],[111.59171,-7.25745],[111.59143,-7.25795],[111.59103,-7.25876],[111.59085,-7.25954],[111.59051,-7.26075],[111.59043,-7.26096],[111.59002,-7.26139],[111.5893,-7.26235],[111.58875,-7.26268],[111.58804,-7.26334],[111.58759,-7.26333],[111.58741,-7.26337],[111.58724,-7.26349],[111.5867,-7.26377],[111.58646,-7.26395],[111.5861,-7.26399],[111.5858,-7.26423],[111.58532,-7.26454],[111.58489,-7.26493],[111.58443,-7.26541],[111.5841,-7.26591],[111.58398,-7.26621],[111.58385,-7.26638],[111.58366,-7.26651],[111.58333,-7.26665],[111.58315,-7.26677],[111.583,-7.26697],[111.58221,-7.26664],[111.58141,-7.26636],[111.58067,-7.26605],[111.57996,-7.2658],[111.57926,-7.26561],[111.57809,-7.26566],[111.57669,-7.26582],[111.57612,-7.26574],[111.57534,-7.26541],[111.57526,-7.26468],[111.57527,-7.26445],[111.57541,-7.26337],[111.57509,-7.26313],[111.57476,-7.26303],[111.57398,-7.2625],[111.57355,-7.26233],[111.57255,-7.262],[111.57187,-7.26183],[111.57183,-7.262],[111.57142,-7.26213],[111.57123,-7.26227],[111.57071,-7.26283],[111.57048,-7.26288],[111.57034,-7.26315],[111.5702,-7.26321],[111.56961,-7.26277],[111.569305,-7.263085],[111.569335,-7.263515],[111.569135,-7.26394],[111.568885,-7.264185],[111.56884,-7.26453],[111.56865,-7.265],[111.56813,-7.266035],[111.5677,-7.26664],[111.567335,-7.26688],[111.566965,-7.267025],[111.56663,-7.26705],[111.56644,-7.26693],[111.56596,-7.2676],[111.56558,-7.26798],[111.5658,-7.26826],[111.56597,-7.26856],[111.56612,-7.26871],[111.56663,-7.26888],[111.5669,-7.26918],[111.56709,-7.2696],[111.56713,-7.26991],[111.56731,-7.27084],[111.5673,-7.27122],[111.56734,-7.27141],[111.56729,-7.27188],[111.56713,-7.27228],[111.56681,-7.27334],[111.56685,-7.27364],[111.5667,-7.27374],[111.56615,-7.27447],[111.5652,-7.2762],[111.56487,-7.27638],[111.56444,-7.27651],[111.56436,-7.27662],[111.56443,-7.2774],[111.56454,-7.27792],[111.56466,-7.27818],[111.565,-7.27872],[111.5652,-7.27899],[111.56535,-7.27926],[111.56581,-7.27981],[111.56596,-7.28017],[111.56609,-7.28076],[111.56613,-7.28138],[111.56635,-7.28164],[111.5668,-7.282],[111.56708,-7.28227],[111.56733,-7.28265],[111.5676,-7.28296],[111.56763,-7.28307],[111.56816,-7.2834],[111.56879,-7.28401],[111.56913,-7.2843],[111.5694,-7.2848],[111.5696,-7.28512],[111.56992,-7.28555],[111.57008,-7.2857],[111.57056,-7.28582],[111.57092,-7.28633],[111.57116,-7.28649],[111.57147,-7.28662],[111.57175,-7.2875],[111.57167,-7.2877],[111.57134,-7.28825],[111.57132,-7.28835],[111.57161,-7.28906],[111.57138,-7.28965],[111.57112,-7.28989],[111.5708,-7.28991],[111.57043,-7.29014],[111.57021,-7.2904],[111.57003,-7.29068],[111.56982,-7.29089],[111.56973,-7.29111],[111.56949,-7.29124],[111.56895,-7.29113],[111.56839,-7.29105],[111.56828,-7.29107],[111.56793,-7.29136],[111.56777,-7.29202],[111.56765,-7.29242],[111.56737,-7.2931],[111.56749,-7.29356],[111.56728,-7.29354],[111.56718,-7.29396],[111.56695,-7.29432],[111.56652,-7.29483],[111.56632,-7.29485],[111.56615,-7.29529],[111.56616,-7.2954],[111.56639,-7.29559],[111.56646,-7.29572],[111.56652,-7.2962],[111.56658,-7.29624],[111.56668,-7.29678],[111.5667,-7.29714],[111.56667,-7.29728],[111.56592,-7.29916],[111.56579,-7.29955],[111.56577,-7.29981],[111.56556,-7.3],[111.56514,-7.30154],[111.56501,-7.30222],[111.564735,-7.30247],[111.56457,-7.302675],[111.564,-7.303105],[111.56376,-7.30316],[111.562935,-7.30328],[111.56277,-7.303385],[111.562495,-7.30386],[111.562215,-7.304065],[111.56204,-7.304115],[111.56124,-7.30406],[111.56084,-7.304065],[111.559995,-7.30399],[111.55986,-7.304115],[111.55974,-7.304615],[111.5597,-7.305075],[111.559635,-7.305155],[111.55932,-7.30528],[111.55845,-7.305515],[111.55815,-7.305525],[111.557805,-7.305395],[111.55704,-7.30499],[111.556695,-7.304965],[111.55652,-7.30521],[111.55614,-7.30654],[111.555975,-7.307205],[111.555845,-7.307555],[111.555565,-7.308005],[111.555405,-7.308125],[111.554565,-7.308495],[111.55401,-7.308715],[111.55356,-7.30892],[111.553495,-7.308995],[111.55348,-7.30942],[111.553575,-7.309475],[111.553845,-7.309795],[111.553945,-7.31002],[111.55398,-7.31031],[111.55395,-7.31055],[111.55379,-7.311095],[111.5537,-7.311665],[111.55378,-7.312215],[111.55412,-7.313085],[111.554235,-7.313505],[111.55438,-7.313745],[111.554435,-7.314185],[111.55434,-7.314525],[111.55442,-7.31485],[111.55452,-7.31502],[111.55464,-7.315395],[111.554515,-7.31644],[111.554525,-7.31663],[111.55477,-7.316875],[111.555445,-7.31768],[111.555465,-7.317925],[111.5552,-7.318555],[111.554995,-7.319115],[111.554935,-7.319775],[111.55487,-7.320035],[111.55454,-7.320345],[111.55425,-7.320485],[111.554135,-7.32049],[111.55315,-7.32028],[111.55298,-7.32035],[111.552855,-7.32058],[111.552975,-7.32095],[111.552955,-7.321105],[111.553045,-7.32156],[111.55316,-7.321705],[111.553065,-7.32187],[111.55316,-7.32231],[111.553445,-7.322675],[111.55347,-7.32302],[111.553285,-7.323475],[111.553385,-7.32369],[111.55369,-7.32384],[111.55373,-7.32439],[111.55368,-7.32471],[111.55352,-7.32515],[111.553455,-7.325405],[111.553305,-7.32577],[111.5532,-7.32624],[111.553055,-7.32641],[111.55268,-7.326485],[111.55251,-7.326475],[111.55223,-7.32638],[111.55212,-7.326415],[111.5519,-7.32632],[111.55129,-7.32619],[111.551175,-7.326235],[111.55113,-7.32641],[111.55142,-7.326895],[111.551815,-7.327205],[111.55192,-7.327375],[111.55192,-7.32757],[111.55168,-7.327855],[111.55159,-7.32847],[111.55153,-7.32866],[111.551675,-7.32901],[111.551615,-7.32927],[111.552085,-7.32917],[111.552545,-7.329355],[111.55285,-7.329835],[111.55359,-7.33048],[111.553875,-7.3306],[111.554785,-7.33064],[111.55499,-7.33072],[111.555115,-7.33095],[111.5552,-7.33137],[111.55528,-7.331605],[111.55529,-7.331975],[111.555245,-7.332115],[111.554905,-7.332705],[111.554635,-7.33313],[111.554045,-7.33414],[111.55361,-7.334645],[111.553365,-7.33506],[111.55313,-7.335565],[111.553045,-7.33586],[111.553055,-7.336155],[111.553155,-7.33693],[111.553305,-7.338275],[111.553255,-7.33884],[111.553075,-7.33914],[111.55287,-7.33929],[111.55239,-7.33943],[111.55212,-7.33959],[111.552015,-7.339735],[111.551905,-7.340065],[111.55195,-7.34073],[111.55209,-7.341115],[111.552515,-7.341435],[111.55268,-7.34173],[111.55277,-7.342165],[111.55291,-7.342415],[111.55327,-7.342645],[111.553605,-7.342685],[111.55393,-7.34268],[111.55517,-7.342395],[111.55541,-7.34237],[111.55549,-7.34246],[111.555905,-7.342605],[111.556035,-7.342775],[111.556375,-7.342825],[111.55649,-7.34299],[111.55699,-7.343255],[111.557155,-7.34349],[111.557465,-7.34357],[111.5576,-7.343665],[111.557475,-7.34387],[111.557515,-7.344245],[111.557635,-7.34451],[111.55767,-7.34479],[111.55747,-7.345045],[111.557475,-7.34563],[111.55727,-7.34587],[111.55722,-7.34629],[111.557065,-7.346525],[111.557025,-7.346695],[111.55685,-7.346895],[111.55644,-7.347035],[111.556325,-7.34721],[111.55617,-7.347285],[111.55601,-7.34746],[111.55596,-7.347615],[111.555655,-7.347825],[111.555385,-7.347805],[111.555245,-7.348025],[111.555205,-7.348205],[111.555565,-7.3484],[111.555565,-7.34862],[111.555185,-7.34897],[111.55524,-7.349095],[111.55546,-7.34913],[111.55563,-7.349235],[111.556055,-7.34964],[111.556385,-7.34974],[111.556515,-7.34987],[111.556485,-7.350005],[111.5563,-7.35012],[111.55595,-7.350175],[111.555835,-7.350335],[111.5559,-7.35055],[111.555995,-7.35063],[111.55646,-7.35077],[111.55663,-7.350905],[111.556405,-7.3512],[111.556125,-7.3517],[111.556115,-7.35186],[111.556345,-7.35193],[111.556515,-7.351735],[111.55662,-7.3517],[111.556865,-7.351805],[111.557155,-7.35208],[111.557195,-7.35227],[111.557075,-7.352485],[111.55664,-7.35273],[111.55656,-7.35282],[111.556455,-7.353145],[111.556495,-7.35336],[111.556275,-7.35363],[111.556145,-7.35391],[111.55609,-7.35441],[111.55602,-7.35475],[111.555775,-7.35511],[111.55573,-7.355475],[111.55563,-7.35564],[111.555435,-7.355735],[111.55522,-7.356095],[111.555165,-7.35633],[111.55478,-7.35648],[111.554725,-7.35659],[111.554735,-7.35682],[111.55486,-7.357145],[111.55487,-7.357365],[111.55479,-7.357625],[111.55455,-7.35782],[111.554525,-7.358185],[111.55466,-7.35841],[111.554695,-7.358625],[111.55481,-7.35886]]]}},{"type":"Feature","properties":{"nama":"Temayang"},"geometry":{"type":"Polygon","coordinates":[[[111.87038,-7.36265],[111.870255,-7.37691],[111.870555,-7.37718],[111.87091,-7.377685],[111.870525,-7.3781],[111.86978,-7.378695],[111.870045,-7.37908],[111.870255,-7.379735],[111.870435,-7.37959],[111.87076,-7.379025],[111.871265,-7.378725],[111.871565,-7.37965],[111.872515,-7.380125],[111.872485,-7.380865],[111.87189,-7.381015],[111.871325,-7.38063],[111.871445,-7.381135],[111.871295,-7.38161],[111.87088,-7.38185],[111.871235,-7.382265],[111.870585,-7.38262],[111.86984,-7.382535],[111.87067,-7.383485],[111.870345,-7.383665],[111.86966,-7.38414],[111.86957,-7.384615],[111.86966,-7.38524],[111.87064,-7.385],[111.87109,-7.38515],[111.871475,-7.384405],[111.871745,-7.38393],[111.87204,-7.383185],[111.87234,-7.3828],[111.87276,-7.38246],[111.87288,-7.38578],[111.87345,-7.38694],[111.87421,-7.38867],[111.87413,-7.38881],[111.87409,-7.38915],[111.87411,-7.38966],[111.87417,-7.39018],[111.87439,-7.39028],[111.87469,-7.39022],[111.87491,-7.39027],[111.87513,-7.39048],[111.87541,-7.39087],[111.8755,-7.39118],[111.87524,-7.39205],[111.8752,-7.39225],[111.87524,-7.39253],[111.87531,-7.39261],[111.87593,-7.39292],[111.87615,-7.39313],[111.87635,-7.3934],[111.87649,-7.39349],[111.87709,-7.39344],[111.87775,-7.39334],[111.87804,-7.39342],[111.87811,-7.39362],[111.87814,-7.3943],[111.87834,-7.39549],[111.8786,-7.39605],[111.878845,-7.396365],[111.87889,-7.39654],[111.878745,-7.397265],[111.878745,-7.39754],[111.878685,-7.39772],[111.87813,-7.398515],[111.877795,-7.398745],[111.87741,-7.3988],[111.876935,-7.398445],[111.876735,-7.39834],[111.87588,-7.398275],[111.87572,-7.398185],[111.87542,-7.39766],[111.87521,-7.397335],[111.87504,-7.39728],[111.87427,-7.397515],[111.87403,-7.397755],[111.874,-7.398265],[111.873835,-7.39847],[111.873645,-7.398515],[111.873415,-7.398425],[111.873285,-7.3981],[111.87304,-7.39791],[111.872665,-7.397845],[111.87232,-7.3979],[111.871975,-7.39828],[111.871645,-7.398255],[111.87139,-7.3981],[111.87113,-7.39811],[111.87098,-7.39838],[111.87062,-7.398805],[111.870495,-7.39911],[111.870435,-7.399445],[111.870485,-7.3996],[111.871075,-7.399895],[111.8711,-7.400095],[111.870955,-7.4004],[111.870955,-7.40056],[111.87128,-7.40095],[111.871525,-7.400985],[111.871815,-7.400745],[111.87208,-7.40074],[111.87212,-7.401235],[111.87218,-7.40162],[111.87204,-7.40229],[111.87191,-7.402715],[111.871565,-7.403475],[111.87139,-7.40378],[111.871355,-7.40392],[111.871435,-7.40408],[111.871685,-7.40422],[111.87245,-7.4045],[111.87306,-7.40474],[111.87358,-7.40487],[111.8737,-7.405],[111.87366,-7.405435],[111.87349,-7.40548],[111.873275,-7.4059],[111.87339,-7.40633],[111.87393,-7.40664],[111.87416,-7.40694],[111.87428,-7.40717],[111.87439,-7.40754],[111.87442,-7.40779],[111.87441,-7.4086],[111.87444,-7.40891],[111.87471,-7.40915],[111.87496,-7.40962],[111.87494,-7.41017],[111.87485,-7.41051],[111.87466,-7.41097],[111.87447,-7.41109],[111.87425,-7.4113],[111.87426,-7.41138],[111.87453,-7.41146],[111.87476,-7.41145],[111.875,-7.41134],[111.8764,-7.4116],[111.8767,-7.41156],[111.87723,-7.41089],[111.87806,-7.4096],[111.87877,-7.40878],[111.87935,-7.40853],[111.883,-7.40833],[111.88587,-7.40834],[111.88745,-7.40829],[111.88989,-7.4081],[111.89029,-7.40804],[111.89052,-7.40806],[111.89115,-7.408],[111.90299,-7.40835],[111.90551,-7.40823],[111.90728,-7.40806],[111.9089,-7.40789],[111.91004,-7.40757],[111.91158,-7.40719],[111.91263,-7.40702],[111.91465,-7.40681],[111.91634,-7.40679],[111.91856,-7.40701],[111.91847,-7.40785],[111.91819,-7.40859],[111.91816,-7.40894],[111.91833,-7.40991],[111.91826,-7.4104],[111.91828,-7.41118],[111.91815,-7.4117],[111.91791,-7.41222],[111.91804,-7.4127],[111.91839,-7.41335],[111.91848,-7.41382],[111.91848,-7.41428],[111.91875,-7.41507],[111.91913,-7.41591],[111.91928,-7.41635],[111.91936,-7.41718],[111.91944,-7.417325],[111.91826,-7.41826],[111.91757,-7.418815],[111.917465,-7.41903],[111.917515,-7.419185],[111.916655,-7.419875],[111.91668,-7.420045],[111.91649,-7.420255],[111.91643,-7.420445],[111.916285,-7.420675],[111.916205,-7.420945],[111.915965,-7.421365],[111.915765,-7.422135],[111.91566,-7.423015],[111.915325,-7.423485],[111.915265,-7.424005],[111.915315,-7.42445],[111.91524,-7.424635],[111.915025,-7.424855],[111.91502,-7.42509],[111.91542,-7.42578],[111.916065,-7.42626],[111.91654,-7.42628],[111.916945,-7.42609],[111.91723,-7.426185],[111.917395,-7.426665],[111.917395,-7.42695],[111.91754,-7.427185],[111.91778,-7.42733],[111.918015,-7.42759],[111.91817,-7.42829],[111.91769,-7.42867],[111.91715,-7.42938],[111.91679,-7.4301],[111.91651,-7.4311],[111.9161,-7.4317],[111.91606,-7.43253],[111.91615,-7.43329],[111.91653,-7.43445],[111.91664,-7.43462],[111.91699,-7.43495],[111.91828,-7.43532],[111.91913,-7.435575],[111.9198,-7.4356],[111.92083,-7.43569],[111.921675,-7.4358],[111.922135,-7.435635],[111.92296,-7.43549],[111.923775,-7.43588],[111.92425,-7.43616],[111.92481,-7.43641],[111.92623,-7.437095],[111.927025,-7.437405],[111.92827,-7.43779],[111.928755,-7.43787],[111.930085,-7.438365],[111.930945,-7.438725],[111.931925,-7.43878],[111.932235,-7.43884],[111.93258,-7.439015],[111.933305,-7.43953],[111.934005,-7.44004],[111.93464,-7.440365],[111.935205,-7.44037],[111.93566,-7.4404],[111.93647,-7.440515],[111.9373,-7.440525],[111.93846,-7.44028],[111.93972,-7.440275],[111.94036,-7.44012],[111.94094,-7.439785],[111.94149,-7.439495],[111.942175,-7.43917],[111.942795,-7.43879],[111.94322,-7.43841],[111.943665,-7.437905],[111.944085,-7.43751],[111.944665,-7.436685],[111.94503,-7.43622],[111.94535,-7.43586],[111.945765,-7.43546],[111.94616,-7.435115],[111.946685,-7.434695],[111.947405,-7.434235],[111.948065,-7.4339],[111.94898,-7.43372],[111.949875,-7.43345],[111.950525,-7.43323],[111.951315,-7.433135],[111.951975,-7.43294],[111.95218,-7.432805],[111.95423,-7.43244],[111.95465,-7.43227],[111.955355,-7.43174],[111.9561,-7.43102],[111.95665,-7.430685],[111.95785,-7.430075],[111.95857,-7.429645],[111.95886,-7.42943],[111.95906,-7.42921],[111.959535,-7.428385],[111.959635,-7.42812],[111.95981,-7.42688],[111.95977,-7.426415],[111.959505,-7.426085],[111.95913,-7.42576],[111.958115,-7.424785],[111.957975,-7.424455],[111.958055,-7.42409],[111.95813,-7.423905],[111.95864,-7.42356],[111.95912,-7.42332],[111.95958,-7.42313],[111.959945,-7.42302],[111.95987,-7.422615],[111.959555,-7.42206],[111.95952,-7.421575],[111.95945,-7.42139],[111.95893,-7.420625],[111.958315,-7.419925],[111.95794,-7.419105],[111.957695,-7.418285],[111.95752,-7.41837],[111.95698,-7.41799],[111.95669,-7.417725],[111.95632,-7.417075],[111.95623,-7.41667],[111.95613,-7.41646],[111.955865,-7.41624],[111.95532,-7.416225],[111.9543,-7.41598],[111.95414,-7.415925],[111.95397,-7.415755],[111.953745,-7.41541],[111.953585,-7.41525],[111.95327,-7.415095],[111.953005,-7.415015],[111.952455,-7.41496],[111.952025,-7.414875],[111.950815,-7.41398],[111.95063,-7.413865],[111.9499,-7.413515],[111.949655,-7.41336],[111.94947,-7.413055],[111.94932,-7.412925],[111.949075,-7.412815],[111.948495,-7.412725],[111.947595,-7.412505],[111.947365,-7.412435],[111.94719,-7.41231],[111.94697,-7.412015],[111.94671,-7.411385],[111.94645,-7.41124],[111.946245,-7.41118],[111.94528,-7.41116],[111.944395,-7.41095],[111.944245,-7.41095],[111.943855,-7.411205],[111.943685,-7.411265],[111.94326,-7.41126],[111.94297,-7.41122],[111.94256,-7.41106],[111.94243,-7.41096],[111.94213,-7.410285],[111.941855,-7.41018],[111.941665,-7.40977],[111.941545,-7.409245],[111.94174,-7.40896],[111.942125,-7.408945],[111.94278,-7.40912],[111.94309,-7.409125],[111.943245,-7.408985],[111.9432,-7.408875],[111.94261,-7.40812],[111.942545,-7.40796],[111.942385,-7.40732],[111.942575,-7.407065],[111.943025,-7.406795],[111.94316,-7.40651],[111.943185,-7.406305],[111.943655,-7.406125],[111.94404,-7.406125],[111.9449,-7.40604],[111.945585,-7.405885],[111.945985,-7.40586],[111.9461,-7.40599],[111.946775,-7.40631],[111.94731,-7.40646],[111.94774,-7.406665],[111.948595,-7.40681],[111.949815,-7.40706],[111.95035,-7.407325],[111.950705,-7.407415],[111.95105,-7.40763],[111.95173,-7.40799],[111.95257,-7.408415],[111.95294,-7.408785],[111.953675,-7.40901],[111.954095,-7.409335],[111.954515,-7.40989],[111.95516,-7.41018],[111.95548,-7.410435],[111.955575,-7.410635],[111.955795,-7.41126],[111.956115,-7.411365],[111.95746,-7.41241],[111.957635,-7.41269],[111.95774,-7.413215],[111.958025,-7.41332],[111.95884,-7.413035],[111.95935,-7.41277],[111.959725,-7.4125],[111.9601,-7.41218],[111.960785,-7.411525],[111.961655,-7.411065],[111.962095,-7.4108],[111.962525,-7.410445],[111.962875,-7.41007],[111.96311,-7.40962],[111.96319,-7.409285],[111.963295,-7.40905],[111.96354,-7.40888],[111.963715,-7.40909],[111.964065,-7.409295],[111.964315,-7.409195],[111.964675,-7.409335],[111.964895,-7.40888],[111.96505,-7.40904],[111.965235,-7.409005],[111.965365,-7.40887],[111.96541,-7.408585],[111.96563,-7.408635],[111.965675,-7.40885],[111.965805,-7.408805],[111.96607,-7.40857],[111.96631,-7.408605],[111.96639,-7.40881],[111.96659,-7.40878],[111.966765,-7.40855],[111.967285,-7.4086],[111.96744,-7.40865],[111.967825,-7.408505],[111.967925,-7.40822],[111.96808,-7.40799],[111.968315,-7.40778],[111.96929,-7.40702],[111.969625,-7.406445],[111.969965,-7.405995],[111.970635,-7.40536],[111.97126,-7.40498],[111.971435,-7.404985],[111.973365,-7.405245],[111.97406,-7.405475],[111.97429,-7.40547],[111.9746,-7.4053],[111.975425,-7.40491],[111.97645,-7.40466],[111.97719,-7.404685],[111.97773,-7.40527],[111.978135,-7.4059],[111.97843,-7.40681],[111.978995,-7.40676],[111.979645,-7.40644],[111.979835,-7.406415],[111.98033,-7.40656],[111.981185,-7.4064],[111.981605,-7.406355],[111.981985,-7.406375],[111.982345,-7.406465],[111.982735,-7.40666],[111.98372,-7.40742],[111.9834,-7.40608],[111.98329,-7.40585],[111.98298,-7.40506],[111.98277,-7.40469],[111.98166,-7.40318],[111.98137,-7.4027],[111.98128,-7.40238],[111.98128,-7.40216],[111.98149,-7.40162],[111.98127,-7.40127],[111.98137,-7.40086],[111.9811,-7.40036],[111.98113,-7.40002],[111.98093,-7.39971],[111.98018,-7.39901],[111.97948,-7.39828],[111.97926,-7.39782],[111.97906,-7.39719],[111.97875,-7.39681],[111.97765,-7.39581],[111.97723,-7.39547],[111.97637,-7.39489],[111.97586,-7.39429],[111.97478,-7.39319],[111.97364,-7.39228],[111.97295,-7.39169],[111.9727,-7.39136],[111.97256,-7.39107],[111.97235,-7.39038],[111.97231,-7.38981],[111.97246,-7.38924],[111.97238,-7.38894],[111.97222,-7.38871],[111.97176,-7.38819],[111.97142,-7.38785],[111.9711,-7.38757],[111.97066,-7.38727],[111.97029,-7.38707],[111.97,-7.38684],[111.96967,-7.38646],[111.9689,-7.38542],[111.96856,-7.38492],[111.96842,-7.38464],[111.96827,-7.38416],[111.96824,-7.38382],[111.96806,-7.38315],[111.96799,-7.38264],[111.9679,-7.38255],[111.96772,-7.38199],[111.96753,-7.38169],[111.96716,-7.38139],[111.9667,-7.38122],[111.96627,-7.38097],[111.96518,-7.38029],[111.96465,-7.37985],[111.96434,-7.37951],[111.96391,-7.37894],[111.96367,-7.37842],[111.96322,-7.37799],[111.96311,-7.37776],[111.96306,-7.37739],[111.96307,-7.37668],[111.96301,-7.37539],[111.96302,-7.37512],[111.96274,-7.3748],[111.96278,-7.37422],[111.96252,-7.37377],[111.96229,-7.37329],[111.96197,-7.37275],[111.96195,-7.37251],[111.96196,-7.37187],[111.96205,-7.37143],[111.96229,-7.37073],[111.96255,-7.37026],[111.96257,-7.36997],[111.96197,-7.36946],[111.96181,-7.36935],[111.96105,-7.36931],[111.96095,-7.36925],[111.96087,-7.36894],[111.96062,-7.36865],[111.96056,-7.36852],[111.96013,-7.36844],[111.96003,-7.36802],[111.96031,-7.36757],[111.95986,-7.36701],[111.95984,-7.36653],[111.95956,-7.36613],[111.95927,-7.36546],[111.95914,-7.36509],[111.95898,-7.36478],[111.95864,-7.36478],[111.95855,-7.36467],[111.95859,-7.36439],[111.95839,-7.36406],[111.95834,-7.36387],[111.95807,-7.36359],[111.9577,-7.36295],[111.95765,-7.36262],[111.95792,-7.36233],[111.95792,-7.36225],[111.9577,-7.36205],[111.9572,-7.36225],[111.95707,-7.36204],[111.95701,-7.36175],[111.95713,-7.36166],[111.95771,-7.3615],[111.95783,-7.36143],[111.9578,-7.36124],[111.95733,-7.36098],[111.95721,-7.36081],[111.95711,-7.36037],[111.95725,-7.35988],[111.95715,-7.35968],[111.95684,-7.35964],[111.95643,-7.35966],[111.95612,-7.35949],[111.9559,-7.35964],[111.95536,-7.35959],[111.95499,-7.35923],[111.95484,-7.35924],[111.95475,-7.35962],[111.95467,-7.35975],[111.95447,-7.35982],[111.95433,-7.35946],[111.95421,-7.35933],[111.95383,-7.35935],[111.95347,-7.35915],[111.95318,-7.35934],[111.95283,-7.3593],[111.95256,-7.35904],[111.95216,-7.35895],[111.95211,-7.35889],[111.95239,-7.35839],[111.95201,-7.35805],[111.95187,-7.35796],[111.95152,-7.35811],[111.95142,-7.3581],[111.9513,-7.3578],[111.95119,-7.35772],[111.95051,-7.35792],[111.95039,-7.35782],[111.95059,-7.35725],[111.95053,-7.357],[111.9501,-7.35696],[111.94991,-7.35698],[111.94967,-7.35719],[111.94965,-7.35733],[111.9499,-7.35785],[111.94981,-7.35805],[111.9493,-7.35795],[111.94903,-7.35774],[111.94898,-7.3576],[111.94901,-7.35735],[111.9491,-7.35706],[111.949,-7.35678],[111.94897,-7.35643],[111.9488,-7.35622],[111.94855,-7.35616],[111.94777,-7.35615],[111.94765,-7.35604],[111.9477,-7.3559],[111.94844,-7.35504],[111.94847,-7.35493],[111.94828,-7.35475],[111.94816,-7.35475],[111.94771,-7.35507],[111.94765,-7.35507],[111.94744,-7.35402],[111.94736,-7.35383],[111.94662,-7.35318],[111.94652,-7.35289],[111.9458,-7.35285],[111.9452,-7.35289],[111.94457,-7.35311],[111.9441,-7.3533],[111.94384,-7.35348],[111.94334,-7.35408],[111.94312,-7.35426],[111.94288,-7.35438],[111.94247,-7.35447],[111.94239,-7.35453],[111.94244,-7.35505],[111.94233,-7.35509],[111.94217,-7.35554],[111.94189,-7.35569],[111.94165,-7.35552],[111.94137,-7.35489],[111.94128,-7.35463],[111.94166,-7.35432],[111.94174,-7.35409],[111.94169,-7.35399],[111.94136,-7.35389],[111.94099,-7.35401],[111.94075,-7.35417],[111.94092,-7.35452],[111.94071,-7.35457],[111.94037,-7.35449],[111.94003,-7.35408],[111.93992,-7.35401],[111.93967,-7.35407],[111.93922,-7.35411],[111.93904,-7.35446],[111.93885,-7.35454],[111.93878,-7.35444],[111.93869,-7.35378],[111.9386,-7.35373],[111.9381,-7.3539],[111.93782,-7.35417],[111.93765,-7.35414],[111.93753,-7.35374],[111.93754,-7.3536],[111.93777,-7.35325],[111.93772,-7.35307],[111.93741,-7.35303],[111.93718,-7.35328],[111.9371,-7.3533],[111.93699,-7.3529],[111.93682,-7.35278],[111.93629,-7.35263],[111.93623,-7.35256],[111.93627,-7.35196],[111.93594,-7.35164],[111.93597,-7.35146],[111.93659,-7.35117],[111.93708,-7.35123],[111.93725,-7.35115],[111.93738,-7.35096],[111.9373,-7.35084],[111.93661,-7.3506],[111.93653,-7.35047],[111.93697,-7.35024],[111.93703,-7.3501],[111.93683,-7.35001],[111.93591,-7.34987],[111.93583,-7.34971],[111.9362,-7.3488],[111.9376,-7.34844],[111.93796,-7.34829],[111.93811,-7.34817],[111.93825,-7.34786],[111.93813,-7.34721],[111.9377,-7.34606],[111.93743,-7.346],[111.93603,-7.34589],[111.93516,-7.34579],[111.93486,-7.34578],[111.93463,-7.34583],[111.93418,-7.34605],[111.93381,-7.34628],[111.9332,-7.34679],[111.93297,-7.34696],[111.93284,-7.34712],[111.93278,-7.34731],[111.93172,-7.34722],[111.93149,-7.34708],[111.93148,-7.34692],[111.93211,-7.34633],[111.93222,-7.34616],[111.93226,-7.34521],[111.93233,-7.34504],[111.93263,-7.34471],[111.9332,-7.34422],[111.93337,-7.34394],[111.93337,-7.34375],[111.93326,-7.34345],[111.93241,-7.34232],[111.93238,-7.34221],[111.93245,-7.34191],[111.93327,-7.34099],[111.9334,-7.3408],[111.93345,-7.34055],[111.93342,-7.33985],[111.93359,-7.33954],[111.93362,-7.33937],[111.93337,-7.33932],[111.93312,-7.33919],[111.933,-7.33907],[111.93263,-7.33811],[111.9324,-7.33781],[111.93147,-7.33686],[111.93096,-7.3362],[111.93031,-7.33472],[111.93005,-7.33442],[111.92959,-7.33381],[111.9294,-7.33344],[111.92939,-7.33325],[111.92954,-7.33309],[111.92973,-7.33314],[111.93182,-7.33351],[111.93199,-7.33364],[111.93233,-7.33401],[111.93262,-7.33442],[111.93292,-7.335],[111.93319,-7.33541],[111.93346,-7.3355],[111.93373,-7.33547],[111.93402,-7.33535],[111.93447,-7.33503],[111.93567,-7.33383],[111.93659,-7.33307],[111.93729,-7.33268],[111.93793,-7.33239],[111.93883,-7.33202],[111.94003,-7.33156],[111.94135,-7.33108],[111.94244,-7.33078],[111.94368,-7.33056],[111.94459,-7.33013],[111.94451,-7.33004],[111.94426,-7.32862],[111.94416,-7.32828],[111.94384,-7.32757],[111.94307,-7.3265],[111.94189,-7.32609],[111.93976,-7.32532],[111.93947,-7.32518],[111.9392,-7.32514],[111.93892,-7.32502],[111.93861,-7.3248],[111.93836,-7.32455],[111.93819,-7.32429],[111.93771,-7.32313],[111.93756,-7.3228],[111.93738,-7.32253],[111.93641,-7.3216],[111.93577,-7.32095],[111.93509,-7.32032],[111.93476,-7.32006],[111.93478,-7.31966],[111.93464,-7.31929],[111.9342,-7.31879],[111.93402,-7.31854],[111.93368,-7.31733],[111.93363,-7.31707],[111.93364,-7.31685],[111.93353,-7.31685],[111.93214,-7.31665],[111.93077,-7.31589],[111.93028,-7.31573],[111.92943,-7.31536],[111.9288,-7.31506],[111.928,-7.31461],[111.92741,-7.31424],[111.9265,-7.31363],[111.92619,-7.31334],[111.92644,-7.31277],[111.92637,-7.31263],[111.92599,-7.31216],[111.92574,-7.31169],[111.92564,-7.31159],[111.92531,-7.31158],[111.92534,-7.31127],[111.92562,-7.31101],[111.92552,-7.31087],[111.92513,-7.31076],[111.92458,-7.31073],[111.92465,-7.3105],[111.92476,-7.30994],[111.92478,-7.3097],[111.92474,-7.30949],[111.92428,-7.30881],[111.92408,-7.30858],[111.92389,-7.30849],[111.9232,-7.30838],[111.92292,-7.30825],[111.92264,-7.307925],[111.92265,-7.307625],[111.92279,-7.307365],[111.922995,-7.307135],[111.92339,-7.30685],[111.92347,-7.30669],[111.92344,-7.306545],[111.923475,-7.30616],[111.923295,-7.305745],[111.923145,-7.305605],[111.92243,-7.30538],[111.92224,-7.30538],[111.921685,-7.305575],[111.92138,-7.305905],[111.92105,-7.306635],[111.920865,-7.306705],[111.920595,-7.30655],[111.920445,-7.306335],[111.92,-7.30651],[111.91966,-7.30639],[111.91923,-7.306095],[111.91919,-7.30595],[111.91924,-7.30571],[111.91955,-7.305535],[111.92005,-7.30541],[111.920255,-7.30532],[111.92043,-7.30508],[111.9203,-7.30484],[111.92036,-7.30469],[111.92068,-7.30411],[111.920695,-7.303915],[111.92042,-7.30361],[111.920415,-7.3035],[111.920695,-7.303145],[111.92071,-7.30281],[111.92045,-7.302605],[111.92001,-7.3025],[111.91978,-7.30257],[111.91962,-7.302795],[111.919465,-7.303365],[111.91922,-7.30369],[111.91898,-7.303735],[111.918855,-7.30368],[111.9187,-7.303095],[111.91874,-7.30233],[111.91874,-7.30193],[111.91861,-7.301435],[111.91865,-7.301075],[111.91879,-7.30087],[111.918995,-7.30068],[111.919595,-7.30059],[111.918945,-7.300495],[111.91817,-7.300165],[111.918145,-7.29997],[111.9183,-7.299735],[111.91746,-7.2993],[111.91712,-7.298885],[111.91724,-7.298465],[111.91568,-7.298545],[111.91556,-7.298245],[111.91548,-7.29823],[111.91572,-7.29758],[111.91619,-7.29607],[111.91522,-7.296205],[111.91366,-7.296],[111.913775,-7.295585],[111.91382,-7.295055],[111.913775,-7.29489],[111.91381,-7.294645],[111.913935,-7.294255],[111.914205,-7.29396],[111.91427,-7.29355],[111.914525,-7.29301],[111.91458,-7.293015],[111.91501,-7.29237],[111.915035,-7.29217],[111.91519,-7.29189],[111.91545,-7.29185],[111.91565,-7.2916],[111.91625,-7.29119],[111.916335,-7.291025],[111.916685,-7.29054],[111.91718,-7.29055],[111.91724,-7.29012],[111.91739,-7.28973],[111.91756,-7.28893],[111.91784,-7.288845],[111.917975,-7.288745],[111.91845,-7.28889],[111.918635,-7.28913],[111.91881,-7.289265],[111.91944,-7.28922],[111.91961,-7.289175],[111.91981,-7.289005],[111.92003,-7.289015],[111.92014,-7.28916],[111.92037,-7.28927],[111.92065,-7.28927],[111.9211,-7.28917],[111.92152,-7.28933],[111.921685,-7.28927],[111.921785,-7.289025],[111.922195,-7.28904],[111.922335,-7.28892],[111.922375,-7.288735],[111.92268,-7.288545],[111.9229,-7.288505],[111.923105,-7.288405],[111.92342,-7.288115],[111.923615,-7.288105],[111.92386,-7.28818],[111.92406,-7.288175],[111.924885,-7.288295],[111.92498,-7.28664],[111.92507,-7.28473],[111.92516,-7.28343],[111.92514,-7.28314],[111.92505,-7.28278],[111.92531,-7.28262],[111.92545,-7.28238],[111.92549,-7.28206],[111.925535,-7.28116],[111.925205,-7.281095],[111.92528,-7.280075],[111.925375,-7.27976],[111.92471,-7.27957],[111.92465,-7.279625],[111.92458,-7.27999],[111.92441,-7.280005],[111.924415,-7.280185],[111.924165,-7.280165],[111.923725,-7.2802],[111.923425,-7.280155],[111.922545,-7.280225],[111.92225,-7.280225],[111.921755,-7.2803],[111.921185,-7.280095],[111.921,-7.27985],[111.920955,-7.27964],[111.92076,-7.27921],[111.920545,-7.27886],[111.920335,-7.278825],[111.920095,-7.27932],[111.920005,-7.27936],[111.9189,-7.279105],[111.91848,-7.279055],[111.918345,-7.27911],[111.91831,-7.279275],[111.91759,-7.279105],[111.91747,-7.27918],[111.91727,-7.27945],[111.91704,-7.279405],[111.91664,-7.2797],[111.916215,-7.280125],[111.91533,-7.28043],[111.91529,-7.28061],[111.91562,-7.28084],[111.91551,-7.28098],[111.9147,-7.2811],[111.91436,-7.28135],[111.91412,-7.28124],[111.91386,-7.28079],[111.91363,-7.2808],[111.911635,-7.280685],[111.90959,-7.280085],[111.908395,-7.279575],[111.908095,-7.27953],[111.907765,-7.27943],[111.907355,-7.279425],[111.90678,-7.279285],[111.906925,-7.27895],[111.906185,-7.278725],[111.90583,-7.278475],[111.9054,-7.278365],[111.904925,-7.278115],[111.904595,-7.277905],[111.904605,-7.277415],[111.904535,-7.27733],[111.90414,-7.27725],[111.904165,-7.277405],[111.90364,-7.27727],[111.90375,-7.27695],[111.90351,-7.276915],[111.90295,-7.276725],[111.902545,-7.276735],[111.90208,-7.27668],[111.901475,-7.2765],[111.899775,-7.27628],[111.89873,-7.276],[111.89743,-7.27562],[111.89583,-7.27511],[111.89331,-7.27422],[111.8931,-7.27451],[111.893025,-7.27497],[111.89287,-7.27539],[111.8928,-7.275805],[111.892625,-7.276275],[111.892315,-7.276835],[111.89214,-7.27726],[111.89183,-7.277775],[111.89158,-7.27829],[111.891415,-7.278205],[111.89122,-7.278605],[111.8909,-7.279115],[111.89043,-7.27955],[111.890135,-7.279875],[111.8897,-7.27963],[111.88937,-7.28015],[111.889185,-7.28023],[111.88902,-7.280745],[111.888795,-7.28133],[111.888615,-7.28167],[111.887475,-7.28165],[111.8861,-7.28157],[111.88612,-7.28197],[111.88615,-7.28335],[111.88622,-7.28383],[111.88619,-7.28406],[111.88582,-7.28482],[111.88572,-7.28498],[111.88547,-7.2859],[111.88522,-7.28689],[111.88501,-7.28789],[111.88498,-7.28866],[111.88492,-7.28933],[111.88482,-7.28977],[111.88446,-7.29064],[111.88427,-7.29118],[111.88259,-7.295355],[111.880705,-7.2954],[111.878205,-7.29578],[111.876305,-7.29747],[111.87509,-7.29966],[111.874375,-7.301185],[111.87925,-7.31011],[111.87987,-7.31084],[111.87984,-7.31112],[111.879895,-7.311295],[111.88063,-7.31243],[111.8807,-7.31267],[111.88092,-7.31369],[111.88097,-7.31453],[111.88096,-7.31485],[111.8809,-7.31506],[111.88073,-7.31535],[111.8805,-7.31551],[111.88007,-7.3157],[111.87974,-7.31579],[111.87924,-7.31581],[111.87868,-7.3158],[111.8781,-7.31592],[111.87948,-7.31647],[111.87977,-7.31655],[111.88026,-7.31642],[111.880635,-7.317815],[111.882505,-7.3178],[111.88282,-7.318215],[111.883115,-7.3185],[111.883675,-7.31876],[111.88372,-7.319015],[111.883315,-7.31983],[111.883255,-7.3201],[111.883265,-7.32032],[111.88334,-7.320485],[111.88357,-7.32073],[111.88379,-7.320835],[111.8839,-7.32078],[111.88395,-7.32042],[111.88412,-7.31972],[111.884375,-7.319395],[111.884575,-7.31921],[111.884775,-7.318835],[111.88494,-7.318935],[111.88521,-7.31888],[111.88546,-7.319045],[111.885425,-7.319325],[111.885585,-7.319295],[111.88594,-7.319415],[111.88599,-7.31921],[111.88719,-7.319475],[111.887815,-7.318845],[111.887855,-7.31866],[111.88796,-7.318585],[111.88862,-7.318585],[111.88919,-7.3182],[111.88954,-7.31784],[111.88972,-7.31779],[111.89027,-7.31772],[111.8908,-7.31768],[111.89106,-7.317595],[111.89186,-7.31818],[111.89226,-7.318445],[111.892865,-7.318815],[111.893315,-7.319225],[111.89353,-7.319295],[111.89391,-7.319335],[111.89425,-7.3195],[111.89413,-7.3197],[111.894095,-7.31999],[111.89398,-7.32053],[111.893785,-7.320885],[111.89398,-7.32095],[111.894145,-7.3211],[111.89412,-7.321365],[111.8946,-7.32144],[111.894355,-7.32359],[111.89436,-7.32401],[111.89444,-7.324145],[111.89443,-7.324465],[111.89433,-7.324865],[111.8943,-7.32524],[111.894175,-7.326],[111.89406,-7.326235],[111.89402,-7.32655],[111.893795,-7.32747],[111.893645,-7.32814],[111.89341,-7.32952],[111.8931,-7.32939],[111.89214,-7.32917],[111.89177,-7.32914],[111.88983,-7.3291],[111.88862,-7.32911],[111.888215,-7.329155],[111.88821,-7.32892],[111.88785,-7.328895],[111.8878,-7.328745],[111.887465,-7.328605],[111.887235,-7.328855],[111.886885,-7.32884],[111.88674,-7.32868],[111.886505,-7.32866],[111.886395,-7.32871],[111.886205,-7.328475],[111.88558,-7.328365],[111.8855,-7.329055],[111.88491,-7.32896],[111.88272,-7.32853],[111.88201,-7.32841],[111.881625,-7.328315],[111.88113,-7.328485],[111.880675,-7.328515],[111.879885,-7.328285],[111.879125,-7.327695],[111.87822,-7.32747],[111.87803,-7.32732],[111.87733,-7.32808],[111.877,-7.32857],[111.87667,-7.32864],[111.87633,-7.32866],[111.87592,-7.32911],[111.87549,-7.32932],[111.87519,-7.32929],[111.87489,-7.32901],[111.8743,-7.32894],[111.87359,-7.32858],[111.87317,-7.32847],[111.87278,-7.32842],[111.87258,-7.32846],[111.87237,-7.32858],[111.87048,-7.3298],[111.87014,-7.33001],[111.86926,-7.33031],[111.86896,-7.33049],[111.86883,-7.33065],[111.86858,-7.33109],[111.86808,-7.33145],[111.86799,-7.33159],[111.86795,-7.33204],[111.86758,-7.33256],[111.86736,-7.333],[111.86736,-7.33315],[111.86748,-7.3336],[111.86743,-7.33376],[111.86722,-7.33405],[111.86683,-7.33469],[111.86668,-7.33529],[111.86678,-7.33564],[111.86673,-7.3358],[111.86672,-7.33616],[111.86645,-7.33645],[111.86642,-7.33691],[111.86631,-7.33711],[111.86589,-7.3377],[111.86567,-7.33782],[111.86554,-7.33812],[111.86532,-7.33826],[111.86545,-7.33856],[111.86546,-7.33892],[111.86541,-7.33926],[111.86533,-7.33946],[111.86485,-7.34],[111.86459,-7.3402],[111.86367,-7.34051],[111.86336,-7.34074],[111.86292,-7.34129],[111.86256,-7.34168],[111.8624,-7.34191],[111.86232,-7.34217],[111.8623,-7.34241],[111.86239,-7.34288],[111.86262,-7.34347],[111.86296,-7.34399],[111.86281,-7.34451],[111.86253,-7.34477],[111.86246,-7.345],[111.86223,-7.34538],[111.86214,-7.34566],[111.86212,-7.34626],[111.86207,-7.34664],[111.8619,-7.3469],[111.86207,-7.34825],[111.86206,-7.34842],[111.86231,-7.3497],[111.86243,-7.35069],[111.86242,-7.35151],[111.86266,-7.35265],[111.86267,-7.35352],[111.86277,-7.35395],[111.86306,-7.35476],[111.86332,-7.35526],[111.86357,-7.35569],[111.86401,-7.35631],[111.86469,-7.35686],[111.86502,-7.35708],[111.86567,-7.35744],[111.87052,-7.362365],[111.87038,-7.3625],[111.87038,-7.36265]]]}},{"type":"Feature","properties":{"nama":"Trucuk"},"geometry":{"type":"Polygon","coordinates":[[[111.89921,-7.13633],[111.899165,-7.13525],[111.899335,-7.13513],[111.899485,-7.13464],[111.899135,-7.134595],[111.89894,-7.1343],[111.89897,-7.13414],[111.899115,-7.133855],[111.8988,-7.133205],[111.899005,-7.13306],[111.89925,-7.133185],[111.89939,-7.13312],[111.899485,-7.13295],[111.899685,-7.133],[111.899945,-7.13295],[111.900225,-7.133025],[111.900785,-7.133],[111.90095,-7.13295],[111.90117,-7.132725],[111.901445,-7.13265],[111.901445,-7.13224],[111.90165,-7.131975],[111.901575,-7.13127],[111.901595,-7.130975],[111.90156,-7.13072],[111.90167,-7.13033],[111.90142,-7.13017],[111.901195,-7.130085],[111.90094,-7.12959],[111.900575,-7.12909],[111.900215,-7.128655],[111.899945,-7.128555],[111.89941,-7.12851],[111.898855,-7.128245],[111.89805,-7.12776],[111.897845,-7.1276],[111.89757,-7.127555],[111.89746,-7.127465],[111.89687,-7.12741],[111.89663,-7.127425],[111.89656,-7.127305],[111.896085,-7.127025],[111.89586,-7.126975],[111.895695,-7.12673],[111.89552,-7.126655],[111.89512,-7.126395],[111.89492,-7.126195],[111.89468,-7.12604],[111.89339,-7.12529],[111.8925,-7.124655],[111.892465,-7.124525],[111.892205,-7.124225],[111.891915,-7.12405],[111.891705,-7.12372],[111.891505,-7.123745],[111.89082,-7.123555],[111.89048,-7.12341],[111.88992,-7.123425],[111.889375,-7.12334],[111.889185,-7.12318],[111.88897,-7.12312],[111.88869,-7.12277],[111.888665,-7.122645],[111.88878,-7.122445],[111.888585,-7.122405],[111.888335,-7.12225],[111.888315,-7.12213],[111.887985,-7.122135],[111.88753,-7.1221],[111.8873,-7.122045],[111.886345,-7.12173],[111.8859,-7.12179],[111.8854,-7.121815],[111.885195,-7.121905],[111.88486,-7.12198],[111.884025,-7.122105],[111.883705,-7.12212],[111.883655,-7.122245],[111.883665,-7.122545],[111.88375,-7.12309],[111.88391,-7.123585],[111.88382,-7.123735],[111.883835,-7.12395],[111.884065,-7.12456],[111.883975,-7.124915],[111.883705,-7.125035],[111.88349,-7.124945],[111.8833,-7.12505],[111.88321,-7.12523],[111.88328,-7.125485],[111.88349,-7.12584],[111.8834,-7.1261],[111.882725,-7.126505],[111.882565,-7.1267],[111.882425,-7.12728],[111.88218,-7.12772],[111.882045,-7.12809],[111.882045,-7.12838],[111.882205,-7.128635],[111.88255,-7.128865],[111.882725,-7.129065],[111.882885,-7.129345],[111.882895,-7.12964],[111.882685,-7.130435],[111.882545,-7.130645],[111.882335,-7.130655],[111.88211,-7.13035],[111.88185,-7.130305],[111.88146,-7.130355],[111.881285,-7.13081],[111.88135,-7.13094],[111.881755,-7.13121],[111.881725,-7.13146],[111.88146,-7.131595],[111.88096,-7.13156],[111.880765,-7.13178],[111.880525,-7.131835],[111.88029,-7.131805],[111.88,-7.131645],[111.87984,-7.13137],[111.879585,-7.131365],[111.87945,-7.13178],[111.879115,-7.132445],[111.878995,-7.132485],[111.87867,-7.132165],[111.87845,-7.132185],[111.878055,-7.13213],[111.877765,-7.131985],[111.87736,-7.131685],[111.87722,-7.131525],[111.87708,-7.131225],[111.876945,-7.13112],[111.87669,-7.131175],[111.87665,-7.13136],[111.87675,-7.1317],[111.87735,-7.13263],[111.87793,-7.133275],[111.877815,-7.1333],[111.876805,-7.132805],[111.87601,-7.13235],[111.87554,-7.13216],[111.874555,-7.13164],[111.874255,-7.131515],[111.874105,-7.131345],[111.873965,-7.131315],[111.87349,-7.13092],[111.873165,-7.130705],[111.87263,-7.13039],[111.872425,-7.13032],[111.87215,-7.1303],[111.871175,-7.130045],[111.87098,-7.12992],[111.870805,-7.12973],[111.87069,-7.129425],[111.87043,-7.129195],[111.869915,-7.12836],[111.86981,-7.12805],[111.86949,-7.127795],[111.869355,-7.12758],[111.869105,-7.127335],[111.86896,-7.12725],[111.86855,-7.1271],[111.86781,-7.126535],[111.867445,-7.12633],[111.86687,-7.12624],[111.86672,-7.126275],[111.866595,-7.126425],[111.866525,-7.12683],[111.866645,-7.12705],[111.866875,-7.127305],[111.86752,-7.12745],[111.867805,-7.12754],[111.86835,-7.12809],[111.868505,-7.128375],[111.868565,-7.12863],[111.8685,-7.1289],[111.868315,-7.129065],[111.867925,-7.12919],[111.866875,-7.129245],[111.86669,-7.129165],[111.86617,-7.128785],[111.865805,-7.128385],[111.86559,-7.12801],[111.86528,-7.1271],[111.865145,-7.126555],[111.8651,-7.12594],[111.865285,-7.125475],[111.865195,-7.12502],[111.864805,-7.1244],[111.86477,-7.124245],[111.86452,-7.124105],[111.86421,-7.124335],[111.864175,-7.12456],[111.86422,-7.125145],[111.86421,-7.12577],[111.864135,-7.125985],[111.86386,-7.126375],[111.863835,-7.126775],[111.863755,-7.126865],[111.863725,-7.127505],[111.863495,-7.128245],[111.86318,-7.12877],[111.86248,-7.12952],[111.862225,-7.129685],[111.861985,-7.129705],[111.86155,-7.129435],[111.86144,-7.129145],[111.86139,-7.128785],[111.861365,-7.128255],[111.86118,-7.127585],[111.860995,-7.12743],[111.86082,-7.127165],[111.86037,-7.126865],[111.860025,-7.126575],[111.859705,-7.12582],[111.85968,-7.12561],[111.85974,-7.12538],[111.860135,-7.12495],[111.860305,-7.124615],[111.860375,-7.12432],[111.86032,-7.124085],[111.860155,-7.12388],[111.859955,-7.123755],[111.8595,-7.12361],[111.85886,-7.123365],[111.85857,-7.123385],[111.858235,-7.12347],[111.85801,-7.123625],[111.85762,-7.12415],[111.85752,-7.12443],[111.857475,-7.12482],[111.857515,-7.125295],[111.85742,-7.12553],[111.85727,-7.125725],[111.856915,-7.12594],[111.856655,-7.125915],[111.85647,-7.125815],[111.85621,-7.125555],[111.85605,-7.125315],[111.85591,-7.124895],[111.8558,-7.12428],[111.85562,-7.123655],[111.855435,-7.123155],[111.85495,-7.12228],[111.85487,-7.12195],[111.854735,-7.121755],[111.854705,-7.121455],[111.854735,-7.12122],[111.85483,-7.12098],[111.85506,-7.120675],[111.85534,-7.120195],[111.85547,-7.119525],[111.855425,-7.11883],[111.855475,-7.118495],[111.85569,-7.11815],[111.856245,-7.117665],[111.8563,-7.11753],[111.856335,-7.11689],[111.856605,-7.11584],[111.85668,-7.11545],[111.85657,-7.11512],[111.85634,-7.115025],[111.855915,-7.115205],[111.855535,-7.115265],[111.85547,-7.11512],[111.855255,-7.11491],[111.854975,-7.115],[111.85442,-7.11507],[111.853915,-7.115205],[111.853415,-7.114895],[111.852865,-7.114395],[111.852065,-7.11402],[111.850875,-7.11345],[111.849305,-7.112595],[111.84737,-7.111335],[111.844595,-7.1095],[111.843595,-7.10888],[111.842265,-7.10769],[111.84055,-7.106455],[111.83936,-7.10574],[111.83817,-7.10474],[111.837075,-7.10441],[111.83622,-7.10417],[111.834745,-7.104125],[111.83397,-7.104145],[111.83278,-7.10391],[111.83186,-7.10367],[111.830165,-7.10263],[111.82918,-7.10242],[111.82832,-7.102095],[111.827605,-7.101855],[111.826445,-7.10156],[111.825585,-7.10117],[111.824245,-7.10043],[111.82356,-7.099865],[111.822785,-7.098675],[111.821985,-7.09689],[111.8214,-7.095655],[111.82104,-7.09476],[111.820735,-7.093885],[111.82043,-7.093235],[111.819895,-7.09196],[111.81961,-7.0912],[111.81944,-7.09034],[111.819115,-7.089695],[111.818965,-7.089275],[111.81885,-7.088665],[111.818545,-7.088095],[111.818105,-7.08785],[111.817725,-7.087695],[111.817175,-7.08743],[111.816545,-7.087165],[111.815995,-7.08701],[111.814985,-7.08667],[111.814015,-7.08629],[111.813215,-7.08604],[111.81207,-7.08589],[111.81137,-7.08562],[111.81078,-7.08549],[111.8103,-7.085335],[111.809675,-7.085185],[111.80914,-7.08503],[111.80842,-7.084915],[111.807825,-7.084805],[111.80754,-7.08469],[111.806865,-7.084555],[111.80597,-7.08432],[111.805725,-7.0843],[111.80522,-7.084185],[111.80474,-7.08415],[111.80412,-7.084065],[111.803285,-7.083925],[111.80262,-7.08386],[111.802385,-7.083795],[111.801835,-7.08371],[111.80149,-7.083865],[111.801025,-7.08416],[111.800695,-7.08434],[111.79967,-7.08497],[111.79924,-7.085315],[111.798575,-7.085885],[111.798015,-7.086195],[111.797365,-7.086205],[111.79709,-7.086185],[111.796825,-7.08611],[111.796555,-7.08592],[111.79615,-7.08547],[111.7959,-7.08511],[111.79559,-7.08459],[111.79535,-7.084125],[111.795055,-7.08377],[111.794685,-7.08327],[111.794425,-7.08303],[111.79415,-7.08272],[111.79383,-7.08247],[111.793325,-7.081975],[111.79268,-7.081925],[111.79218,-7.082045],[111.791825,-7.082165],[111.79135,-7.082405],[111.790395,-7.082785],[111.79004,-7.08295],[111.78973,-7.083],[111.789065,-7.08321],[111.78878,-7.08333],[111.78854,-7.083495],[111.78821,-7.08345],[111.787805,-7.08333],[111.78742,-7.082805],[111.78711,-7.082855],[111.78653,-7.083135],[111.78647,-7.08344],[111.78629,-7.08383],[111.78623,-7.08419],[111.78629,-7.08456],[111.78668,-7.08579],[111.78664,-7.087],[111.78649,-7.08734],[111.7862,-7.08783],[111.78553,-7.0888],[111.7854,-7.08926],[111.78524,-7.08968],[111.78469,-7.09081],[111.78409,-7.09227],[111.78388,-7.09266],[111.78361,-7.09307],[111.78337,-7.09355],[111.78288,-7.09404],[111.78282,-7.09417],[111.78257,-7.09495],[111.78158,-7.09549],[111.78141,-7.09565],[111.78109,-7.09603],[111.78067,-7.09669],[111.78007,-7.09744],[111.77975,-7.09771],[111.77903,-7.09826],[111.77782,-7.09924],[111.77698,-7.10178],[111.77687,-7.10393],[111.776785,-7.10455],[111.776965,-7.105105],[111.776915,-7.10526],[111.776585,-7.10525],[111.77522,-7.10491],[111.77491,-7.10543],[111.77609,-7.10567],[111.77696,-7.10593],[111.77805,-7.10638],[111.78147,-7.10769],[111.78293,-7.10823],[111.78939,-7.11083],[111.79073,-7.11141],[111.79243,-7.11224],[111.79392,-7.11289],[111.79527,-7.11361],[111.79645,-7.11434],[111.79793,-7.11532],[111.79921,-7.1161],[111.80048,-7.11704],[111.80203,-7.1184],[111.80342,-7.11991],[111.80402,-7.12072],[111.80457,-7.12154],[111.80501,-7.12249],[111.80518,-7.12301],[111.80527,-7.12359],[111.80555,-7.12446],[111.80604,-7.12557],[111.80692,-7.12753],[111.80735,-7.1282],[111.80779,-7.12871],[111.80833,-7.12925],[111.80893,-7.1296],[111.80972,-7.12998],[111.8105,-7.1304],[111.8123,-7.13087],[111.81357,-7.13106],[111.81521,-7.13104],[111.81569,-7.131],[111.81639,-7.13091],[111.81746,-7.13066],[111.81871,-7.13042],[111.82004,-7.13008],[111.82145,-7.12964],[111.8226,-7.12906],[111.82334,-7.12851],[111.82393,-7.12781],[111.82456,-7.12704],[111.825,-7.12623],[111.82519,-7.12573],[111.82537,-7.12435],[111.82537,-7.12328],[111.82527,-7.12254],[111.82505,-7.12149],[111.82465,-7.12061],[111.82409,-7.11961],[111.82335,-7.1188],[111.8223,-7.11775],[111.82163,-7.11714],[111.82075,-7.11649],[111.820375,-7.116245],[111.821185,-7.11506],[111.8216,-7.114575],[111.821685,-7.114305],[111.821525,-7.114255],[111.82172,-7.11374],[111.82235,-7.11251],[111.82288,-7.11276],[111.8242,-7.11354],[111.82945,-7.11644],[111.83031,-7.11696],[111.83124,-7.11759],[111.83222,-7.11837],[111.83308,-7.11915],[111.83357,-7.11984],[111.83399,-7.12052],[111.83414,-7.12121],[111.83402,-7.12196],[111.83382,-7.12287],[111.83353,-7.12355],[111.83309,-7.12429],[111.83274,-7.125],[111.83212,-7.12579],[111.83162,-7.1264],[111.83104,-7.12735],[111.8305,-7.12816],[111.83007,-7.12908],[111.82971,-7.12962],[111.82905,-7.130535],[111.828865,-7.13112],[111.828695,-7.13222],[111.828655,-7.133715],[111.8288,-7.13476],[111.8291,-7.13554],[111.82957,-7.13648],[111.83031,-7.13774],[111.83098,-7.138685],[111.831655,-7.138015],[111.83224,-7.137795],[111.83302,-7.140895],[111.83403,-7.14204],[111.83479,-7.14276],[111.8358,-7.143445],[111.836715,-7.144315],[111.838395,-7.14564],[111.83873,-7.14614],[111.83892,-7.14607],[111.83957,-7.14719],[111.83993,-7.14802],[111.84052,-7.14956],[111.84065,-7.15024],[111.84088,-7.15111],[111.84106,-7.1519],[111.84129,-7.15264],[111.84156,-7.15322],[111.84192,-7.15376],[111.84232,-7.15414],[111.84268,-7.154315],[111.84301,-7.15447],[111.844355,-7.15503],[111.845085,-7.15522],[111.84581,-7.155195],[111.84674,-7.155035],[111.84746,-7.154745],[111.84928,-7.15375],[111.85035,-7.153175],[111.851055,-7.15246],[111.85163,-7.15172],[111.852275,-7.15055],[111.85276,-7.1495],[111.853015,-7.148455],[111.853275,-7.146765],[111.853485,-7.145845],[111.853645,-7.144845],[111.85371,-7.143475],[111.85388,-7.141975],[111.854105,-7.14095],[111.85429,-7.14038],[111.85448,-7.140015],[111.854845,-7.13971],[111.855345,-7.13955],[111.855615,-7.139485],[111.855945,-7.13949],[111.856575,-7.139645],[111.85702,-7.1399],[111.857175,-7.14003],[111.857485,-7.14052],[111.85773,-7.14096],[111.85786,-7.14136],[111.857965,-7.14206],[111.85802,-7.14302],[111.858065,-7.144135],[111.85819,-7.146185],[111.858515,-7.149135],[111.85866,-7.15098],[111.85875,-7.15571],[111.85845,-7.15882],[111.85828,-7.159615],[111.85791,-7.16112],[111.85783,-7.16185],[111.857815,-7.162455],[111.857875,-7.163155],[111.85801,-7.16364],[111.858315,-7.1643],[111.85827,-7.16432],[111.858645,-7.164835],[111.859025,-7.1651],[111.85947,-7.16522],[111.860225,-7.165205],[111.860615,-7.165115],[111.86256,-7.16488],[111.863415,-7.164655],[111.86453,-7.16417],[111.86692,-7.162895],[111.8679,-7.162055],[111.86863,-7.16129],[111.869165,-7.160615],[111.86982,-7.159335],[111.87023,-7.158365],[111.87049,-7.1573],[111.870655,-7.15635],[111.870805,-7.15396],[111.87077,-7.152655],[111.87055,-7.15119],[111.87051,-7.15119],[111.87022,-7.14951],[111.87009,-7.14889],[111.869915,-7.14793],[111.86929,-7.145655],[111.869065,-7.14512],[111.86862,-7.144285],[111.8682,-7.143315],[111.867705,-7.14242],[111.86701,-7.141645],[111.866215,-7.140495],[111.86582,-7.139695],[111.865445,-7.138785],[111.8653,-7.13688],[111.86549,-7.136045],[111.86621,-7.135205],[111.86731,-7.134485],[111.868865,-7.134265],[111.86985,-7.134385],[111.87107,-7.134715],[111.87292,-7.135525],[111.87449,-7.13634],[111.875425,-7.13687],[111.876,-7.137485],[111.87669,-7.13819],[111.87708,-7.138835],[111.8777,-7.13994],[111.87858,-7.141645],[111.879,-7.142595],[111.87923,-7.14338],[111.87968,-7.14473],[111.88005,-7.145425],[111.88031,-7.14573],[111.880555,-7.145855],[111.88089,-7.145935],[111.88128,-7.14597],[111.881805,-7.145935],[111.88278,-7.145725],[111.883305,-7.14557],[111.88419,-7.145245],[111.884795,-7.144985],[111.885715,-7.144465],[111.88661,-7.143825],[111.887615,-7.143085],[111.888165,-7.142435],[111.88888,-7.141455],[111.88943,-7.140305],[111.889885,-7.139225],[111.890625,-7.137645],[111.89117,-7.13666],[111.8917,-7.13623],[111.89255,-7.13588],[111.893605,-7.13604],[111.89921,-7.13633]]]}}]}